$ lake env lean --stdin
CoreReader.Adopted.AssessmentTask : Type → Type 1
@CoreReader.Adopted.taskOfFacet : {W : Type} → CoreReader.Evidence.Facet W → CoreReader.Adopted.AssessmentTask W
@CoreReader.Adopted.NatureAppropriate : {W : Type} →
  CoreReader.Adopted.AssessmentTask W → CoreReader.Evidence.Facet W → Prop
@CoreReader.Adopted.taskOfFacetAppropriate : ∀ {W : Type} (f : CoreReader.Evidence.Facet W),
  @CoreReader.Adopted.NatureAppropriate W (@CoreReader.Adopted.taskOfFacet W f) f
@CoreReader.Adopted.Grounds012 : {W : Type} →
  CoreReader.Logic.Claim W →
    (CoreReader.Evidence.Facet W → CoreReader.Evidence.Articulation W) →
      List.{1} (CoreReader.Evidence.Facet W) → CoreReader.Adopted.AssessmentTask W → Prop
@CoreReader.Adopted.grounds012Singleton : ∀ {W : Type} (f : CoreReader.Evidence.Facet W),
  @CoreReader.Evidence.FacetDischarged W f →
    @CoreReader.Adopted.Grounds012 W (@CoreReader.Evidence.Facet.claim W f)
      (@CoreReader.Evidence.canonicalArticulation W)
      (@List.cons.{1} (CoreReader.Evidence.Facet W) f (@List.nil.{1} (CoreReader.Evidence.Facet W)))
      (@CoreReader.Adopted.taskOfFacet W f)
CoreReader.Adopted.generationSpecification : CoreReader.Agency.Policy → Prop
@CoreReader.Adopted.consistencySpecification : {W Q : Type} →
  CoreReader.Logic.Snapshot W Q → CoreReader.Logic.Snapshot W Q → Bool → Prop
CoreReader.Adopted.ReflexiveRule : Type → Type → Type → Type
@CoreReader.Adopted.reflexivitySpecification : {T I O : Type} →
  List.{0} (CoreReader.Adopted.ReflexiveRule T I O) →
    (T → Prop) → (CoreReader.Agency.PrincipleKey → T → I → O → Prop) → Prop
CoreReader.Adopted.legacyRule : CoreReader.Agency.Principle →
  CoreReader.Adopted.ReflexiveRule CoreReader.Agency.Subject CoreReader.Agency.Inquiry CoreReader.Agency.WorkOutcome
CoreReader.Adopted.legacyPerformed : List.{0} CoreReader.Agency.Principle →
  List.{0} CoreReader.Agency.WorkRecord →
    CoreReader.Agency.PrincipleKey →
      CoreReader.Agency.Subject → CoreReader.Agency.Inquiry → CoreReader.Agency.WorkOutcome → Prop
CoreReader.Adopted.legacyReflexivity : ∀ (owner : Nat) (rules : List.{0} CoreReader.Agency.Principle)
  (records : List.{0} CoreReader.Agency.WorkRecord),
  CoreReader.Agency.Reflexive owner rules records →
    @CoreReader.Adopted.reflexivitySpecification CoreReader.Agency.Subject CoreReader.Agency.Inquiry
      CoreReader.Agency.WorkOutcome
      (@List.map.{0, 0} CoreReader.Agency.Principle
        (CoreReader.Adopted.ReflexiveRule CoreReader.Agency.Subject CoreReader.Agency.Inquiry
          CoreReader.Agency.WorkOutcome)
        CoreReader.Adopted.legacyRule rules)
      (fun s => @Eq.{1} Nat s.owner owner) (CoreReader.Adopted.legacyPerformed rules records)
@CoreReader.Adopted.empiricalSpecification : {W : Type} →
  List.{0} (CoreReader.Evidence.Record W) →
    CoreReader.Logic.Claim W → CoreReader.Logic.Claim W → CoreReader.Logic.Claim W → Prop
@CoreReader.Adopted.inferentialSpecification : {W : Type} → CoreReader.Logic.Theory W → CoreReader.Logic.Claim W → Prop
@CoreReader.Adopted.valueSpecification : {W : Type} → CoreReader.Evidence.ValuePosition W → Prop
CoreReader.Adopted.AssessmentMethod : Type
CoreReader.Adopted.ScopeAccount : Type → Type
@CoreReader.Adopted.scopeSpecification : {W : Type} → CoreReader.Adopted.ScopeAccount W → Prop
CoreReader.Adopted.capabilitySpecification : CoreReader.Evidence.Process →
  CoreReader.Logic.Claim CoreReader.Evidence.Process → Prop
CoreReader.Adopted.choiceSpecification : CoreReader.Choice.Requirements →
  CoreReader.Choice.Implementation → List.{0} CoreReader.Choice.Reason → Prop
CoreReader.Adopted.collaborativeRevision : CoreReader.Agency.ExternalResources → CoreReader.Agency.State
CoreReader.Adopted.collaborativeProgress : And (CoreReader.Adopted.generationSpecification CoreReader.Agency.openPolicy)
  (And
    (CoreReader.Agency.Expanded CoreReader.Agency.baseState
      (CoreReader.Adopted.collaborativeRevision CoreReader.Agency.availableResources))
    (And
      (Not
        (CoreReader.Agency.Expanded CoreReader.Agency.baseState
          (CoreReader.Adopted.collaborativeRevision
            (have __src := CoreReader.Agency.availableResources;
            { experience := __src.experience, knowledge := __src.knowledge, collaborator := @Option.none.{0} Nat }))))
      (@Eq.{1} (Option.{0} Nat)
        (CoreReader.Agency.assistedExecution
          { experience := @Option.none.{0} Nat, knowledge := @Option.none.{0} Nat,
            collaborator := @Option.none.{0} Nat })
        (@Option.none.{0} Nat))))
@CoreReader.Adopted.consistencyConsequences : ∀ {W Q : Type} (t : CoreReader.Logic.Theory W)
  (c : CoreReader.Logic.Context W Q) (q : Q),
  @CoreReader.Logic.Consequence W Q t c q Bool.true →
    @CoreReader.Logic.Consequence W Q t c q Bool.false → Not (@CoreReader.Logic.Consistent W Q t c)
CoreReader.Adopted.broadBoolContext : CoreReader.Logic.Context Bool Unit
CoreReader.Adopted.sliceConsistency : And
  (∀ (time : Nat),
    @CoreReader.Logic.Consistent Bool Unit (CoreReader.Logic.revisionSlice time) CoreReader.Adopted.broadBoolContext)
  (Not
    (@CoreReader.Logic.Consistent Bool Unit
      (@CoreReader.Logic.union Bool
        (CoreReader.Logic.revisionSlice (@OfNat.ofNat.{0} Nat (nat_lit 0) (instOfNatNat (nat_lit 0))))
        (CoreReader.Logic.revisionSlice (@OfNat.ofNat.{0} Nat (nat_lit 1) (instOfNatNat (nat_lit 1)))))
      CoreReader.Adopted.broadBoolContext))
CoreReader.Adopted.explicitlyConsistentLimits : And
  (@CoreReader.Logic.Consistent Bool Unit (@CoreReader.Logic.singleton Bool fun w => @Eq.{1} Bool w Bool.true)
    CoreReader.Adopted.broadBoolContext)
  (And
    (Not
      (@CoreReader.Logic.Models Bool (@CoreReader.Logic.singleton Bool fun w => @Eq.{1} Bool w Bool.true) Bool.false))
    (And
      (@CoreReader.Logic.Consistent Bool Unit (@CoreReader.Logic.emptyTheory Bool) CoreReader.Adopted.broadBoolContext)
      (Not (@CoreReader.Logic.Entails Bool (@CoreReader.Logic.emptyTheory Bool) fun w => @Eq.{1} Bool w Bool.true))))
CoreReader.Adopted.localFacet012 : CoreReader.Evidence.Facet (Nat → Bool)
CoreReader.Adopted.globalFacet012 : CoreReader.Evidence.Facet (Nat → Bool)
CoreReader.Adopted.strongFacet012 : CoreReader.Evidence.Facet (Nat → Bool)
CoreReader.Adopted.localFacetChecked012 : @CoreReader.Evidence.FacetDischarged (Nat → Bool)
  CoreReader.Adopted.localFacet012
CoreReader.Adopted.scopeStrength012 : And
  (@CoreReader.Adopted.Grounds012 (Nat → Bool)
    (@CoreReader.Evidence.Facet.claim (Nat → Bool) CoreReader.Adopted.localFacet012)
    (@CoreReader.Evidence.canonicalArticulation (Nat → Bool))
    (@List.cons.{1} (CoreReader.Evidence.Facet (Nat → Bool)) CoreReader.Adopted.localFacet012
      (@List.nil.{1} (CoreReader.Evidence.Facet (Nat → Bool))))
    (@CoreReader.Adopted.taskOfFacet (Nat → Bool) CoreReader.Adopted.localFacet012))
  (And
    (@CoreReader.Evidence.Articulated (Nat → Bool)
      (@CoreReader.Evidence.canonicalArticulation (Nat → Bool) CoreReader.Adopted.globalFacet012))
    (And
      (Not
        (@CoreReader.Adopted.Grounds012 (Nat → Bool)
          (@CoreReader.Evidence.Facet.claim (Nat → Bool) CoreReader.Adopted.globalFacet012)
          (@CoreReader.Evidence.canonicalArticulation (Nat → Bool))
          (@List.cons.{1} (CoreReader.Evidence.Facet (Nat → Bool)) CoreReader.Adopted.globalFacet012
            (@List.nil.{1} (CoreReader.Evidence.Facet (Nat → Bool))))
          (@CoreReader.Adopted.taskOfFacet (Nat → Bool) CoreReader.Adopted.globalFacet012)))
      (Not
        (@CoreReader.Adopted.Grounds012 (Nat → Bool)
          (@CoreReader.Evidence.Facet.claim (Nat → Bool) CoreReader.Adopted.strongFacet012)
          (@CoreReader.Evidence.canonicalArticulation (Nat → Bool))
          (@List.cons.{1} (CoreReader.Evidence.Facet (Nat → Bool)) CoreReader.Adopted.strongFacet012
            (@List.nil.{1} (CoreReader.Evidence.Facet (Nat → Bool))))
          (@CoreReader.Adopted.taskOfFacet (Nat → Bool) CoreReader.Adopted.strongFacet012)))))
CoreReader.Adopted.uncertainFacet012 : CoreReader.Evidence.Facet (Prod.{0, 0} Bool Bool)
CoreReader.Adopted.uncertainSupported012 : And
  (@CoreReader.Adopted.empiricalSpecification (Prod.{0, 0} Bool Bool)
    (@List.cons.{0} (CoreReader.Evidence.Record (Prod.{0, 0} Bool Bool)) CoreReader.Evidence.temperatureRecord
      (@List.cons.{0} (CoreReader.Evidence.Record (Prod.{0, 0} Bool Bool)) CoreReader.Evidence.temperatureRecord
        (@List.nil.{0} (CoreReader.Evidence.Record (Prod.{0, 0} Bool Bool)))))
    (fun x => True) (fun w => @Eq.{1} Bool (@Prod.fst.{0, 0} Bool Bool w) Bool.true) fun w =>
    Or (@Eq.{1} Bool (@Prod.snd.{0, 0} Bool Bool w) Bool.true) (@Eq.{1} Bool (@Prod.snd.{0, 0} Bool Bool w) Bool.false))
  (And
    (@CoreReader.Evidence.Compatible (Prod.{0, 0} Bool Bool)
      (@List.cons.{0} (CoreReader.Evidence.Record (Prod.{0, 0} Bool Bool)) CoreReader.Evidence.temperatureRecord
        (@List.cons.{0} (CoreReader.Evidence.Record (Prod.{0, 0} Bool Bool)) CoreReader.Evidence.temperatureRecord
          (@List.nil.{0} (CoreReader.Evidence.Record (Prod.{0, 0} Bool Bool)))))
      (@Prod.mk.{0, 0} Bool Bool Bool.true Bool.true))
    (@CoreReader.Evidence.Compatible (Prod.{0, 0} Bool Bool)
      (@List.cons.{0} (CoreReader.Evidence.Record (Prod.{0, 0} Bool Bool)) CoreReader.Evidence.temperatureRecord
        (@List.cons.{0} (CoreReader.Evidence.Record (Prod.{0, 0} Bool Bool)) CoreReader.Evidence.temperatureRecord
          (@List.nil.{0} (CoreReader.Evidence.Record (Prod.{0, 0} Bool Bool)))))
      (@Prod.mk.{0, 0} Bool Bool Bool.true Bool.false)))
@CoreReader.Adopted.InferenceExamined : {W : Type} → CoreReader.Logic.Theory W → CoreReader.Logic.Claim W → Bool → Prop
CoreReader.Adopted.inferenceChecked012 : And
  (@CoreReader.Adopted.inferentialSpecification Nat
    (@CoreReader.Logic.singleton Nat fun n =>
      @Eq.{1} Nat n (@OfNat.ofNat.{0} Nat (nat_lit 2) (instOfNatNat (nat_lit 2))))
    fun n =>
    @Eq.{1} Nat
      (@HAdd.hAdd.{0, 0, 0} Nat Nat Nat (@instHAdd.{0} Nat instAddNat) n
        (@OfNat.ofNat.{0} Nat (nat_lit 1) (instOfNatNat (nat_lit 1))))
      (@OfNat.ofNat.{0} Nat (nat_lit 3) (instOfNatNat (nat_lit 3))))
  (And
    (@CoreReader.Adopted.InferenceExamined Bool (@CoreReader.Logic.emptyTheory Bool) (fun w => @Eq.{1} Bool w Bool.true)
      Bool.false)
    (And (@CoreReader.Logic.Models Bool (@CoreReader.Logic.emptyTheory Bool) Bool.false)
      (Not ((fun w => @Eq.{1} Bool w Bool.true) Bool.false))))
CoreReader.Adopted.closedPosition012 : CoreReader.Evidence.ValuePosition Bool
CoreReader.Adopted.closedCriticism012 : Not
  (@CoreReader.Evidence.ValueProcedure Bool CoreReader.Adopted.closedPosition012)
CoreReader.Adopted.valueFulfilled012 : @CoreReader.Adopted.valueSpecification Bool CoreReader.Evidence.switchPosition
@CoreReader.Adopted.ClaimNoStronger : {W : Type} → CoreReader.Logic.Claim W → CoreReader.Logic.Claim W → Prop
CoreReader.Adopted.qualitativeProportionality012 : And
  (@CoreReader.Adopted.ClaimNoStronger (Nat → Bool)
    (fun f => @Eq.{1} Bool (f (@OfNat.ofNat.{0} Nat (nat_lit 0) (instOfNatNat (nat_lit 0)))) Bool.true)
    CoreReader.Evidence.allTrue)
  (And
    (Not
      (@CoreReader.Adopted.ClaimNoStronger (Nat → Bool) CoreReader.Evidence.allTrue fun f =>
        @Eq.{1} Bool (f (@OfNat.ofNat.{0} Nat (nat_lit 0) (instOfNatNat (nat_lit 0)))) Bool.true))
    (@CoreReader.Adopted.valueSpecification Bool CoreReader.Evidence.switchPosition))
CoreReader.Adopted.scopeRole012 : CoreReader.Adopted.AssessmentMethod → String
CoreReader.Adopted.scopeRoleContent012 : CoreReader.Adopted.AssessmentMethod → Prop
CoreReader.Adopted.localScopeAccount012 : CoreReader.Adopted.ScopeAccount Nat
CoreReader.Adopted.scopeFulfilled012 : @CoreReader.Adopted.scopeSpecification Nat
  CoreReader.Adopted.localScopeAccount012
CoreReader.Adopted.capabilityFulfilled012 : And
  (CoreReader.Adopted.capabilitySpecification CoreReader.Evidence.outputOnlyProcess CoreReader.Evidence.OutputContract)
  (And
    (CoreReader.Adopted.capabilitySpecification CoreReader.Evidence.explainedProcess
      CoreReader.Evidence.FullProcessContract)
    (And
      (@Exists.{1} (CoreReader.Evidence.ExternalCertificate CoreReader.Evidence.outputOnlyProcess) fun certificate =>
        And
          (@Ne.{1} Nat
            (@CoreReader.Evidence.ExternalCertificate.assessorId CoreReader.Evidence.outputOnlyProcess certificate)
            (@CoreReader.Evidence.ExternalCertificate.assessedId CoreReader.Evidence.outputOnlyProcess certificate))
          (CoreReader.Evidence.OutputContract CoreReader.Evidence.outputOnlyProcess))
      (Not (CoreReader.Evidence.ExplanationContract CoreReader.Evidence.outputOnlyProcess))))
CoreReader.Adopted.MechanismApplication012 : Type
CoreReader.Adopted.mechanism012 : Nat → Nat → Nat
CoreReader.Adopted.UnderstandingApplication012 : CoreReader.Adopted.MechanismApplication012 → Prop
CoreReader.Adopted.explainedWithoutVariation012 : CoreReader.Adopted.MechanismApplication012
CoreReader.Adopted.mechanismResponder012 : CoreReader.Adopted.MechanismApplication012
CoreReader.Adopted.understandingScope012 : CoreReader.Adopted.MechanismApplication012 →
  CoreReader.Logic.Theory CoreReader.Adopted.MechanismApplication012
CoreReader.Adopted.understandingTask012 : CoreReader.Adopted.MechanismApplication012 →
  CoreReader.Adopted.AssessmentTask CoreReader.Adopted.MechanismApplication012
CoreReader.Adopted.understandingFacet012 : CoreReader.Adopted.MechanismApplication012 →
  CoreReader.Evidence.Facet CoreReader.Adopted.MechanismApplication012
CoreReader.Adopted.mechanismResponderUnderstands012 : CoreReader.Adopted.UnderstandingApplication012
  CoreReader.Adopted.mechanismResponder012
CoreReader.Adopted.explainedWithoutVariationFails012 : Not
  (CoreReader.Adopted.UnderstandingApplication012 CoreReader.Adopted.explainedWithoutVariation012)
CoreReader.Adopted.understandingApplicationCases012 : And
  (@Eq.{1} CoreReader.Evidence.Process CoreReader.Adopted.explainedWithoutVariation012.process
    CoreReader.Adopted.mechanismResponder012.process)
  (And (CoreReader.Evidence.FullProcessContract CoreReader.Adopted.explainedWithoutVariation012.process)
    (And (Not (CoreReader.Adopted.UnderstandingApplication012 CoreReader.Adopted.explainedWithoutVariation012))
      (And (CoreReader.Adopted.UnderstandingApplication012 CoreReader.Adopted.mechanismResponder012)
        (And
          (@CoreReader.Adopted.Grounds012 CoreReader.Adopted.MechanismApplication012
            CoreReader.Adopted.UnderstandingApplication012
            (@CoreReader.Evidence.canonicalArticulation CoreReader.Adopted.MechanismApplication012)
            (@List.cons.{1} (CoreReader.Evidence.Facet CoreReader.Adopted.MechanismApplication012)
              (CoreReader.Adopted.understandingFacet012 CoreReader.Adopted.mechanismResponder012)
              (@List.nil.{1} (CoreReader.Evidence.Facet CoreReader.Adopted.MechanismApplication012)))
            (CoreReader.Adopted.understandingTask012 CoreReader.Adopted.mechanismResponder012))
          (Not
            (@CoreReader.Adopted.Grounds012 CoreReader.Adopted.MechanismApplication012
              CoreReader.Adopted.UnderstandingApplication012
              (@CoreReader.Evidence.canonicalArticulation CoreReader.Adopted.MechanismApplication012)
              (@List.cons.{1} (CoreReader.Evidence.Facet CoreReader.Adopted.MechanismApplication012)
                (CoreReader.Adopted.understandingFacet012 CoreReader.Adopted.explainedWithoutVariation012)
                (@List.nil.{1} (CoreReader.Evidence.Facet CoreReader.Adopted.MechanismApplication012)))
              (CoreReader.Adopted.understandingTask012 CoreReader.Adopted.explainedWithoutVariation012)))))))
CoreReader.Adopted.OwnCapability012 : Nat →
  Nat → CoreReader.Evidence.Process → CoreReader.Logic.Claim CoreReader.Evidence.Process → Prop
CoreReader.Adopted.ownCapability012 : CoreReader.Adopted.OwnCapability012
  (@OfNat.ofNat.{0} Nat (nat_lit 7) (instOfNatNat (nat_lit 7)))
  (@OfNat.ofNat.{0} Nat (nat_lit 7) (instOfNatNat (nat_lit 7))) CoreReader.Evidence.outputOnlyProcess
  CoreReader.Evidence.OutputContract
CoreReader.Adopted.CompleteCharter012 : CoreReader.Integration.System → CoreReader.Integration.World → Prop
CoreReader.Adopted.completeCharter012 : CoreReader.Adopted.CompleteCharter012 CoreReader.Integration.actualSystem
  CoreReader.Integration.actual
CoreReader.Adopted.charterWithoutGrounds012 : And
  (CoreReader.Adopted.CompleteCharter012 CoreReader.Integration.actualSystem CoreReader.Integration.actual)
  (And
    (@CoreReader.Logic.Admissible CoreReader.Integration.World CoreReader.Integration.Question
      CoreReader.Integration.held CoreReader.Integration.context CoreReader.Integration.actual)
    (And
      (@CoreReader.Evidence.Compatible CoreReader.Integration.World
        (@List.cons.{0} (CoreReader.Evidence.Record CoreReader.Integration.World)
          CoreReader.Integration.costAllowanceRecord
          (@List.nil.{0} (CoreReader.Evidence.Record CoreReader.Integration.World)))
        CoreReader.Integration.actual)
      (And
        (@CoreReader.Evidence.Articulated CoreReader.Integration.World
          (@CoreReader.Evidence.canonicalArticulation CoreReader.Integration.World
            CoreReader.Integration.unsupportedCapabilityFacet))
        (And
          (Not
            (@CoreReader.Evidence.Supports CoreReader.Integration.World
              (@List.cons.{0} (CoreReader.Evidence.Record CoreReader.Integration.World)
                CoreReader.Integration.costAllowanceRecord
                (@List.nil.{0} (CoreReader.Evidence.Record CoreReader.Integration.World)))
              CoreReader.Integration.capability))
          (Not
            (@CoreReader.Adopted.Grounds012 CoreReader.Integration.World CoreReader.Integration.capability
              (@CoreReader.Evidence.canonicalArticulation CoreReader.Integration.World)
              (@List.cons.{1} (CoreReader.Evidence.Facet CoreReader.Integration.World)
                CoreReader.Integration.unsupportedCapabilityFacet
                (@List.nil.{1} (CoreReader.Evidence.Facet CoreReader.Integration.World)))
              (@CoreReader.Adopted.taskOfFacet CoreReader.Integration.World
                CoreReader.Integration.unsupportedCapabilityFacet)))))))
@CoreReader.Adopted.groundsPermission012 : {W : Type} →
  Bool →
    CoreReader.Logic.Claim W →
      (CoreReader.Evidence.Facet W → CoreReader.Evidence.Articulation W) →
        List.{1} (CoreReader.Evidence.Facet W) → CoreReader.Adopted.AssessmentTask W → Prop
CoreReader.Adopted.GroundsProvision012 : Bool → Prop
CoreReader.Adopted.groundsProvision012Meaning : ∀ (enabled : Bool),
  Iff (CoreReader.Adopted.GroundsProvision012 enabled) (@Eq.{1} Bool enabled Bool.true)
CoreReader.Adopted.groundsExperimentTask012 : CoreReader.Adopted.AssessmentTask (Nat → Bool)
CoreReader.Adopted.groundsExperiment012 : Bool → Bool
CoreReader.Adopted.groundsPosition012 : CoreReader.Evidence.ValuePosition Bool
CoreReader.Adopted.groundsPosition012Checked : @CoreReader.Evidence.ValueProcedure Bool
  CoreReader.Adopted.groundsPosition012
CoreReader.Adopted.groundsRationaleExperiment012 : And
  (@CoreReader.Evidence.Compatible (Nat → Bool)
    (@List.cons.{0} (CoreReader.Evidence.Record (Nat → Bool)) CoreReader.Evidence.zeroRecord
      (@List.nil.{0} (CoreReader.Evidence.Record (Nat → Bool))))
    (CoreReader.Evidence.localGenerator (@OfNat.ofNat.{0} Nat (nat_lit 0) (instOfNatNat (nat_lit 0)))))
  (And
    (Not
      (CoreReader.Evidence.allTrue
        (CoreReader.Evidence.localGenerator (@OfNat.ofNat.{0} Nat (nat_lit 0) (instOfNatNat (nat_lit 0))))))
    (And (@Eq.{1} Bool (CoreReader.Adopted.groundsExperiment012 Bool.true) Bool.false)
      (And (@Eq.{1} Bool (CoreReader.Adopted.groundsExperiment012 Bool.false) Bool.true)
        (And
          (@Eq.{1} (@CoreReader.Evidence.ValuePosition.Outcome Bool CoreReader.Adopted.groundsPosition012)
            (@CoreReader.Evidence.ValuePosition.outcome Bool CoreReader.Adopted.groundsPosition012 Bool.true Bool.true)
            (CoreReader.Adopted.groundsExperiment012 Bool.true))
          (@Eq.{1} (@CoreReader.Evidence.ValuePosition.Outcome Bool CoreReader.Adopted.groundsPosition012)
            (@CoreReader.Evidence.ValuePosition.outcome Bool CoreReader.Adopted.groundsPosition012 Bool.true Bool.false)
            (CoreReader.Adopted.groundsExperiment012 Bool.false))))))
CoreReader.Adopted.groundsOnGrounds012 : And
  (@CoreReader.Adopted.Grounds012 Bool (fun enabled => CoreReader.Adopted.GroundsProvision012 enabled)
    (@CoreReader.Evidence.canonicalArticulation Bool)
    (@List.cons.{1} (CoreReader.Evidence.Facet Bool)
      (@CoreReader.Evidence.Facet.value Bool CoreReader.Adopted.groundsPosition012)
      (@List.nil.{1} (CoreReader.Evidence.Facet Bool)))
    (@CoreReader.Adopted.AssessmentTask.value Bool CoreReader.Adopted.groundsPosition012))
  (And (@CoreReader.Evidence.ValuePosition.limits Bool CoreReader.Adopted.groundsPosition012 Bool.true)
    (@CoreReader.Evidence.ValuePosition.relevantCriticism Bool CoreReader.Adopted.groundsPosition012 Bool.true))
CoreReader.Adopted.reflexiveTargets012 : And
  (@CoreReader.Adopted.reflexivitySpecification CoreReader.Agency.Subject CoreReader.Agency.Inquiry
    CoreReader.Agency.WorkOutcome
    (@List.map.{0, 0} CoreReader.Agency.Principle
      (CoreReader.Adopted.ReflexiveRule CoreReader.Agency.Subject CoreReader.Agency.Inquiry
        CoreReader.Agency.WorkOutcome)
      CoreReader.Adopted.legacyRule
      (CoreReader.Agency.ownRules (@OfNat.ofNat.{0} Nat (nat_lit 0) (instOfNatNat (nat_lit 0)))))
    (fun s => @Eq.{1} Nat s.owner (@OfNat.ofNat.{0} Nat (nat_lit 0) (instOfNatNat (nat_lit 0))))
    (CoreReader.Adopted.legacyPerformed
      (CoreReader.Agency.ownRules (@OfNat.ofNat.{0} Nat (nat_lit 0) (instOfNatNat (nat_lit 0))))
      (CoreReader.Agency.completeOwnWork (@OfNat.ofNat.{0} Nat (nat_lit 0) (instOfNatNat (nat_lit 0))))))
  (And
    (∀ (phase : CoreReader.Agency.Phase),
      CoreReader.Agency.Performed
        (CoreReader.Agency.completeOwnWork (@OfNat.ofNat.{0} Nat (nat_lit 0) (instOfNatNat (nat_lit 0))))
        (CoreReader.Agency.Subject.process (@OfNat.ofNat.{0} Nat (nat_lit 0) (instOfNatNat (nat_lit 0)))
          (@OfNat.ofNat.{0} Nat (nat_lit 0) (instOfNatNat (nat_lit 0))) phase)
        CoreReader.Agency.Activity.assessment)
    (And
      (CoreReader.Agency.Performed
        (CoreReader.Agency.completeOwnWork (@OfNat.ofNat.{0} Nat (nat_lit 0) (instOfNatNat (nat_lit 0))))
        (CoreReader.Agency.Subject.system (@OfNat.ofNat.{0} Nat (nat_lit 0) (instOfNatNat (nat_lit 0))))
        CoreReader.Agency.Activity.assessment)
      (And
        (@CoreReader.Adopted.reflexivitySpecification CoreReader.Agency.Subject CoreReader.Agency.Inquiry
          CoreReader.Agency.WorkOutcome
          (@List.map.{0, 0} CoreReader.Agency.Principle
            (CoreReader.Adopted.ReflexiveRule CoreReader.Agency.Subject CoreReader.Agency.Inquiry
              CoreReader.Agency.WorkOutcome)
            CoreReader.Adopted.legacyRule
            (@List.cons.{0} CoreReader.Agency.Principle CoreReader.Agency.applicationRule
              (@List.nil.{0} CoreReader.Agency.Principle)))
          (fun s => @Eq.{1} Nat s.owner (@OfNat.ofNat.{0} Nat (nat_lit 0) (instOfNatNat (nat_lit 0))))
          (CoreReader.Adopted.legacyPerformed
            (@List.cons.{0} CoreReader.Agency.Principle CoreReader.Agency.applicationRule
              (@List.nil.{0} CoreReader.Agency.Principle))
            CoreReader.Agency.applicationWork))
        (Not
          (CoreReader.Agency.Performed CoreReader.Agency.applicationWork
            (CoreReader.Agency.Subject.system (@OfNat.ofNat.{0} Nat (nat_lit 0) (instOfNatNat (nat_lit 0))))
            CoreReader.Agency.Activity.assessment)))))
CoreReader.Adopted.achievementSupported012 : And
  (@CoreReader.Adopted.Grounds012 CoreReader.Agency.TransitionCase CoreReader.Evidence.transitionAchievement
    (@CoreReader.Evidence.canonicalArticulation CoreReader.Agency.TransitionCase)
    (@List.cons.{1} (CoreReader.Evidence.Facet CoreReader.Agency.TransitionCase) CoreReader.Evidence.transitionFacet
      (@List.nil.{1} (CoreReader.Evidence.Facet CoreReader.Agency.TransitionCase)))
    (@CoreReader.Adopted.taskOfFacet CoreReader.Agency.TransitionCase CoreReader.Evidence.transitionFacet))
  (And
    (@CoreReader.Evidence.Compatible CoreReader.Agency.TransitionCase
      (@List.cons.{0} (CoreReader.Evidence.Record CoreReader.Agency.TransitionCase)
        CoreReader.Evidence.transitionPerformanceRecord
        (@List.nil.{0} (CoreReader.Evidence.Record CoreReader.Agency.TransitionCase)))
      CoreReader.Agency.TransitionCase.extend)
    (And (CoreReader.Evidence.transitionAchievement CoreReader.Agency.TransitionCase.extend)
      (And (Not (CoreReader.Evidence.transitionAchievement CoreReader.Agency.TransitionCase.inflate))
        (Not
          (@CoreReader.Evidence.Supports CoreReader.Agency.TransitionCase
            (@List.cons.{0} (CoreReader.Evidence.Record CoreReader.Agency.TransitionCase)
              CoreReader.Evidence.transitionReportRecord
              (@List.nil.{0} (CoreReader.Evidence.Record CoreReader.Agency.TransitionCase)))
            CoreReader.Evidence.transitionAchievement)))))
CoreReader.Adopted.semanticOrder012 : ∀ (p q r : CoreReader.Logic.Claim Bool),
  Iff (@CoreReader.Logic.union Bool (@CoreReader.Logic.singleton Bool p) (@CoreReader.Logic.singleton Bool q) r)
    (@CoreReader.Logic.union Bool (@CoreReader.Logic.singleton Bool q) (@CoreReader.Logic.singleton Bool p) r)
CoreReader.Adopted.clearFalseArgument012 : CoreReader.Evidence.Articulation Bool
CoreReader.Adopted.clearFalseReason012 : And
  (@CoreReader.Evidence.Articulated Bool CoreReader.Adopted.clearFalseArgument012)
  (Not
    (@CoreReader.Logic.Models Bool
      (@CoreReader.Evidence.Articulation.assumptions Bool CoreReader.Adopted.clearFalseArgument012) Bool.false))
CoreReader.Adopted.valueNeutralRecord012 : CoreReader.Evidence.Record Bool
CoreReader.Adopted.valueNotFact012 : And
  (@CoreReader.Adopted.valueSpecification Bool CoreReader.Evidence.switchPosition)
  (And
    (@CoreReader.Evidence.Compatible Bool
      (@List.cons.{0} (CoreReader.Evidence.Record Bool) CoreReader.Adopted.valueNeutralRecord012
        (@List.nil.{0} (CoreReader.Evidence.Record Bool)))
      Bool.false)
    (And
      (Not
        (@CoreReader.Evidence.Supports Bool
          (@List.cons.{0} (CoreReader.Evidence.Record Bool) CoreReader.Adopted.valueNeutralRecord012
            (@List.nil.{0} (CoreReader.Evidence.Record Bool)))
          (@CoreReader.Evidence.ValuePosition.commitment Bool CoreReader.Evidence.switchPosition)))
      (Not
        (@CoreReader.Logic.Entails Bool (@CoreReader.Logic.emptyTheory Bool)
          (@CoreReader.Evidence.ValuePosition.commitment Bool CoreReader.Evidence.switchPosition)))))
CoreReader.Adopted.wrongExplanation012 : CoreReader.Choice.Implementation
CoreReader.Adopted.internalReasonDistinguishes012 : And
  (∀ (n : Nat), @Eq.{1} Nat (CoreReader.Choice.identityImpl.run n) (CoreReader.Adopted.wrongExplanation012.run n))
  (And (CoreReader.Choice.Feasible CoreReader.Choice.identityRequirements CoreReader.Choice.identityImpl)
    (And (CoreReader.Choice.Feasible CoreReader.Choice.identityRequirements CoreReader.Adopted.wrongExplanation012)
      (And
        (CoreReader.Choice.Relevant CoreReader.Choice.identityRequirements CoreReader.Choice.identityImpl
          (CoreReader.Choice.Reason.method CoreReader.Choice.MethodReason.explanation))
        (Not
          (CoreReader.Choice.Relevant CoreReader.Choice.identityRequirements CoreReader.Adopted.wrongExplanation012
            (CoreReader.Choice.Reason.method CoreReader.Choice.MethodReason.explanation))))))
CoreReader.Adopted.inventoryCases012 : ∀ (kind : CoreReader.Agency.InventoryKind),
  And
    (CoreReader.Agency.Available
      (@List.cons.{0} CoreReader.Agency.Item { kind := kind, content := CoreReader.Agency.Operation.copy }
        (@List.cons.{0} CoreReader.Agency.Item { kind := kind, content := CoreReader.Agency.Operation.copy }
          (@List.nil.{0} CoreReader.Agency.Item)))
      CoreReader.Agency.Operation.copy)
    (Not
      (CoreReader.Agency.Available
        (@List.cons.{0} CoreReader.Agency.Item { kind := kind, content := CoreReader.Agency.Operation.copy }
          (@List.cons.{0} CoreReader.Agency.Item { kind := kind, content := CoreReader.Agency.Operation.copy }
            (@List.nil.{0} CoreReader.Agency.Item)))
        CoreReader.Agency.Operation.successor))
CoreReader.Adopted.selfExemptRule012 : CoreReader.Adopted.ReflexiveRule Nat Nat Bool
CoreReader.Adopted.selfExemptPerformed012 : CoreReader.Agency.PrincipleKey → Nat → Nat → Bool → Prop
CoreReader.Adopted.openSelfExempt012 : And (CoreReader.Adopted.generationSpecification CoreReader.Agency.openPolicy)
  (And
    (CoreReader.Agency.openPolicy.revisable
      { kind := CoreReader.Agency.FormKind.principle,
        version := @OfNat.ofNat.{0} Nat (nat_lit 0) (instOfNatNat (nat_lit 0)) })
    (And
      (CoreReader.Adopted.selfExemptPerformed012
        { owner := @OfNat.ofNat.{0} Nat (nat_lit 0) (instOfNatNat (nat_lit 0)),
          localId := @OfNat.ofNat.{0} Nat (nat_lit 1) (instOfNatNat (nat_lit 1)) }
        (@OfNat.ofNat.{0} Nat (nat_lit 1) (instOfNatNat (nat_lit 1)))
        (@OfNat.ofNat.{0} Nat (nat_lit 1) (instOfNatNat (nat_lit 1))) Bool.true)
      (And
        (@CoreReader.Adopted.ReflexiveRule.applicable Nat Nat Bool CoreReader.Adopted.selfExemptRule012
          (@OfNat.ofNat.{0} Nat (nat_lit 0) (instOfNatNat (nat_lit 0))))
        (Not
          (@CoreReader.Adopted.reflexivitySpecification Nat Nat Bool
            (@List.cons.{0} (CoreReader.Adopted.ReflexiveRule Nat Nat Bool) CoreReader.Adopted.selfExemptRule012
              (@List.nil.{0} (CoreReader.Adopted.ReflexiveRule Nat Nat Bool)))
            (fun target => @Eq.{1} Nat target (@OfNat.ofNat.{0} Nat (nat_lit 0) (instOfNatNat (nat_lit 0))))
            CoreReader.Adopted.selfExemptPerformed012)))))
CoreReader.Adopted.ownPhilosophyStatus012 : And
  (Not
    (CoreReader.Adopted.choiceSpecification CoreReader.Integration.proposalRequirements
      (CoreReader.Integration.currentPhilosophy CoreReader.Integration.actualSystem
          CoreReader.Integration.actual).implementation
      (@List.cons.{0} CoreReader.Choice.Reason (CoreReader.Choice.Reason.status CoreReader.Choice.StatusKind.standing)
        (@List.nil.{0} CoreReader.Choice.Reason))))
  (CoreReader.Adopted.choiceSpecification CoreReader.Integration.proposalRequirements
    (CoreReader.Integration.currentPhilosophy CoreReader.Integration.actualSystem
        CoreReader.Integration.actual).implementation
    (@List.cons.{0} CoreReader.Choice.Reason (CoreReader.Choice.Reason.method CoreReader.Choice.MethodReason.output)
      (@List.nil.{0} CoreReader.Choice.Reason)))
CoreReader.Adopted.jointContext012 : CoreReader.Logic.Context (Prod.{0, 0} Bool Bool) Unit
CoreReader.Adopted.jointImplicationConflict012 : And
  (@CoreReader.Logic.Consequence (Prod.{0, 0} Bool Bool) Unit CoreReader.Logic.jointTheory
    CoreReader.Adopted.jointContext012 Unit.unit Bool.true)
  (And
    (@CoreReader.Logic.Consequence (Prod.{0, 0} Bool Bool) Unit CoreReader.Logic.jointTheory
      CoreReader.Adopted.jointContext012 Unit.unit Bool.false)
    (Not
      (@CoreReader.Logic.Consistent (Prod.{0, 0} Bool Bool) Unit CoreReader.Logic.jointTheory
        CoreReader.Adopted.jointContext012)))
CoreReader.Adopted.tensionContext012 : CoreReader.Logic.Context Nat Unit
CoreReader.Adopted.tensionConsistent012 : @CoreReader.Logic.Consistent Nat Unit
  (@CoreReader.Logic.union Nat
    (@CoreReader.Logic.singleton Nat fun n =>
      @LE.le.{0} Nat instLENat (@OfNat.ofNat.{0} Nat (nat_lit 4) (instOfNatNat (nat_lit 4))) n)
    (@CoreReader.Logic.singleton Nat fun n =>
      @LE.le.{0} Nat instLENat n (@OfNat.ofNat.{0} Nat (nat_lit 6) (instOfNatNat (nat_lit 6)))))
  CoreReader.Adopted.tensionContext012
CoreReader.Adopted.qualitativeUnmeasured012 : And
  (@CoreReader.Adopted.inferentialSpecification Bool
    (@CoreReader.Logic.singleton Bool fun on => @Eq.{1} Bool on Bool.true) fun on => @Ne.{1} Bool on Bool.false)
  (@Eq.{1} Bool
    (@CoreReader.Evidence.usesObservation Bool
      (@CoreReader.Evidence.Facet.inferential Bool
        (@CoreReader.Logic.singleton Bool fun on => @Eq.{1} Bool on Bool.true) fun on => @Ne.{1} Bool on Bool.false))
    Bool.false)
CoreReader.Adopted.allStatusOnly012 : ∀ (kind : CoreReader.Choice.StatusKind),
  Not
    (CoreReader.Adopted.choiceSpecification CoreReader.Choice.identityRequirements CoreReader.Choice.identityImpl
      (@List.cons.{0} CoreReader.Choice.Reason (CoreReader.Choice.Reason.status kind)
        (@List.nil.{0} CoreReader.Choice.Reason)))
CoreReader.Adopted.drawWeight012 : Bool → Nat
CoreReader.Adopted.randomTrial012 : Bool → CoreReader.Evidence.Trial
CoreReader.Adopted.randomOutcomes012 : And
  (@GT.gt.{0} Nat instLTNat (CoreReader.Adopted.drawWeight012 Bool.true)
    (@OfNat.ofNat.{0} Nat (nat_lit 0) (instOfNatNat (nat_lit 0))))
  (And
    (@GT.gt.{0} Nat instLTNat (CoreReader.Adopted.drawWeight012 Bool.false)
      (@OfNat.ofNat.{0} Nat (nat_lit 0) (instOfNatNat (nat_lit 0))))
    (And (@Eq.{1} Nat (CoreReader.Adopted.drawWeight012 Bool.true) (CoreReader.Adopted.drawWeight012 Bool.false))
      (And
        (CoreReader.Evidence.Reproduced (CoreReader.Adopted.randomTrial012 Bool.true)
          (CoreReader.Adopted.randomTrial012 Bool.false))
        (And
          (@Ne.{1} Nat (CoreReader.Adopted.randomTrial012 Bool.true).actualOutcome
            (CoreReader.Adopted.randomTrial012 Bool.false).actualOutcome)
          (∀ (draw : Bool),
            And (CoreReader.Evidence.Verified (CoreReader.Adopted.randomTrial012 draw))
              (CoreReader.Evidence.Bounded (CoreReader.Adopted.randomTrial012 draw)))))))
CoreReader.Adopted.originalGlobalTask012 : CoreReader.Adopted.AssessmentTask (Nat → Bool)
CoreReader.Adopted.originalLocalTask012 : CoreReader.Adopted.AssessmentTask (Nat → Bool)
CoreReader.Adopted.circularGlobalFacet012 : CoreReader.Evidence.Facet (Nat → Bool)
CoreReader.Adopted.circularGlobalConditional012 : @CoreReader.Evidence.FacetDischarged (Nat → Bool)
  CoreReader.Adopted.circularGlobalFacet012
CoreReader.Adopted.circularSubstitutionRejected012 : And
  (@CoreReader.Adopted.Grounds012 (Nat → Bool) CoreReader.Evidence.allTrue
    (@CoreReader.Evidence.canonicalArticulation (Nat → Bool))
    (@List.cons.{1} (CoreReader.Evidence.Facet (Nat → Bool)) CoreReader.Adopted.circularGlobalFacet012
      (@List.nil.{1} (CoreReader.Evidence.Facet (Nat → Bool))))
    (@CoreReader.Adopted.taskOfFacet (Nat → Bool) CoreReader.Adopted.circularGlobalFacet012))
  (And
    (Not
      (@CoreReader.Adopted.NatureAppropriate (Nat → Bool) CoreReader.Adopted.originalGlobalTask012
        CoreReader.Adopted.circularGlobalFacet012))
    (Not
      (@CoreReader.Adopted.Grounds012 (Nat → Bool) CoreReader.Evidence.allTrue
        (@CoreReader.Evidence.canonicalArticulation (Nat → Bool))
        (@List.cons.{1} (CoreReader.Evidence.Facet (Nat → Bool)) CoreReader.Adopted.circularGlobalFacet012
          (@List.nil.{1} (CoreReader.Evidence.Facet (Nat → Bool))))
        CoreReader.Adopted.originalGlobalTask012)))
CoreReader.Adopted.observedPremises012 : CoreReader.Logic.Theory (Nat → Bool)
CoreReader.Adopted.observedInferenceFacet012 : CoreReader.Evidence.Facet (Nat → Bool)
CoreReader.Adopted.observedInferenceChecked012 : @CoreReader.Evidence.FacetDischarged (Nat → Bool)
  CoreReader.Adopted.observedInferenceFacet012
CoreReader.Adopted.sameEmpiricalTaskTwoMethods012 : And
  (@CoreReader.Adopted.Grounds012 (Nat → Bool)
    (fun f => @Eq.{1} Bool (f (@OfNat.ofNat.{0} Nat (nat_lit 0) (instOfNatNat (nat_lit 0)))) Bool.true)
    (@CoreReader.Evidence.canonicalArticulation (Nat → Bool))
    (@List.cons.{1} (CoreReader.Evidence.Facet (Nat → Bool)) CoreReader.Adopted.localFacet012
      (@List.nil.{1} (CoreReader.Evidence.Facet (Nat → Bool))))
    CoreReader.Adopted.originalLocalTask012)
  (@CoreReader.Adopted.Grounds012 (Nat → Bool)
    (fun f => @Eq.{1} Bool (f (@OfNat.ofNat.{0} Nat (nat_lit 0) (instOfNatNat (nat_lit 0)))) Bool.true)
    (@CoreReader.Evidence.canonicalArticulation (Nat → Bool))
    (@List.cons.{1} (CoreReader.Evidence.Facet (Nat → Bool)) CoreReader.Adopted.observedInferenceFacet012
      (@List.nil.{1} (CoreReader.Evidence.Facet (Nat → Bool))))
    CoreReader.Adopted.originalLocalTask012)
CoreReader.Adopted.originalUncertaintyTask012 : CoreReader.Adopted.AssessmentTask (Prod.{0, 0} Bool Bool)
CoreReader.Adopted.uncertaintyBypassFacet012 : CoreReader.Evidence.Facet (Prod.{0, 0} Bool Bool)
CoreReader.Adopted.uncertaintyBypassChecked012 : @CoreReader.Evidence.FacetDischarged (Prod.{0, 0} Bool Bool)
  CoreReader.Adopted.uncertaintyBypassFacet012
CoreReader.Adopted.uncertaintySubstitutionRejected012 : And
  (@CoreReader.Evidence.FacetDischarged (Prod.{0, 0} Bool Bool) CoreReader.Adopted.uncertaintyBypassFacet012)
  (And
    (Not
      (@CoreReader.Adopted.NatureAppropriate (Prod.{0, 0} Bool Bool) CoreReader.Adopted.originalUncertaintyTask012
        CoreReader.Adopted.uncertaintyBypassFacet012))
    (Not
      (@CoreReader.Adopted.Grounds012 (Prod.{0, 0} Bool Bool)
        (fun w => @Eq.{1} Bool (@Prod.fst.{0, 0} Bool Bool w) Bool.true)
        (@CoreReader.Evidence.canonicalArticulation (Prod.{0, 0} Bool Bool))
        (@List.cons.{1} (CoreReader.Evidence.Facet (Prod.{0, 0} Bool Bool)) CoreReader.Adopted.uncertaintyBypassFacet012
          (@List.nil.{1} (CoreReader.Evidence.Facet (Prod.{0, 0} Bool Bool))))
        CoreReader.Adopted.originalUncertaintyTask012)))
CoreReader.Adopted.selectedFactFacet012 : CoreReader.Evidence.Facet Bool
CoreReader.Adopted.valueFactSubstitutionRejected012 : And
  (@CoreReader.Evidence.FacetDischarged Bool CoreReader.Adopted.selectedFactFacet012)
  (And (@CoreReader.Adopted.valueSpecification Bool CoreReader.Evidence.switchPosition)
    (Not
      (@CoreReader.Adopted.Grounds012 Bool
        (@CoreReader.Evidence.ValuePosition.commitment Bool CoreReader.Evidence.switchPosition)
        (@CoreReader.Evidence.canonicalArticulation Bool)
        (@List.cons.{1} (CoreReader.Evidence.Facet Bool) CoreReader.Adopted.selectedFactFacet012
          (@List.nil.{1} (CoreReader.Evidence.Facet Bool)))
        (@CoreReader.Adopted.AssessmentTask.value Bool CoreReader.Evidence.switchPosition))))
CoreReader.Adopted.inferentialContextSubstitutionRejected012 : And
  (@CoreReader.Evidence.FacetDischarged Bool
    (@CoreReader.Evidence.Facet.inferential Bool (@CoreReader.Logic.singleton Bool fun w => @Eq.{1} Bool w Bool.true)
      fun w => @Eq.{1} Bool w Bool.true))
  (Not
    (@CoreReader.Adopted.Grounds012 Bool (fun w => @Eq.{1} Bool w Bool.true)
      (@CoreReader.Evidence.canonicalArticulation Bool)
      (@List.cons.{1} (CoreReader.Evidence.Facet Bool)
        (@CoreReader.Evidence.Facet.inferential Bool
          (@CoreReader.Logic.singleton Bool fun w => @Eq.{1} Bool w Bool.true) fun w => @Eq.{1} Bool w Bool.true)
        (@List.nil.{1} (CoreReader.Evidence.Facet Bool)))
      (@CoreReader.Adopted.AssessmentTask.inferential Bool (@CoreReader.Logic.emptyTheory Bool) fun w =>
        @Eq.{1} Bool w Bool.true)))
CoreReader.Adopted.generationCases : And
  (And (CoreReader.Agency.Generative CoreReader.Agency.openPolicy)
    (And
      (∀ (k : CoreReader.Agency.FormKind),
        CoreReader.Agency.openPolicy.revisable
          { kind := k, version := @OfNat.ofNat.{0} Nat (nat_lit 0) (instOfNatNat (nat_lit 0)) })
      (∀ (t : Nat),
        Not
          (CoreReader.Agency.Expanded (CoreReader.Agency.stableTrace t)
            (CoreReader.Agency.stableTrace
              (@HAdd.hAdd.{0, 0, 0} Nat Nat Nat (@instHAdd.{0} Nat instAddNat) t
                (@OfNat.ofNat.{0} Nat (nat_lit 1) (instOfNatNat (nat_lit 1)))))))))
  (And
    (And
      (CoreReader.Agency.neutralPolicy.permitsVersion (@OfNat.ofNat.{0} Nat (nat_lit 0) (instOfNatNat (nat_lit 0)))
        (@OfNat.ofNat.{0} Nat (nat_lit 1) (instOfNatNat (nat_lit 1))))
      (And
        (@Ne.{1} Nat (@OfNat.ofNat.{0} Nat (nat_lit 0) (instOfNatNat (nat_lit 0)))
          (@OfNat.ofNat.{0} Nat (nat_lit 1) (instOfNatNat (nat_lit 1))))
        (Not (CoreReader.Agency.Generative CoreReader.Agency.neutralPolicy))))
    (And
      (And (CoreReader.Agency.Generative CoreReader.Agency.generatingSystem.policy)
        (And
          (CoreReader.Agency.generatingSystem.policy.permitsVersion
            (@OfNat.ofNat.{0} Nat (nat_lit 0) (instOfNatNat (nat_lit 0)))
            (@OfNat.ofNat.{0} Nat (nat_lit 0) (instOfNatNat (nat_lit 0))))
          (And
            (Not
              (CoreReader.Agency.Expanded CoreReader.Agency.generatingSystem.current CoreReader.Agency.inflatedState))
            (And
              (@LT.lt.{0} Nat instLTNat
                (@List.length.{0} CoreReader.Agency.Item CoreReader.Agency.generatingSystem.current.inventory)
                (@List.length.{0} CoreReader.Agency.Item CoreReader.Agency.inflatedState.inventory))
              (And
                (@LT.lt.{0} Nat instLTNat
                  (@List.length.{0} CoreReader.Agency.Operation
                    CoreReader.Agency.generatingSystem.current.abstractionLayers)
                  (@List.length.{0} CoreReader.Agency.Operation CoreReader.Agency.inflatedState.abstractionLayers))
                (And
                  (@LT.lt.{0} Nat instLTNat
                    (@List.length.{0} CoreReader.Agency.Operation CoreReader.Agency.generatingSystem.current.vocabulary)
                    (@List.length.{0} CoreReader.Agency.Operation CoreReader.Agency.inflatedState.vocabulary))
                  (And
                    (@Eq.{1} (Option.{0} Nat)
                      (CoreReader.Agency.generatingSystem.execute CoreReader.Agency.availableResources)
                      (@Option.some.{0} Nat (@OfNat.ofNat.{0} Nat (nat_lit 6) (instOfNatNat (nat_lit 6)))))
                    (And
                      (@Eq.{1} (Option.{0} Nat)
                        (CoreReader.Agency.generatingSystem.execute
                          (have __src := CoreReader.Agency.availableResources;
                          { experience := @Option.none.{0} Nat, knowledge := __src.knowledge,
                            collaborator := __src.collaborator }))
                        (@Option.none.{0} Nat))
                      (And
                        (@Eq.{1} (Option.{0} Nat)
                          (CoreReader.Agency.generatingSystem.execute
                            (have __src := CoreReader.Agency.availableResources;
                            { experience := __src.experience, knowledge := @Option.none.{0} Nat,
                              collaborator := __src.collaborator }))
                          (@Option.none.{0} Nat))
                        (And
                          (@Eq.{1} (Option.{0} Nat)
                            (CoreReader.Agency.generatingSystem.execute
                              (have __src := CoreReader.Agency.availableResources;
                              { experience := __src.experience, knowledge := __src.knowledge,
                                collaborator := @Option.none.{0} Nat }))
                            (@Option.none.{0} Nat))
                          (And
                            (@Eq.{1} (Option.{0} Nat)
                              (CoreReader.Agency.generatingSystem.execute
                                { experience := @Option.none.{0} Nat, knowledge := @Option.none.{0} Nat,
                                  collaborator := @Option.none.{0} Nat })
                              (@Option.none.{0} Nat))
                            (And
                              (Not
                                (CoreReader.Agency.Expanded CoreReader.Agency.generatingSystem.current
                                  CoreReader.Agency.generatingSystem.stableAction))
                              (And
                                (@Eq.{1} CoreReader.Agency.State CoreReader.Agency.generatingSystem.stableAction
                                  CoreReader.Agency.generatingSystem.current)
                                (And
                                  (CoreReader.Agency.generatingSystem.requirementsMet
                                    CoreReader.Agency.generatingSystem.stableAction)
                                  (And
                                    (CoreReader.Agency.generatingSystem.withinBudget
                                      CoreReader.Agency.generatingSystem.stableAction)
                                    (And
                                      (Not
                                        (CoreReader.Agency.generatingSystem.withinBudget
                                          CoreReader.Agency.inflatedState))
                                      (And
                                        (CoreReader.Agency.StableReason CoreReader.Agency.generatingSystem.current
                                          CoreReader.Agency.inflatedState)
                                        (And
                                          (@Eq.{1} CoreReader.Agency.Announcement CoreReader.Agency.inflatedAnnouncement
                                            (CoreReader.Agency.generatingSystem.report CoreReader.Agency.inflatedState
                                              CoreReader.Agency.Operation.successor
                                              (@OfNat.ofNat.{0} Nat (nat_lit 0) (instOfNatNat (nat_lit 0)))
                                              (@OfNat.ofNat.{0} Nat (nat_lit 1) (instOfNatNat (nat_lit 1)))))
                                          (And
                                            (@Eq.{1} Nat CoreReader.Agency.inflatedAnnouncement.owner
                                              CoreReader.Agency.generatingSystem.owner)
                                            (And
                                              (@Eq.{1} CoreReader.Agency.State
                                                CoreReader.Agency.inflatedAnnouncement.before
                                                CoreReader.Agency.generatingSystem.current)
                                              (And
                                                (@Eq.{1} CoreReader.Agency.State
                                                  CoreReader.Agency.inflatedAnnouncement.after
                                                  CoreReader.Agency.inflatedState)
                                                (And
                                                  (@Eq.{1} CoreReader.Agency.Operation
                                                    CoreReader.Agency.inflatedAnnouncement.reportedNewOperation
                                                    CoreReader.Agency.Operation.successor)
                                                  (And
                                                    (@Eq.{1} Nat CoreReader.Agency.inflatedAnnouncement.input
                                                      (@OfNat.ofNat.{0} Nat (nat_lit 0) (instOfNatNat (nat_lit 0))))
                                                    (And
                                                      (@Eq.{1} Nat CoreReader.Agency.inflatedAnnouncement.expectedOutput
                                                        (@OfNat.ofNat.{0} Nat (nat_lit 1) (instOfNatNat (nat_lit 1))))
                                                      (And (Not CoreReader.Agency.inflatedAnnouncement.claim)
                                                        (Not
                                                          (CoreReader.Agency.Expanded
                                                            CoreReader.Agency.inflatedAnnouncement.before
                                                            CoreReader.Agency.inflatedAnnouncement.after)))))))))))))))))))))))))))
      (And (CoreReader.Adopted.generationSpecification CoreReader.Agency.openPolicy)
        (And
          (CoreReader.Agency.Expanded CoreReader.Agency.baseState
            (CoreReader.Adopted.collaborativeRevision CoreReader.Agency.availableResources))
          (And
            (Not
              (CoreReader.Agency.Expanded CoreReader.Agency.baseState
                (CoreReader.Adopted.collaborativeRevision
                  (have __src := CoreReader.Agency.availableResources;
                  { experience := __src.experience, knowledge := __src.knowledge,
                    collaborator := @Option.none.{0} Nat }))))
            (@Eq.{1} (Option.{0} Nat)
              (CoreReader.Agency.assistedExecution
                { experience := @Option.none.{0} Nat, knowledge := @Option.none.{0} Nat,
                  collaborator := @Option.none.{0} Nat })
              (@Option.none.{0} Nat)))))))
CoreReader.Adopted.generationLimits012 : And
  (And
    (CoreReader.Agency.neutralPolicy.permitsVersion (@OfNat.ofNat.{0} Nat (nat_lit 0) (instOfNatNat (nat_lit 0)))
      (@OfNat.ofNat.{0} Nat (nat_lit 1) (instOfNatNat (nat_lit 1))))
    (And
      (@Ne.{1} Nat (@OfNat.ofNat.{0} Nat (nat_lit 0) (instOfNatNat (nat_lit 0)))
        (@OfNat.ofNat.{0} Nat (nat_lit 1) (instOfNatNat (nat_lit 1))))
      (Not (CoreReader.Agency.Generative CoreReader.Agency.neutralPolicy))))
  (And
    (And (CoreReader.Agency.Generative CoreReader.Agency.openPolicy)
      (And
        (∀ (k : CoreReader.Agency.FormKind),
          CoreReader.Agency.openPolicy.revisable
            { kind := k, version := @OfNat.ofNat.{0} Nat (nat_lit 0) (instOfNatNat (nat_lit 0)) })
        (∀ (t : Nat),
          Not
            (CoreReader.Agency.Expanded (CoreReader.Agency.stableTrace t)
              (CoreReader.Agency.stableTrace
                (@HAdd.hAdd.{0, 0, 0} Nat Nat Nat (@instHAdd.{0} Nat instAddNat) t
                  (@OfNat.ofNat.{0} Nat (nat_lit 1) (instOfNatNat (nat_lit 1)))))))))
    (And
      (And (CoreReader.Agency.Generative CoreReader.Agency.generatingSystem.policy)
        (And
          (CoreReader.Agency.generatingSystem.policy.permitsVersion
            (@OfNat.ofNat.{0} Nat (nat_lit 0) (instOfNatNat (nat_lit 0)))
            (@OfNat.ofNat.{0} Nat (nat_lit 0) (instOfNatNat (nat_lit 0))))
          (And
            (Not
              (CoreReader.Agency.Expanded CoreReader.Agency.generatingSystem.current CoreReader.Agency.inflatedState))
            (And
              (@LT.lt.{0} Nat instLTNat
                (@List.length.{0} CoreReader.Agency.Item CoreReader.Agency.generatingSystem.current.inventory)
                (@List.length.{0} CoreReader.Agency.Item CoreReader.Agency.inflatedState.inventory))
              (And
                (@LT.lt.{0} Nat instLTNat
                  (@List.length.{0} CoreReader.Agency.Operation
                    CoreReader.Agency.generatingSystem.current.abstractionLayers)
                  (@List.length.{0} CoreReader.Agency.Operation CoreReader.Agency.inflatedState.abstractionLayers))
                (And
                  (@LT.lt.{0} Nat instLTNat
                    (@List.length.{0} CoreReader.Agency.Operation CoreReader.Agency.generatingSystem.current.vocabulary)
                    (@List.length.{0} CoreReader.Agency.Operation CoreReader.Agency.inflatedState.vocabulary))
                  (And
                    (@Eq.{1} (Option.{0} Nat)
                      (CoreReader.Agency.generatingSystem.execute CoreReader.Agency.availableResources)
                      (@Option.some.{0} Nat (@OfNat.ofNat.{0} Nat (nat_lit 6) (instOfNatNat (nat_lit 6)))))
                    (And
                      (@Eq.{1} (Option.{0} Nat)
                        (CoreReader.Agency.generatingSystem.execute
                          (have __src := CoreReader.Agency.availableResources;
                          { experience := @Option.none.{0} Nat, knowledge := __src.knowledge,
                            collaborator := __src.collaborator }))
                        (@Option.none.{0} Nat))
                      (And
                        (@Eq.{1} (Option.{0} Nat)
                          (CoreReader.Agency.generatingSystem.execute
                            (have __src := CoreReader.Agency.availableResources;
                            { experience := __src.experience, knowledge := @Option.none.{0} Nat,
                              collaborator := __src.collaborator }))
                          (@Option.none.{0} Nat))
                        (And
                          (@Eq.{1} (Option.{0} Nat)
                            (CoreReader.Agency.generatingSystem.execute
                              (have __src := CoreReader.Agency.availableResources;
                              { experience := __src.experience, knowledge := __src.knowledge,
                                collaborator := @Option.none.{0} Nat }))
                            (@Option.none.{0} Nat))
                          (And
                            (@Eq.{1} (Option.{0} Nat)
                              (CoreReader.Agency.generatingSystem.execute
                                { experience := @Option.none.{0} Nat, knowledge := @Option.none.{0} Nat,
                                  collaborator := @Option.none.{0} Nat })
                              (@Option.none.{0} Nat))
                            (And
                              (Not
                                (CoreReader.Agency.Expanded CoreReader.Agency.generatingSystem.current
                                  CoreReader.Agency.generatingSystem.stableAction))
                              (And
                                (@Eq.{1} CoreReader.Agency.State CoreReader.Agency.generatingSystem.stableAction
                                  CoreReader.Agency.generatingSystem.current)
                                (And
                                  (CoreReader.Agency.generatingSystem.requirementsMet
                                    CoreReader.Agency.generatingSystem.stableAction)
                                  (And
                                    (CoreReader.Agency.generatingSystem.withinBudget
                                      CoreReader.Agency.generatingSystem.stableAction)
                                    (And
                                      (Not
                                        (CoreReader.Agency.generatingSystem.withinBudget
                                          CoreReader.Agency.inflatedState))
                                      (And
                                        (CoreReader.Agency.StableReason CoreReader.Agency.generatingSystem.current
                                          CoreReader.Agency.inflatedState)
                                        (And
                                          (@Eq.{1} CoreReader.Agency.Announcement CoreReader.Agency.inflatedAnnouncement
                                            (CoreReader.Agency.generatingSystem.report CoreReader.Agency.inflatedState
                                              CoreReader.Agency.Operation.successor
                                              (@OfNat.ofNat.{0} Nat (nat_lit 0) (instOfNatNat (nat_lit 0)))
                                              (@OfNat.ofNat.{0} Nat (nat_lit 1) (instOfNatNat (nat_lit 1)))))
                                          (And
                                            (@Eq.{1} Nat CoreReader.Agency.inflatedAnnouncement.owner
                                              CoreReader.Agency.generatingSystem.owner)
                                            (And
                                              (@Eq.{1} CoreReader.Agency.State
                                                CoreReader.Agency.inflatedAnnouncement.before
                                                CoreReader.Agency.generatingSystem.current)
                                              (And
                                                (@Eq.{1} CoreReader.Agency.State
                                                  CoreReader.Agency.inflatedAnnouncement.after
                                                  CoreReader.Agency.inflatedState)
                                                (And
                                                  (@Eq.{1} CoreReader.Agency.Operation
                                                    CoreReader.Agency.inflatedAnnouncement.reportedNewOperation
                                                    CoreReader.Agency.Operation.successor)
                                                  (And
                                                    (@Eq.{1} Nat CoreReader.Agency.inflatedAnnouncement.input
                                                      (@OfNat.ofNat.{0} Nat (nat_lit 0) (instOfNatNat (nat_lit 0))))
                                                    (And
                                                      (@Eq.{1} Nat CoreReader.Agency.inflatedAnnouncement.expectedOutput
                                                        (@OfNat.ofNat.{0} Nat (nat_lit 1) (instOfNatNat (nat_lit 1))))
                                                      (And (Not CoreReader.Agency.inflatedAnnouncement.claim)
                                                        (Not
                                                          (CoreReader.Agency.Expanded
                                                            CoreReader.Agency.inflatedAnnouncement.before
                                                            CoreReader.Agency.inflatedAnnouncement.after)))))))))))))))))))))))))))
      (And
        (And (CoreReader.Adopted.generationSpecification CoreReader.Agency.openPolicy)
          (And
            (CoreReader.Agency.Expanded CoreReader.Agency.baseState
              (CoreReader.Adopted.collaborativeRevision CoreReader.Agency.availableResources))
            (And
              (Not
                (CoreReader.Agency.Expanded CoreReader.Agency.baseState
                  (CoreReader.Adopted.collaborativeRevision
                    (have __src := CoreReader.Agency.availableResources;
                    { experience := __src.experience, knowledge := __src.knowledge,
                      collaborator := @Option.none.{0} Nat }))))
              (@Eq.{1} (Option.{0} Nat)
                (CoreReader.Agency.assistedExecution
                  { experience := @Option.none.{0} Nat, knowledge := @Option.none.{0} Nat,
                    collaborator := @Option.none.{0} Nat })
                (@Option.none.{0} Nat)))))
        (And
          (And
            (@CoreReader.Adopted.Grounds012 CoreReader.Agency.TransitionCase CoreReader.Evidence.transitionAchievement
              (@CoreReader.Evidence.canonicalArticulation CoreReader.Agency.TransitionCase)
              (@List.cons.{1} (CoreReader.Evidence.Facet CoreReader.Agency.TransitionCase)
                CoreReader.Evidence.transitionFacet
                (@List.nil.{1} (CoreReader.Evidence.Facet CoreReader.Agency.TransitionCase)))
              (@CoreReader.Adopted.taskOfFacet CoreReader.Agency.TransitionCase CoreReader.Evidence.transitionFacet))
            (And
              (@CoreReader.Evidence.Compatible CoreReader.Agency.TransitionCase
                (@List.cons.{0} (CoreReader.Evidence.Record CoreReader.Agency.TransitionCase)
                  CoreReader.Evidence.transitionPerformanceRecord
                  (@List.nil.{0} (CoreReader.Evidence.Record CoreReader.Agency.TransitionCase)))
                CoreReader.Agency.TransitionCase.extend)
              (And (CoreReader.Evidence.transitionAchievement CoreReader.Agency.TransitionCase.extend)
                (And (Not (CoreReader.Evidence.transitionAchievement CoreReader.Agency.TransitionCase.inflate))
                  (Not
                    (@CoreReader.Evidence.Supports CoreReader.Agency.TransitionCase
                      (@List.cons.{0} (CoreReader.Evidence.Record CoreReader.Agency.TransitionCase)
                        CoreReader.Evidence.transitionReportRecord
                        (@List.nil.{0} (CoreReader.Evidence.Record CoreReader.Agency.TransitionCase)))
                      CoreReader.Evidence.transitionAchievement))))))
          (∀ (kind : CoreReader.Agency.InventoryKind),
            And
              (CoreReader.Agency.Available
                (@List.cons.{0} CoreReader.Agency.Item { kind := kind, content := CoreReader.Agency.Operation.copy }
                  (@List.cons.{0} CoreReader.Agency.Item { kind := kind, content := CoreReader.Agency.Operation.copy }
                    (@List.nil.{0} CoreReader.Agency.Item)))
                CoreReader.Agency.Operation.copy)
              (Not
                (CoreReader.Agency.Available
                  (@List.cons.{0} CoreReader.Agency.Item { kind := kind, content := CoreReader.Agency.Operation.copy }
                    (@List.cons.{0} CoreReader.Agency.Item { kind := kind, content := CoreReader.Agency.Operation.copy }
                      (@List.nil.{0} CoreReader.Agency.Item)))
                  CoreReader.Agency.Operation.successor)))))))
CoreReader.Adopted.consistencyCases : And
  (And
    (@CoreReader.Logic.Satisfiable (Prod.{0, 0} Bool Bool)
      (@CoreReader.Logic.singleton (Prod.{0, 0} Bool Bool) CoreReader.Logic.premiseP))
    (And
      (@CoreReader.Logic.Satisfiable (Prod.{0, 0} Bool Bool)
        (@CoreReader.Logic.singleton (Prod.{0, 0} Bool Bool) CoreReader.Logic.premiseRule))
      (And
        (@CoreReader.Logic.Satisfiable (Prod.{0, 0} Bool Bool)
          (@CoreReader.Logic.singleton (Prod.{0, 0} Bool Bool) CoreReader.Logic.premiseNotQ))
        (Not (@CoreReader.Logic.Satisfiable (Prod.{0, 0} Bool Bool) CoreReader.Logic.jointTheory)))))
  (And
    (And
      (And
        (@CoreReader.Logic.Consequence Bool Unit (@CoreReader.Logic.emptyTheory Bool)
          (CoreReader.Logic.assumptionContext Bool.true) Unit.unit Bool.true)
        (@CoreReader.Logic.Consequence Bool Unit (@CoreReader.Logic.emptyTheory Bool)
          (CoreReader.Logic.assumptionContext Bool.false) Unit.unit Bool.false))
      (And
        (And
          (@CoreReader.Logic.Consequence Bool Unit (@CoreReader.Logic.emptyTheory Bool)
            (CoreReader.Logic.meaningContext Bool.true) Unit.unit Bool.true)
          (@CoreReader.Logic.Consequence Bool Unit (@CoreReader.Logic.emptyTheory Bool)
            (CoreReader.Logic.meaningContext Bool.false) Unit.unit Bool.false))
        (And
          (And
            (@CoreReader.Logic.Consequence Bool Unit (@CoreReader.Logic.emptyTheory Bool)
              (CoreReader.Logic.scopeContext Bool.true) Unit.unit Bool.true)
            (@CoreReader.Logic.Consequence Bool Unit (@CoreReader.Logic.emptyTheory Bool)
              (CoreReader.Logic.scopeContext Bool.false) Unit.unit Bool.false))
          (And
            (∀ (b : Bool),
              @Exists.{1} Bool fun w =>
                @CoreReader.Logic.Admissible Bool Unit (@CoreReader.Logic.emptyTheory Bool)
                  (CoreReader.Logic.assumptionContext b) w)
            (And
              (∀ (b : Bool),
                @Exists.{1} Bool fun w =>
                  @CoreReader.Logic.Admissible Bool Unit (@CoreReader.Logic.emptyTheory Bool)
                    (CoreReader.Logic.meaningContext b) w)
              (∀ (b : Bool),
                @Exists.{1} Bool fun w =>
                  @CoreReader.Logic.Admissible Bool Unit (@CoreReader.Logic.emptyTheory Bool)
                    (CoreReader.Logic.scopeContext b) w))))))
    (And
      (And
        (Not
          (@CoreReader.Logic.TruthfulReport Bool Unit
            (CoreReader.Logic.contextSnapshot (CoreReader.Logic.assumptionContext Bool.true)
              (@OfNat.ofNat.{0} Nat (nat_lit 0) (instOfNatNat (nat_lit 0))))
            (CoreReader.Logic.contextSnapshot (CoreReader.Logic.assumptionContext Bool.false)
              (@OfNat.ofNat.{0} Nat (nat_lit 0) (instOfNatNat (nat_lit 0))))
            Bool.false))
        (And
          (Not
            (@CoreReader.Logic.TruthfulReport Bool Unit
              (CoreReader.Logic.contextSnapshot (CoreReader.Logic.meaningContext Bool.true)
                (@OfNat.ofNat.{0} Nat (nat_lit 0) (instOfNatNat (nat_lit 0))))
              (CoreReader.Logic.contextSnapshot (CoreReader.Logic.meaningContext Bool.false)
                (@OfNat.ofNat.{0} Nat (nat_lit 0) (instOfNatNat (nat_lit 0))))
              Bool.false))
          (And
            (Not
              (@CoreReader.Logic.TruthfulReport Bool Unit
                (CoreReader.Logic.contextSnapshot (CoreReader.Logic.scopeContext Bool.true)
                  (@OfNat.ofNat.{0} Nat (nat_lit 0) (instOfNatNat (nat_lit 0))))
                (CoreReader.Logic.contextSnapshot (CoreReader.Logic.scopeContext Bool.false)
                  (@OfNat.ofNat.{0} Nat (nat_lit 0) (instOfNatNat (nat_lit 0))))
                Bool.false))
            (And
              (Not
                (@CoreReader.Logic.TruthfulReport Bool Unit
                  (CoreReader.Logic.contextSnapshot (CoreReader.Logic.scopeContext Bool.true)
                    (@OfNat.ofNat.{0} Nat (nat_lit 0) (instOfNatNat (nat_lit 0))))
                  (CoreReader.Logic.contextSnapshot (CoreReader.Logic.scopeContext Bool.true)
                    (@OfNat.ofNat.{0} Nat (nat_lit 1) (instOfNatNat (nat_lit 1))))
                  Bool.false))
              (And
                (@CoreReader.Logic.TruthfulReport Bool Unit
                  (CoreReader.Logic.contextSnapshot (CoreReader.Logic.assumptionContext Bool.true)
                    (@OfNat.ofNat.{0} Nat (nat_lit 0) (instOfNatNat (nat_lit 0))))
                  (CoreReader.Logic.contextSnapshot (CoreReader.Logic.assumptionContext Bool.false)
                    (@OfNat.ofNat.{0} Nat (nat_lit 0) (instOfNatNat (nat_lit 0))))
                  Bool.true)
                (Not
                  (@CoreReader.Logic.Models Bool
                    (@CoreReader.Logic.Context.assumptions Bool Unit (CoreReader.Logic.assumptionContext Bool.false))
                    Bool.true)))))))
      (And
        (And
          (@CoreReader.Logic.Satisfiable Bool
            (CoreReader.Logic.revisionSlice (@OfNat.ofNat.{0} Nat (nat_lit 0) (instOfNatNat (nat_lit 0)))))
          (And
            (@CoreReader.Logic.Satisfiable Bool
              (CoreReader.Logic.revisionSlice (@OfNat.ofNat.{0} Nat (nat_lit 1) (instOfNatNat (nat_lit 1)))))
            (Not
              (@CoreReader.Logic.Satisfiable Bool
                (@CoreReader.Logic.union Bool
                  (CoreReader.Logic.revisionSlice (@OfNat.ofNat.{0} Nat (nat_lit 0) (instOfNatNat (nat_lit 0))))
                  (CoreReader.Logic.revisionSlice (@OfNat.ofNat.{0} Nat (nat_lit 1) (instOfNatNat (nat_lit 1)))))))))
        (And
          (And
            (∀ (time : Nat),
              @CoreReader.Logic.Consistent Bool Unit (CoreReader.Logic.revisionSlice time)
                CoreReader.Adopted.broadBoolContext)
            (Not
              (@CoreReader.Logic.Consistent Bool Unit
                (@CoreReader.Logic.union Bool
                  (CoreReader.Logic.revisionSlice (@OfNat.ofNat.{0} Nat (nat_lit 0) (instOfNatNat (nat_lit 0))))
                  (CoreReader.Logic.revisionSlice (@OfNat.ofNat.{0} Nat (nat_lit 1) (instOfNatNat (nat_lit 1)))))
                CoreReader.Adopted.broadBoolContext)))
          (And
            (∀ (p q r : CoreReader.Logic.Claim Bool),
              Iff
                (@CoreReader.Logic.union Bool (@CoreReader.Logic.singleton Bool p) (@CoreReader.Logic.singleton Bool q)
                  r)
                (@CoreReader.Logic.union Bool (@CoreReader.Logic.singleton Bool q) (@CoreReader.Logic.singleton Bool p)
                  r))
            (And
              (@CoreReader.Logic.Consequence (Prod.{0, 0} Bool Bool) Unit CoreReader.Logic.jointTheory
                CoreReader.Adopted.jointContext012 Unit.unit Bool.true)
              (And
                (@CoreReader.Logic.Consequence (Prod.{0, 0} Bool Bool) Unit CoreReader.Logic.jointTheory
                  CoreReader.Adopted.jointContext012 Unit.unit Bool.false)
                (Not
                  (@CoreReader.Logic.Consistent (Prod.{0, 0} Bool Bool) Unit CoreReader.Logic.jointTheory
                    CoreReader.Adopted.jointContext012)))))))))
CoreReader.Adopted.consistencyLimits012 : And
  (And
    (And
      (@CoreReader.Logic.Consequence Bool Unit (@CoreReader.Logic.emptyTheory Bool)
        (CoreReader.Logic.assumptionContext Bool.true) Unit.unit Bool.true)
      (@CoreReader.Logic.Consequence Bool Unit (@CoreReader.Logic.emptyTheory Bool)
        (CoreReader.Logic.assumptionContext Bool.false) Unit.unit Bool.false))
    (And
      (And
        (@CoreReader.Logic.Consequence Bool Unit (@CoreReader.Logic.emptyTheory Bool)
          (CoreReader.Logic.meaningContext Bool.true) Unit.unit Bool.true)
        (@CoreReader.Logic.Consequence Bool Unit (@CoreReader.Logic.emptyTheory Bool)
          (CoreReader.Logic.meaningContext Bool.false) Unit.unit Bool.false))
      (And
        (And
          (@CoreReader.Logic.Consequence Bool Unit (@CoreReader.Logic.emptyTheory Bool)
            (CoreReader.Logic.scopeContext Bool.true) Unit.unit Bool.true)
          (@CoreReader.Logic.Consequence Bool Unit (@CoreReader.Logic.emptyTheory Bool)
            (CoreReader.Logic.scopeContext Bool.false) Unit.unit Bool.false))
        (And
          (∀ (b : Bool),
            @Exists.{1} Bool fun w =>
              @CoreReader.Logic.Admissible Bool Unit (@CoreReader.Logic.emptyTheory Bool)
                (CoreReader.Logic.assumptionContext b) w)
          (And
            (∀ (b : Bool),
              @Exists.{1} Bool fun w =>
                @CoreReader.Logic.Admissible Bool Unit (@CoreReader.Logic.emptyTheory Bool)
                  (CoreReader.Logic.meaningContext b) w)
            (∀ (b : Bool),
              @Exists.{1} Bool fun w =>
                @CoreReader.Logic.Admissible Bool Unit (@CoreReader.Logic.emptyTheory Bool)
                  (CoreReader.Logic.scopeContext b) w))))))
  (And
    (And
      (@Exists.{1} Nat fun budget =>
        And (@LE.le.{0} Nat instLENat (@OfNat.ofNat.{0} Nat (nat_lit 4) (instOfNatNat (nat_lit 4))) budget)
          (@LE.le.{0} Nat instLENat budget (@OfNat.ofNat.{0} Nat (nat_lit 6) (instOfNatNat (nat_lit 6)))))
      (Not
        (@Eq.{1} (Nat → Prop)
          (fun n => @LE.le.{0} Nat instLENat (@OfNat.ofNat.{0} Nat (nat_lit 4) (instOfNatNat (nat_lit 4))) n) fun n =>
          @LE.le.{0} Nat instLENat n (@OfNat.ofNat.{0} Nat (nat_lit 6) (instOfNatNat (nat_lit 6))))))
    (And
      (And
        (@CoreReader.Logic.Consistent Bool Unit (@CoreReader.Logic.singleton Bool fun w => @Eq.{1} Bool w Bool.true)
          CoreReader.Adopted.broadBoolContext)
        (And
          (Not
            (@CoreReader.Logic.Models Bool (@CoreReader.Logic.singleton Bool fun w => @Eq.{1} Bool w Bool.true)
              Bool.false))
          (And
            (@CoreReader.Logic.Consistent Bool Unit (@CoreReader.Logic.emptyTheory Bool)
              CoreReader.Adopted.broadBoolContext)
            (Not
              (@CoreReader.Logic.Entails Bool (@CoreReader.Logic.emptyTheory Bool) fun w =>
                @Eq.{1} Bool w Bool.true)))))
      (And
        (And
          (@CoreReader.Logic.Satisfiable Bool
            (@CoreReader.Logic.union Bool (@CoreReader.Logic.emptyTheory Bool)
              (@CoreReader.Logic.singleton Bool fun w => @Eq.{1} Bool w Bool.true)))
          (Not (@CoreReader.Logic.Entails Bool (@CoreReader.Logic.emptyTheory Bool) fun w => @Eq.{1} Bool w Bool.true)))
        (@CoreReader.Logic.Consistent Nat Unit
          (@CoreReader.Logic.union Nat
            (@CoreReader.Logic.singleton Nat fun n =>
              @LE.le.{0} Nat instLENat (@OfNat.ofNat.{0} Nat (nat_lit 4) (instOfNatNat (nat_lit 4))) n)
            (@CoreReader.Logic.singleton Nat fun n =>
              @LE.le.{0} Nat instLENat n (@OfNat.ofNat.{0} Nat (nat_lit 6) (instOfNatNat (nat_lit 6)))))
          CoreReader.Adopted.tensionContext012))))
CoreReader.Adopted.reflexivityCases012 : And
  (And
    (@CoreReader.Adopted.reflexivitySpecification CoreReader.Agency.Subject CoreReader.Agency.Inquiry
      CoreReader.Agency.WorkOutcome
      (@List.map.{0, 0} CoreReader.Agency.Principle
        (CoreReader.Adopted.ReflexiveRule CoreReader.Agency.Subject CoreReader.Agency.Inquiry
          CoreReader.Agency.WorkOutcome)
        CoreReader.Adopted.legacyRule
        (CoreReader.Agency.ownRules (@OfNat.ofNat.{0} Nat (nat_lit 0) (instOfNatNat (nat_lit 0)))))
      (fun s => @Eq.{1} Nat s.owner (@OfNat.ofNat.{0} Nat (nat_lit 0) (instOfNatNat (nat_lit 0))))
      (CoreReader.Adopted.legacyPerformed
        (CoreReader.Agency.ownRules (@OfNat.ofNat.{0} Nat (nat_lit 0) (instOfNatNat (nat_lit 0))))
        (CoreReader.Agency.completeOwnWork (@OfNat.ofNat.{0} Nat (nat_lit 0) (instOfNatNat (nat_lit 0))))))
    (And
      (∀ (phase : CoreReader.Agency.Phase),
        CoreReader.Agency.Performed
          (CoreReader.Agency.completeOwnWork (@OfNat.ofNat.{0} Nat (nat_lit 0) (instOfNatNat (nat_lit 0))))
          (CoreReader.Agency.Subject.process (@OfNat.ofNat.{0} Nat (nat_lit 0) (instOfNatNat (nat_lit 0)))
            (@OfNat.ofNat.{0} Nat (nat_lit 0) (instOfNatNat (nat_lit 0))) phase)
          CoreReader.Agency.Activity.assessment)
      (And
        (CoreReader.Agency.Performed
          (CoreReader.Agency.completeOwnWork (@OfNat.ofNat.{0} Nat (nat_lit 0) (instOfNatNat (nat_lit 0))))
          (CoreReader.Agency.Subject.system (@OfNat.ofNat.{0} Nat (nat_lit 0) (instOfNatNat (nat_lit 0))))
          CoreReader.Agency.Activity.assessment)
        (And
          (@CoreReader.Adopted.reflexivitySpecification CoreReader.Agency.Subject CoreReader.Agency.Inquiry
            CoreReader.Agency.WorkOutcome
            (@List.map.{0, 0} CoreReader.Agency.Principle
              (CoreReader.Adopted.ReflexiveRule CoreReader.Agency.Subject CoreReader.Agency.Inquiry
                CoreReader.Agency.WorkOutcome)
              CoreReader.Adopted.legacyRule
              (@List.cons.{0} CoreReader.Agency.Principle CoreReader.Agency.applicationRule
                (@List.nil.{0} CoreReader.Agency.Principle)))
            (fun s => @Eq.{1} Nat s.owner (@OfNat.ofNat.{0} Nat (nat_lit 0) (instOfNatNat (nat_lit 0))))
            (CoreReader.Adopted.legacyPerformed
              (@List.cons.{0} CoreReader.Agency.Principle CoreReader.Agency.applicationRule
                (@List.nil.{0} CoreReader.Agency.Principle))
              CoreReader.Agency.applicationWork))
          (Not
            (CoreReader.Agency.Performed CoreReader.Agency.applicationWork
              (CoreReader.Agency.Subject.system (@OfNat.ofNat.{0} Nat (nat_lit 0) (instOfNatNat (nat_lit 0))))
              CoreReader.Agency.Activity.assessment))))))
  (And
    (And
      (@CoreReader.Adopted.Grounds012 Bool (fun enabled => CoreReader.Adopted.GroundsProvision012 enabled)
        (@CoreReader.Evidence.canonicalArticulation Bool)
        (@List.cons.{1} (CoreReader.Evidence.Facet Bool)
          (@CoreReader.Evidence.Facet.value Bool CoreReader.Adopted.groundsPosition012)
          (@List.nil.{1} (CoreReader.Evidence.Facet Bool)))
        (@CoreReader.Adopted.AssessmentTask.value Bool CoreReader.Adopted.groundsPosition012))
      (And (@CoreReader.Evidence.ValuePosition.limits Bool CoreReader.Adopted.groundsPosition012 Bool.true)
        (@CoreReader.Evidence.ValuePosition.relevantCriticism Bool CoreReader.Adopted.groundsPosition012 Bool.true)))
    (And
      (@CoreReader.Evidence.Compatible (Nat → Bool)
        (@List.cons.{0} (CoreReader.Evidence.Record (Nat → Bool)) CoreReader.Evidence.zeroRecord
          (@List.nil.{0} (CoreReader.Evidence.Record (Nat → Bool))))
        (CoreReader.Evidence.localGenerator (@OfNat.ofNat.{0} Nat (nat_lit 0) (instOfNatNat (nat_lit 0)))))
      (And
        (Not
          (CoreReader.Evidence.allTrue
            (CoreReader.Evidence.localGenerator (@OfNat.ofNat.{0} Nat (nat_lit 0) (instOfNatNat (nat_lit 0))))))
        (And (@Eq.{1} Bool (CoreReader.Adopted.groundsExperiment012 Bool.true) Bool.false)
          (And (@Eq.{1} Bool (CoreReader.Adopted.groundsExperiment012 Bool.false) Bool.true)
            (And
              (@Eq.{1} (@CoreReader.Evidence.ValuePosition.Outcome Bool CoreReader.Adopted.groundsPosition012)
                (@CoreReader.Evidence.ValuePosition.outcome Bool CoreReader.Adopted.groundsPosition012 Bool.true
                  Bool.true)
                (CoreReader.Adopted.groundsExperiment012 Bool.true))
              (@Eq.{1} (@CoreReader.Evidence.ValuePosition.Outcome Bool CoreReader.Adopted.groundsPosition012)
                (@CoreReader.Evidence.ValuePosition.outcome Bool CoreReader.Adopted.groundsPosition012 Bool.true
                  Bool.false)
                (CoreReader.Adopted.groundsExperiment012 Bool.false))))))))
CoreReader.Adopted.reflexivityLimits012 : And
  (And
    (@Eq.{1} Bool
      (CoreReader.Agency.selfTest
        (@List.cons.{0} Nat (@OfNat.ofNat.{0} Nat (nat_lit 1) (instOfNatNat (nat_lit 1))) (@List.nil.{0} Nat)))
      Bool.true)
    (And
      (@Eq.{1} Bool
        (CoreReader.Agency.ownArithmeticPrinciple (@OfNat.ofNat.{0} Nat (nat_lit 0) (instOfNatNat (nat_lit 0))))
        Bool.false)
      (Not (∀ (n : Nat), @Eq.{1} Bool (CoreReader.Agency.ownArithmeticPrinciple n) Bool.true))))
  (And
    (And
      (@Eq.{1} Bool
        (CoreReader.Evidence.localGenerator (@OfNat.ofNat.{0} Nat (nat_lit 0) (instOfNatNat (nat_lit 0)))
          (@OfNat.ofNat.{0} Nat (nat_lit 0) (instOfNatNat (nat_lit 0))))
        Bool.true)
      (And
        (@Eq.{1} Bool
          (CoreReader.Evidence.localGenerator (@OfNat.ofNat.{0} Nat (nat_lit 0) (instOfNatNat (nat_lit 0)))
            (@OfNat.ofNat.{0} Nat (nat_lit 1) (instOfNatNat (nat_lit 1))))
          Bool.false)
        (And
          (@CoreReader.Evidence.Compatible (Nat → Bool)
            (@List.cons.{0} (CoreReader.Evidence.Record (Nat → Bool)) CoreReader.Evidence.zeroRecord
              (@List.nil.{0} (CoreReader.Evidence.Record (Nat → Bool))))
            (CoreReader.Evidence.localGenerator (@OfNat.ofNat.{0} Nat (nat_lit 0) (instOfNatNat (nat_lit 0)))))
          (And
            (Not
              (@CoreReader.Evidence.Supports (Nat → Bool)
                (@List.cons.{0} (CoreReader.Evidence.Record (Nat → Bool)) CoreReader.Evidence.zeroRecord
                  (@List.nil.{0} (CoreReader.Evidence.Record (Nat → Bool))))
                CoreReader.Evidence.allTrue))
            CoreReader.Evidence.OwnedRevisionExample))))
    (And
      (And (CoreReader.Agency.Generative CoreReader.Agency.openPolicy)
        (Not
          (CoreReader.Agency.Reflexive (@OfNat.ofNat.{0} Nat (nat_lit 0) (instOfNatNat (nat_lit 0)))
            (CoreReader.Agency.ownRules (@OfNat.ofNat.{0} Nat (nat_lit 0) (instOfNatNat (nat_lit 0))))
            (@List.nil.{0} CoreReader.Agency.WorkRecord))))
      (And
        (And (CoreReader.Adopted.CompleteCharter012 CoreReader.Integration.actualSystem CoreReader.Integration.actual)
          (And
            (@CoreReader.Logic.Admissible CoreReader.Integration.World CoreReader.Integration.Question
              CoreReader.Integration.held CoreReader.Integration.context CoreReader.Integration.actual)
            (And
              (@CoreReader.Evidence.Compatible CoreReader.Integration.World
                (@List.cons.{0} (CoreReader.Evidence.Record CoreReader.Integration.World)
                  CoreReader.Integration.costAllowanceRecord
                  (@List.nil.{0} (CoreReader.Evidence.Record CoreReader.Integration.World)))
                CoreReader.Integration.actual)
              (And
                (@CoreReader.Evidence.Articulated CoreReader.Integration.World
                  (@CoreReader.Evidence.canonicalArticulation CoreReader.Integration.World
                    CoreReader.Integration.unsupportedCapabilityFacet))
                (And
                  (Not
                    (@CoreReader.Evidence.Supports CoreReader.Integration.World
                      (@List.cons.{0} (CoreReader.Evidence.Record CoreReader.Integration.World)
                        CoreReader.Integration.costAllowanceRecord
                        (@List.nil.{0} (CoreReader.Evidence.Record CoreReader.Integration.World)))
                      CoreReader.Integration.capability))
                  (Not
                    (@CoreReader.Adopted.Grounds012 CoreReader.Integration.World CoreReader.Integration.capability
                      (@CoreReader.Evidence.canonicalArticulation CoreReader.Integration.World)
                      (@List.cons.{1} (CoreReader.Evidence.Facet CoreReader.Integration.World)
                        CoreReader.Integration.unsupportedCapabilityFacet
                        (@List.nil.{1} (CoreReader.Evidence.Facet CoreReader.Integration.World)))
                      (@CoreReader.Adopted.taskOfFacet CoreReader.Integration.World
                        CoreReader.Integration.unsupportedCapabilityFacet))))))))
        (And (CoreReader.Adopted.generationSpecification CoreReader.Agency.openPolicy)
          (And
            (CoreReader.Agency.openPolicy.revisable
              { kind := CoreReader.Agency.FormKind.principle,
                version := @OfNat.ofNat.{0} Nat (nat_lit 0) (instOfNatNat (nat_lit 0)) })
            (And
              (CoreReader.Adopted.selfExemptPerformed012
                { owner := @OfNat.ofNat.{0} Nat (nat_lit 0) (instOfNatNat (nat_lit 0)),
                  localId := @OfNat.ofNat.{0} Nat (nat_lit 1) (instOfNatNat (nat_lit 1)) }
                (@OfNat.ofNat.{0} Nat (nat_lit 1) (instOfNatNat (nat_lit 1)))
                (@OfNat.ofNat.{0} Nat (nat_lit 1) (instOfNatNat (nat_lit 1))) Bool.true)
              (And
                (@CoreReader.Adopted.ReflexiveRule.applicable Nat Nat Bool CoreReader.Adopted.selfExemptRule012
                  (@OfNat.ofNat.{0} Nat (nat_lit 0) (instOfNatNat (nat_lit 0))))
                (Not
                  (@CoreReader.Adopted.reflexivitySpecification Nat Nat Bool
                    (@List.cons.{0} (CoreReader.Adopted.ReflexiveRule Nat Nat Bool) CoreReader.Adopted.selfExemptRule012
                      (@List.nil.{0} (CoreReader.Adopted.ReflexiveRule Nat Nat Bool)))
                    (fun target => @Eq.{1} Nat target (@OfNat.ofNat.{0} Nat (nat_lit 0) (instOfNatNat (nat_lit 0))))
                    CoreReader.Adopted.selfExemptPerformed012)))))))))
CoreReader.Adopted.groundsCases012 : And
  (And
    (@CoreReader.Adopted.Grounds012 (Nat → Bool)
      (@CoreReader.Evidence.Facet.claim (Nat → Bool) CoreReader.Adopted.localFacet012)
      (@CoreReader.Evidence.canonicalArticulation (Nat → Bool))
      (@List.cons.{1} (CoreReader.Evidence.Facet (Nat → Bool)) CoreReader.Adopted.localFacet012
        (@List.nil.{1} (CoreReader.Evidence.Facet (Nat → Bool))))
      (@CoreReader.Adopted.taskOfFacet (Nat → Bool) CoreReader.Adopted.localFacet012))
    (And
      (@CoreReader.Evidence.Articulated (Nat → Bool)
        (@CoreReader.Evidence.canonicalArticulation (Nat → Bool) CoreReader.Adopted.globalFacet012))
      (And
        (Not
          (@CoreReader.Adopted.Grounds012 (Nat → Bool)
            (@CoreReader.Evidence.Facet.claim (Nat → Bool) CoreReader.Adopted.globalFacet012)
            (@CoreReader.Evidence.canonicalArticulation (Nat → Bool))
            (@List.cons.{1} (CoreReader.Evidence.Facet (Nat → Bool)) CoreReader.Adopted.globalFacet012
              (@List.nil.{1} (CoreReader.Evidence.Facet (Nat → Bool))))
            (@CoreReader.Adopted.taskOfFacet (Nat → Bool) CoreReader.Adopted.globalFacet012)))
        (Not
          (@CoreReader.Adopted.Grounds012 (Nat → Bool)
            (@CoreReader.Evidence.Facet.claim (Nat → Bool) CoreReader.Adopted.strongFacet012)
            (@CoreReader.Evidence.canonicalArticulation (Nat → Bool))
            (@List.cons.{1} (CoreReader.Evidence.Facet (Nat → Bool)) CoreReader.Adopted.strongFacet012
              (@List.nil.{1} (CoreReader.Evidence.Facet (Nat → Bool))))
            (@CoreReader.Adopted.taskOfFacet (Nat → Bool) CoreReader.Adopted.strongFacet012))))))
  (And
    (And (@CoreReader.Evidence.Articulated Bool CoreReader.Evidence.uninformativeArgument)
      (Not
        (@CoreReader.Logic.Entails Bool
          (@CoreReader.Evidence.Articulation.assumptions Bool CoreReader.Evidence.uninformativeArgument) fun w =>
          @Eq.{1} Bool w Bool.true)))
    (And
      (@CoreReader.Adopted.Grounds012 (Nat → Bool) CoreReader.Evidence.allTrue
        (@CoreReader.Evidence.canonicalArticulation (Nat → Bool))
        (@List.cons.{1} (CoreReader.Evidence.Facet (Nat → Bool)) CoreReader.Adopted.circularGlobalFacet012
          (@List.nil.{1} (CoreReader.Evidence.Facet (Nat → Bool))))
        (@CoreReader.Adopted.taskOfFacet (Nat → Bool) CoreReader.Adopted.circularGlobalFacet012))
      (And
        (Not
          (@CoreReader.Adopted.NatureAppropriate (Nat → Bool) CoreReader.Adopted.originalGlobalTask012
            CoreReader.Adopted.circularGlobalFacet012))
        (Not
          (@CoreReader.Adopted.Grounds012 (Nat → Bool) CoreReader.Evidence.allTrue
            (@CoreReader.Evidence.canonicalArticulation (Nat → Bool))
            (@List.cons.{1} (CoreReader.Evidence.Facet (Nat → Bool)) CoreReader.Adopted.circularGlobalFacet012
              (@List.nil.{1} (CoreReader.Evidence.Facet (Nat → Bool))))
            CoreReader.Adopted.originalGlobalTask012)))))
CoreReader.Adopted.empiricalCases012 : And
  (And
    (@CoreReader.Adopted.Grounds012 (Nat → Bool)
      (@CoreReader.Evidence.Facet.claim (Nat → Bool) CoreReader.Adopted.localFacet012)
      (@CoreReader.Evidence.canonicalArticulation (Nat → Bool))
      (@List.cons.{1} (CoreReader.Evidence.Facet (Nat → Bool)) CoreReader.Adopted.localFacet012
        (@List.nil.{1} (CoreReader.Evidence.Facet (Nat → Bool))))
      (@CoreReader.Adopted.taskOfFacet (Nat → Bool) CoreReader.Adopted.localFacet012))
    (And
      (@CoreReader.Evidence.Articulated (Nat → Bool)
        (@CoreReader.Evidence.canonicalArticulation (Nat → Bool) CoreReader.Adopted.globalFacet012))
      (And
        (Not
          (@CoreReader.Adopted.Grounds012 (Nat → Bool)
            (@CoreReader.Evidence.Facet.claim (Nat → Bool) CoreReader.Adopted.globalFacet012)
            (@CoreReader.Evidence.canonicalArticulation (Nat → Bool))
            (@List.cons.{1} (CoreReader.Evidence.Facet (Nat → Bool)) CoreReader.Adopted.globalFacet012
              (@List.nil.{1} (CoreReader.Evidence.Facet (Nat → Bool))))
            (@CoreReader.Adopted.taskOfFacet (Nat → Bool) CoreReader.Adopted.globalFacet012)))
        (Not
          (@CoreReader.Adopted.Grounds012 (Nat → Bool)
            (@CoreReader.Evidence.Facet.claim (Nat → Bool) CoreReader.Adopted.strongFacet012)
            (@CoreReader.Evidence.canonicalArticulation (Nat → Bool))
            (@List.cons.{1} (CoreReader.Evidence.Facet (Nat → Bool)) CoreReader.Adopted.strongFacet012
              (@List.nil.{1} (CoreReader.Evidence.Facet (Nat → Bool))))
            (@CoreReader.Adopted.taskOfFacet (Nat → Bool) CoreReader.Adopted.strongFacet012))))))
  (And
    (And
      (@Eq.{1} Bool
        (@CoreReader.Evidence.Record.test (Prod.{0, 0} Bool Bool) CoreReader.Evidence.temperatureRecord
          (@Prod.mk.{0, 0} Bool Bool Bool.true Bool.false))
        Bool.true)
      (And
        (@CoreReader.Evidence.Compatible (Prod.{0, 0} Bool Bool)
          (@List.cons.{0} (CoreReader.Evidence.Record (Prod.{0, 0} Bool Bool)) CoreReader.Evidence.temperatureRecord
            (@List.cons.{0} (CoreReader.Evidence.Record (Prod.{0, 0} Bool Bool)) CoreReader.Evidence.temperatureRecord
              (@List.nil.{0} (CoreReader.Evidence.Record (Prod.{0, 0} Bool Bool)))))
          (@Prod.mk.{0, 0} Bool Bool Bool.true Bool.false))
        (And
          (@CoreReader.Evidence.Compatible (Prod.{0, 0} Bool Bool)
            (@List.cons.{0} (CoreReader.Evidence.Record (Prod.{0, 0} Bool Bool)) CoreReader.Evidence.temperatureRecord
              (@List.cons.{0} (CoreReader.Evidence.Record (Prod.{0, 0} Bool Bool)) CoreReader.Evidence.temperatureRecord
                (@List.nil.{0} (CoreReader.Evidence.Record (Prod.{0, 0} Bool Bool)))))
            (@Prod.mk.{0, 0} Bool Bool Bool.true Bool.true))
          (And
            (Not
              (@CoreReader.Evidence.Supports (Prod.{0, 0} Bool Bool)
                (@List.cons.{0} (CoreReader.Evidence.Record (Prod.{0, 0} Bool Bool))
                  CoreReader.Evidence.temperatureRecord
                  (@List.nil.{0} (CoreReader.Evidence.Record (Prod.{0, 0} Bool Bool))))
                fun w => @Eq.{1} Bool (@Prod.snd.{0, 0} Bool Bool w) Bool.true))
            (And
              (Not
                (@CoreReader.Evidence.Supports (Prod.{0, 0} Bool Bool)
                  (@List.cons.{0} (CoreReader.Evidence.Record (Prod.{0, 0} Bool Bool))
                    CoreReader.Evidence.temperatureRecord
                    (@List.cons.{0} (CoreReader.Evidence.Record (Prod.{0, 0} Bool Bool))
                      CoreReader.Evidence.temperatureRecord
                      (@List.nil.{0} (CoreReader.Evidence.Record (Prod.{0, 0} Bool Bool)))))
                  fun w => @Eq.{1} Bool (@Prod.snd.{0, 0} Bool Bool w) Bool.true))
              (And
                (@CoreReader.Evidence.Compatible CoreReader.Evidence.BudgetWorld
                  (@List.cons.{0} (CoreReader.Evidence.Record CoreReader.Evidence.BudgetWorld)
                    CoreReader.Evidence.actionRecord
                    (@List.cons.{0} (CoreReader.Evidence.Record CoreReader.Evidence.BudgetWorld)
                      CoreReader.Evidence.actionRecord
                      (@List.nil.{0} (CoreReader.Evidence.Record CoreReader.Evidence.BudgetWorld))))
                  (@Prod.mk.{0, 0} Bool Nat Bool.true (@OfNat.ofNat.{0} Nat (nat_lit 0) (instOfNatNat (nat_lit 0)))))
                (And
                  (@CoreReader.Evidence.Compatible CoreReader.Evidence.BudgetWorld
                    (@List.cons.{0} (CoreReader.Evidence.Record CoreReader.Evidence.BudgetWorld)
                      CoreReader.Evidence.actionRecord
                      (@List.cons.{0} (CoreReader.Evidence.Record CoreReader.Evidence.BudgetWorld)
                        CoreReader.Evidence.actionRecord
                        (@List.nil.{0} (CoreReader.Evidence.Record CoreReader.Evidence.BudgetWorld))))
                    (@Prod.mk.{0, 0} Bool Nat Bool.true (@OfNat.ofNat.{0} Nat (nat_lit 3) (instOfNatNat (nat_lit 3)))))
                  (And
                    (Not
                      (@CoreReader.Evidence.Supports CoreReader.Evidence.BudgetWorld
                        (@List.cons.{0} (CoreReader.Evidence.Record CoreReader.Evidence.BudgetWorld)
                          CoreReader.Evidence.actionRecord
                          (@List.nil.{0} (CoreReader.Evidence.Record CoreReader.Evidence.BudgetWorld)))
                        (@CoreReader.Evidence.ValuePosition.consequence CoreReader.Evidence.BudgetWorld
                          CoreReader.Evidence.announcementPosition)))
                    (And
                      (Not
                        (@CoreReader.Evidence.Supports CoreReader.Evidence.BudgetWorld
                          (@List.cons.{0} (CoreReader.Evidence.Record CoreReader.Evidence.BudgetWorld)
                            CoreReader.Evidence.actionRecord
                            (@List.cons.{0} (CoreReader.Evidence.Record CoreReader.Evidence.BudgetWorld)
                              CoreReader.Evidence.actionRecord
                              (@List.nil.{0} (CoreReader.Evidence.Record CoreReader.Evidence.BudgetWorld))))
                          (@CoreReader.Evidence.ValuePosition.consequence CoreReader.Evidence.BudgetWorld
                            CoreReader.Evidence.announcementPosition)))
                      (Not
                        (@CoreReader.Evidence.ValueProcedure CoreReader.Evidence.BudgetWorld
                          CoreReader.Evidence.announcementPosition)))))))))))
    (And
      (And
        (@CoreReader.Adopted.empiricalSpecification (Prod.{0, 0} Bool Bool)
          (@List.cons.{0} (CoreReader.Evidence.Record (Prod.{0, 0} Bool Bool)) CoreReader.Evidence.temperatureRecord
            (@List.cons.{0} (CoreReader.Evidence.Record (Prod.{0, 0} Bool Bool)) CoreReader.Evidence.temperatureRecord
              (@List.nil.{0} (CoreReader.Evidence.Record (Prod.{0, 0} Bool Bool)))))
          (fun x => True) (fun w => @Eq.{1} Bool (@Prod.fst.{0, 0} Bool Bool w) Bool.true) fun w =>
          Or (@Eq.{1} Bool (@Prod.snd.{0, 0} Bool Bool w) Bool.true)
            (@Eq.{1} Bool (@Prod.snd.{0, 0} Bool Bool w) Bool.false))
        (And
          (@CoreReader.Evidence.Compatible (Prod.{0, 0} Bool Bool)
            (@List.cons.{0} (CoreReader.Evidence.Record (Prod.{0, 0} Bool Bool)) CoreReader.Evidence.temperatureRecord
              (@List.cons.{0} (CoreReader.Evidence.Record (Prod.{0, 0} Bool Bool)) CoreReader.Evidence.temperatureRecord
                (@List.nil.{0} (CoreReader.Evidence.Record (Prod.{0, 0} Bool Bool)))))
            (@Prod.mk.{0, 0} Bool Bool Bool.true Bool.true))
          (@CoreReader.Evidence.Compatible (Prod.{0, 0} Bool Bool)
            (@List.cons.{0} (CoreReader.Evidence.Record (Prod.{0, 0} Bool Bool)) CoreReader.Evidence.temperatureRecord
              (@List.cons.{0} (CoreReader.Evidence.Record (Prod.{0, 0} Bool Bool)) CoreReader.Evidence.temperatureRecord
                (@List.nil.{0} (CoreReader.Evidence.Record (Prod.{0, 0} Bool Bool)))))
            (@Prod.mk.{0, 0} Bool Bool Bool.true Bool.false))))
      (And
        (And
          (@CoreReader.Adopted.Grounds012 (Nat → Bool)
            (fun f => @Eq.{1} Bool (f (@OfNat.ofNat.{0} Nat (nat_lit 0) (instOfNatNat (nat_lit 0)))) Bool.true)
            (@CoreReader.Evidence.canonicalArticulation (Nat → Bool))
            (@List.cons.{1} (CoreReader.Evidence.Facet (Nat → Bool)) CoreReader.Adopted.localFacet012
              (@List.nil.{1} (CoreReader.Evidence.Facet (Nat → Bool))))
            CoreReader.Adopted.originalLocalTask012)
          (@CoreReader.Adopted.Grounds012 (Nat → Bool)
            (fun f => @Eq.{1} Bool (f (@OfNat.ofNat.{0} Nat (nat_lit 0) (instOfNatNat (nat_lit 0)))) Bool.true)
            (@CoreReader.Evidence.canonicalArticulation (Nat → Bool))
            (@List.cons.{1} (CoreReader.Evidence.Facet (Nat → Bool)) CoreReader.Adopted.observedInferenceFacet012
              (@List.nil.{1} (CoreReader.Evidence.Facet (Nat → Bool))))
            CoreReader.Adopted.originalLocalTask012))
        (And (@CoreReader.Evidence.FacetDischarged (Prod.{0, 0} Bool Bool) CoreReader.Adopted.uncertaintyBypassFacet012)
          (And
            (Not
              (@CoreReader.Adopted.NatureAppropriate (Prod.{0, 0} Bool Bool)
                CoreReader.Adopted.originalUncertaintyTask012 CoreReader.Adopted.uncertaintyBypassFacet012))
            (Not
              (@CoreReader.Adopted.Grounds012 (Prod.{0, 0} Bool Bool)
                (fun w => @Eq.{1} Bool (@Prod.fst.{0, 0} Bool Bool w) Bool.true)
                (@CoreReader.Evidence.canonicalArticulation (Prod.{0, 0} Bool Bool))
                (@List.cons.{1} (CoreReader.Evidence.Facet (Prod.{0, 0} Bool Bool))
                  CoreReader.Adopted.uncertaintyBypassFacet012
                  (@List.nil.{1} (CoreReader.Evidence.Facet (Prod.{0, 0} Bool Bool))))
                CoreReader.Adopted.originalUncertaintyTask012)))))))
CoreReader.Adopted.inferentialCases012 : And
  (And
    (@CoreReader.Adopted.inferentialSpecification Nat
      (@CoreReader.Logic.singleton Nat fun n =>
        @Eq.{1} Nat n (@OfNat.ofNat.{0} Nat (nat_lit 2) (instOfNatNat (nat_lit 2))))
      fun n =>
      @Eq.{1} Nat
        (@HAdd.hAdd.{0, 0, 0} Nat Nat Nat (@instHAdd.{0} Nat instAddNat) n
          (@OfNat.ofNat.{0} Nat (nat_lit 1) (instOfNatNat (nat_lit 1))))
        (@OfNat.ofNat.{0} Nat (nat_lit 3) (instOfNatNat (nat_lit 3))))
    (And
      (@CoreReader.Adopted.InferenceExamined Bool (@CoreReader.Logic.emptyTheory Bool)
        (fun w => @Eq.{1} Bool w Bool.true) Bool.false)
      (And (@CoreReader.Logic.Models Bool (@CoreReader.Logic.emptyTheory Bool) Bool.false)
        (Not ((fun w => @Eq.{1} Bool w Bool.true) Bool.false)))))
  (And
    (And
      (@CoreReader.Logic.Satisfiable Bool
        (@CoreReader.Logic.union Bool (@CoreReader.Logic.emptyTheory Bool)
          (@CoreReader.Logic.singleton Bool fun w => @Eq.{1} Bool w Bool.true)))
      (Not (@CoreReader.Logic.Entails Bool (@CoreReader.Logic.emptyTheory Bool) fun w => @Eq.{1} Bool w Bool.true)))
    (And
      (@CoreReader.Evidence.FacetDischarged Bool
        (@CoreReader.Evidence.Facet.inferential Bool
          (@CoreReader.Logic.singleton Bool fun w => @Eq.{1} Bool w Bool.true) fun w => @Eq.{1} Bool w Bool.true))
      (Not
        (@CoreReader.Adopted.Grounds012 Bool (fun w => @Eq.{1} Bool w Bool.true)
          (@CoreReader.Evidence.canonicalArticulation Bool)
          (@List.cons.{1} (CoreReader.Evidence.Facet Bool)
            (@CoreReader.Evidence.Facet.inferential Bool
              (@CoreReader.Logic.singleton Bool fun w => @Eq.{1} Bool w Bool.true) fun w => @Eq.{1} Bool w Bool.true)
            (@List.nil.{1} (CoreReader.Evidence.Facet Bool)))
          (@CoreReader.Adopted.AssessmentTask.inferential Bool (@CoreReader.Logic.emptyTheory Bool) fun w =>
            @Eq.{1} Bool w Bool.true)))))
CoreReader.Adopted.valueCases012 : And (@CoreReader.Adopted.valueSpecification Bool CoreReader.Evidence.switchPosition)
  (And
    (And
      (@Ne.{1}
        (List.{0}
          (CoreReader.Evidence.BudgetWorld →
            @CoreReader.Evidence.ValuePosition.Position CoreReader.Evidence.BudgetWorld
                CoreReader.Evidence.announcementPosition →
              Prop))
        (@CoreReader.Evidence.ValuePosition.reasons CoreReader.Evidence.BudgetWorld
          CoreReader.Evidence.announcementPosition)
        (@List.nil.{0}
          (CoreReader.Evidence.BudgetWorld →
            @CoreReader.Evidence.ValuePosition.Position CoreReader.Evidence.BudgetWorld
                CoreReader.Evidence.announcementPosition →
              Prop)))
      (And
        (@CoreReader.Evidence.ValuePosition.commitment CoreReader.Evidence.BudgetWorld
          CoreReader.Evidence.announcementPosition
          (@Prod.mk.{0, 0} Bool Nat Bool.true (@OfNat.ofNat.{0} Nat (nat_lit 0) (instOfNatNat (nat_lit 0)))))
        (And
          (∀
            (reason :
              CoreReader.Evidence.BudgetWorld →
                @CoreReader.Evidence.ValuePosition.Position CoreReader.Evidence.BudgetWorld
                    CoreReader.Evidence.announcementPosition →
                  Prop),
            @Membership.mem.{0, 0}
                (CoreReader.Evidence.BudgetWorld →
                  @CoreReader.Evidence.ValuePosition.Position CoreReader.Evidence.BudgetWorld
                      CoreReader.Evidence.announcementPosition →
                    Prop)
                (List.{0}
                  (CoreReader.Evidence.BudgetWorld →
                    @CoreReader.Evidence.ValuePosition.Position CoreReader.Evidence.BudgetWorld
                        CoreReader.Evidence.announcementPosition →
                      Prop))
                (@List.instMembership.{0}
                  (CoreReader.Evidence.BudgetWorld →
                    @CoreReader.Evidence.ValuePosition.Position CoreReader.Evidence.BudgetWorld
                        CoreReader.Evidence.announcementPosition →
                      Prop))
                (@CoreReader.Evidence.ValuePosition.reasons CoreReader.Evidence.BudgetWorld
                  CoreReader.Evidence.announcementPosition)
                reason →
              reason (@Prod.mk.{0, 0} Bool Nat Bool.true (@OfNat.ofNat.{0} Nat (nat_lit 0) (instOfNatNat (nat_lit 0))))
                (@CoreReader.Evidence.ValuePosition.adopted CoreReader.Evidence.BudgetWorld
                  CoreReader.Evidence.announcementPosition))
          (And
            (Not
              (@CoreReader.Evidence.ValuePosition.consequence CoreReader.Evidence.BudgetWorld
                CoreReader.Evidence.announcementPosition
                (@Prod.mk.{0, 0} Bool Nat Bool.true (@OfNat.ofNat.{0} Nat (nat_lit 0) (instOfNatNat (nat_lit 0))))))
            (Not
              (@CoreReader.Evidence.ValueProcedure CoreReader.Evidence.BudgetWorld
                CoreReader.Evidence.announcementPosition))))))
    (And (Not (@CoreReader.Evidence.ValueProcedure Bool CoreReader.Adopted.closedPosition012))
      (And
        (And (@CoreReader.Evidence.ValueProcedure Bool CoreReader.Evidence.switchPosition)
          (And
            (@CoreReader.Logic.Satisfiable Bool
              (@CoreReader.Evidence.ValuePosition.starting Bool CoreReader.Evidence.switchPosition))
            (And
              (Not
                (@CoreReader.Logic.Entails Bool (@CoreReader.Logic.emptyTheory Bool)
                  (@CoreReader.Evidence.ValuePosition.commitment Bool CoreReader.Evidence.switchPosition)))
              (And
                (And (@CoreReader.Evidence.JointAdoption Bool CoreReader.Evidence.oppositePosition)
                  (Not (@CoreReader.Evidence.ValueProcedure Bool CoreReader.Evidence.oppositePosition)))
                (And (Not (@CoreReader.Evidence.ValueProcedure Bool CoreReader.Evidence.contradictoryStartingPosition))
                  (Not (@CoreReader.Evidence.ValueProcedure Bool CoreReader.Evidence.impossibleAdoptionPosition)))))))
        (And (@CoreReader.Evidence.FacetDischarged Bool CoreReader.Adopted.selectedFactFacet012)
          (And (@CoreReader.Adopted.valueSpecification Bool CoreReader.Evidence.switchPosition)
            (Not
              (@CoreReader.Adopted.Grounds012 Bool
                (@CoreReader.Evidence.ValuePosition.commitment Bool CoreReader.Evidence.switchPosition)
                (@CoreReader.Evidence.canonicalArticulation Bool)
                (@List.cons.{1} (CoreReader.Evidence.Facet Bool) CoreReader.Adopted.selectedFactFacet012
                  (@List.nil.{1} (CoreReader.Evidence.Facet Bool)))
                (@CoreReader.Adopted.AssessmentTask.value Bool CoreReader.Evidence.switchPosition))))))))
CoreReader.Adopted.groundsLimits012 : And
  (And (@CoreReader.Evidence.Articulated Bool CoreReader.Adopted.clearFalseArgument012)
    (Not
      (@CoreReader.Logic.Models Bool
        (@CoreReader.Evidence.Articulation.assumptions Bool CoreReader.Adopted.clearFalseArgument012) Bool.false)))
  (And
    (And
      (@Eq.{1} Bool
        (@CoreReader.Evidence.Record.test (Prod.{0, 0} Bool Bool) CoreReader.Evidence.temperatureRecord
          (@Prod.mk.{0, 0} Bool Bool Bool.true Bool.false))
        Bool.true)
      (And
        (@CoreReader.Evidence.Compatible (Prod.{0, 0} Bool Bool)
          (@List.cons.{0} (CoreReader.Evidence.Record (Prod.{0, 0} Bool Bool)) CoreReader.Evidence.temperatureRecord
            (@List.cons.{0} (CoreReader.Evidence.Record (Prod.{0, 0} Bool Bool)) CoreReader.Evidence.temperatureRecord
              (@List.nil.{0} (CoreReader.Evidence.Record (Prod.{0, 0} Bool Bool)))))
          (@Prod.mk.{0, 0} Bool Bool Bool.true Bool.false))
        (And
          (@CoreReader.Evidence.Compatible (Prod.{0, 0} Bool Bool)
            (@List.cons.{0} (CoreReader.Evidence.Record (Prod.{0, 0} Bool Bool)) CoreReader.Evidence.temperatureRecord
              (@List.cons.{0} (CoreReader.Evidence.Record (Prod.{0, 0} Bool Bool)) CoreReader.Evidence.temperatureRecord
                (@List.nil.{0} (CoreReader.Evidence.Record (Prod.{0, 0} Bool Bool)))))
            (@Prod.mk.{0, 0} Bool Bool Bool.true Bool.true))
          (And
            (Not
              (@CoreReader.Evidence.Supports (Prod.{0, 0} Bool Bool)
                (@List.cons.{0} (CoreReader.Evidence.Record (Prod.{0, 0} Bool Bool))
                  CoreReader.Evidence.temperatureRecord
                  (@List.nil.{0} (CoreReader.Evidence.Record (Prod.{0, 0} Bool Bool))))
                fun w => @Eq.{1} Bool (@Prod.snd.{0, 0} Bool Bool w) Bool.true))
            (And
              (Not
                (@CoreReader.Evidence.Supports (Prod.{0, 0} Bool Bool)
                  (@List.cons.{0} (CoreReader.Evidence.Record (Prod.{0, 0} Bool Bool))
                    CoreReader.Evidence.temperatureRecord
                    (@List.cons.{0} (CoreReader.Evidence.Record (Prod.{0, 0} Bool Bool))
                      CoreReader.Evidence.temperatureRecord
                      (@List.nil.{0} (CoreReader.Evidence.Record (Prod.{0, 0} Bool Bool)))))
                  fun w => @Eq.{1} Bool (@Prod.snd.{0, 0} Bool Bool w) Bool.true))
              (And
                (@CoreReader.Evidence.Compatible CoreReader.Evidence.BudgetWorld
                  (@List.cons.{0} (CoreReader.Evidence.Record CoreReader.Evidence.BudgetWorld)
                    CoreReader.Evidence.actionRecord
                    (@List.cons.{0} (CoreReader.Evidence.Record CoreReader.Evidence.BudgetWorld)
                      CoreReader.Evidence.actionRecord
                      (@List.nil.{0} (CoreReader.Evidence.Record CoreReader.Evidence.BudgetWorld))))
                  (@Prod.mk.{0, 0} Bool Nat Bool.true (@OfNat.ofNat.{0} Nat (nat_lit 0) (instOfNatNat (nat_lit 0)))))
                (And
                  (@CoreReader.Evidence.Compatible CoreReader.Evidence.BudgetWorld
                    (@List.cons.{0} (CoreReader.Evidence.Record CoreReader.Evidence.BudgetWorld)
                      CoreReader.Evidence.actionRecord
                      (@List.cons.{0} (CoreReader.Evidence.Record CoreReader.Evidence.BudgetWorld)
                        CoreReader.Evidence.actionRecord
                        (@List.nil.{0} (CoreReader.Evidence.Record CoreReader.Evidence.BudgetWorld))))
                    (@Prod.mk.{0, 0} Bool Nat Bool.true (@OfNat.ofNat.{0} Nat (nat_lit 3) (instOfNatNat (nat_lit 3)))))
                  (And
                    (Not
                      (@CoreReader.Evidence.Supports CoreReader.Evidence.BudgetWorld
                        (@List.cons.{0} (CoreReader.Evidence.Record CoreReader.Evidence.BudgetWorld)
                          CoreReader.Evidence.actionRecord
                          (@List.nil.{0} (CoreReader.Evidence.Record CoreReader.Evidence.BudgetWorld)))
                        (@CoreReader.Evidence.ValuePosition.consequence CoreReader.Evidence.BudgetWorld
                          CoreReader.Evidence.announcementPosition)))
                    (And
                      (Not
                        (@CoreReader.Evidence.Supports CoreReader.Evidence.BudgetWorld
                          (@List.cons.{0} (CoreReader.Evidence.Record CoreReader.Evidence.BudgetWorld)
                            CoreReader.Evidence.actionRecord
                            (@List.cons.{0} (CoreReader.Evidence.Record CoreReader.Evidence.BudgetWorld)
                              CoreReader.Evidence.actionRecord
                              (@List.nil.{0} (CoreReader.Evidence.Record CoreReader.Evidence.BudgetWorld))))
                          (@CoreReader.Evidence.ValuePosition.consequence CoreReader.Evidence.BudgetWorld
                            CoreReader.Evidence.announcementPosition)))
                      (Not
                        (@CoreReader.Evidence.ValueProcedure CoreReader.Evidence.BudgetWorld
                          CoreReader.Evidence.announcementPosition)))))))))))
    (And
      (And (@CoreReader.Adopted.valueSpecification Bool CoreReader.Evidence.switchPosition)
        (And
          (@CoreReader.Evidence.Compatible Bool
            (@List.cons.{0} (CoreReader.Evidence.Record Bool) CoreReader.Adopted.valueNeutralRecord012
              (@List.nil.{0} (CoreReader.Evidence.Record Bool)))
            Bool.false)
          (And
            (Not
              (@CoreReader.Evidence.Supports Bool
                (@List.cons.{0} (CoreReader.Evidence.Record Bool) CoreReader.Adopted.valueNeutralRecord012
                  (@List.nil.{0} (CoreReader.Evidence.Record Bool)))
                (@CoreReader.Evidence.ValuePosition.commitment Bool CoreReader.Evidence.switchPosition)))
            (Not
              (@CoreReader.Logic.Entails Bool (@CoreReader.Logic.emptyTheory Bool)
                (@CoreReader.Evidence.ValuePosition.commitment Bool CoreReader.Evidence.switchPosition))))))
      (And
        (And (@CoreReader.Evidence.ValueProcedure Bool CoreReader.Evidence.switchPosition)
          (And
            (@CoreReader.Logic.Satisfiable Bool
              (@CoreReader.Evidence.ValuePosition.starting Bool CoreReader.Evidence.switchPosition))
            (And
              (Not
                (@CoreReader.Logic.Entails Bool (@CoreReader.Logic.emptyTheory Bool)
                  (@CoreReader.Evidence.ValuePosition.commitment Bool CoreReader.Evidence.switchPosition)))
              (And
                (And (@CoreReader.Evidence.JointAdoption Bool CoreReader.Evidence.oppositePosition)
                  (Not (@CoreReader.Evidence.ValueProcedure Bool CoreReader.Evidence.oppositePosition)))
                (And (Not (@CoreReader.Evidence.ValueProcedure Bool CoreReader.Evidence.contradictoryStartingPosition))
                  (Not (@CoreReader.Evidence.ValueProcedure Bool CoreReader.Evidence.impossibleAdoptionPosition)))))))
        (And
          (@CoreReader.Adopted.ClaimNoStronger (Nat → Bool)
            (fun f => @Eq.{1} Bool (f (@OfNat.ofNat.{0} Nat (nat_lit 0) (instOfNatNat (nat_lit 0)))) Bool.true)
            CoreReader.Evidence.allTrue)
          (And
            (Not
              (@CoreReader.Adopted.ClaimNoStronger (Nat → Bool) CoreReader.Evidence.allTrue fun f =>
                @Eq.{1} Bool (f (@OfNat.ofNat.{0} Nat (nat_lit 0) (instOfNatNat (nat_lit 0)))) Bool.true))
            (@CoreReader.Adopted.valueSpecification Bool CoreReader.Evidence.switchPosition))))))
CoreReader.Adopted.scopeCases012 : And
  (@CoreReader.Adopted.scopeSpecification Nat CoreReader.Adopted.localScopeAccount012)
  (And
    (∀ (n : Nat),
      @Eq.{1} Nat n (@OfNat.ofNat.{0} Nat (nat_lit 0) (instOfNatNat (nat_lit 0))) →
        @Eq.{1} Bool ((fun x => Bool.true) n)
          (CoreReader.Evidence.localGenerator (@OfNat.ofNat.{0} Nat (nat_lit 0) (instOfNatNat (nat_lit 0))) n))
    (@Ne.{1} Bool ((fun x => Bool.true) (@OfNat.ofNat.{0} Nat (nat_lit 1) (instOfNatNat (nat_lit 1))))
      (CoreReader.Evidence.localGenerator (@OfNat.ofNat.{0} Nat (nat_lit 0) (instOfNatNat (nat_lit 0)))
        (@OfNat.ofNat.{0} Nat (nat_lit 1) (instOfNatNat (nat_lit 1))))))
CoreReader.Adopted.scopeLimits012 : And
  (And
    (@Exists.{1} Nat fun outside => @Ne.{1} Nat outside (@OfNat.ofNat.{0} Nat (nat_lit 0) (instOfNatNat (nat_lit 0))))
    (And
      (@CoreReader.Evidence.Compatible (Nat → Bool)
        (@List.cons.{0} (CoreReader.Evidence.Record (Nat → Bool)) CoreReader.Evidence.zeroRecord
          (@List.nil.{0} (CoreReader.Evidence.Record (Nat → Bool))))
        fun x => Bool.true)
      (And
        (@CoreReader.Evidence.Compatible (Nat → Bool)
          (@List.cons.{0} (CoreReader.Evidence.Record (Nat → Bool)) CoreReader.Evidence.zeroRecord
            (@List.nil.{0} (CoreReader.Evidence.Record (Nat → Bool))))
          (CoreReader.Evidence.localGenerator (@OfNat.ofNat.{0} Nat (nat_lit 0) (instOfNatNat (nat_lit 0)))))
        (And (CoreReader.Evidence.allTrue fun x => Bool.true)
          (And
            (Not
              (CoreReader.Evidence.allTrue
                (CoreReader.Evidence.localGenerator (@OfNat.ofNat.{0} Nat (nat_lit 0) (instOfNatNat (nat_lit 0))))))
            (Not
              (@CoreReader.Evidence.Supports (Nat → Bool)
                (@List.cons.{0} (CoreReader.Evidence.Record (Nat → Bool)) CoreReader.Evidence.zeroRecord
                  (@List.nil.{0} (CoreReader.Evidence.Record (Nat → Bool))))
                CoreReader.Evidence.allTrue)))))))
  (And
    (And
      (∀ (n : Nat),
        @Eq.{1} Nat n (@OfNat.ofNat.{0} Nat (nat_lit 0) (instOfNatNat (nat_lit 0))) →
          @Eq.{1} Bool ((fun x => Bool.true) n)
            (CoreReader.Evidence.localGenerator (@OfNat.ofNat.{0} Nat (nat_lit 0) (instOfNatNat (nat_lit 0))) n))
      (@Ne.{1} Bool ((fun x => Bool.true) (@OfNat.ofNat.{0} Nat (nat_lit 1) (instOfNatNat (nat_lit 1))))
        (CoreReader.Evidence.localGenerator (@OfNat.ofNat.{0} Nat (nat_lit 0) (instOfNatNat (nat_lit 0)))
          (@OfNat.ofNat.{0} Nat (nat_lit 1) (instOfNatNat (nat_lit 1))))))
    (And
      (And
        (@Eq.{1} Nat
          (@List.length.{0} (CoreReader.Evidence.Record (Nat → Bool))
            (@List.cons.{0} (CoreReader.Evidence.Record (Nat → Bool)) CoreReader.Evidence.zeroRecord
              (@List.nil.{0} (CoreReader.Evidence.Record (Nat → Bool)))))
          (@OfNat.ofNat.{0} Nat (nat_lit 1) (instOfNatNat (nat_lit 1))))
        (And
          (@Exists.{1} (Nat → Bool) fun f =>
            @CoreReader.Evidence.Compatible (Nat → Bool)
              (@List.cons.{0} (CoreReader.Evidence.Record (Nat → Bool)) CoreReader.Evidence.zeroRecord
                (@List.nil.{0} (CoreReader.Evidence.Record (Nat → Bool))))
              f)
          (And
            (@CoreReader.Evidence.Supports (Nat → Bool)
              (@List.cons.{0} (CoreReader.Evidence.Record (Nat → Bool)) CoreReader.Evidence.zeroRecord
                (@List.nil.{0} (CoreReader.Evidence.Record (Nat → Bool))))
              fun f => @Eq.{1} Bool (f (@OfNat.ofNat.{0} Nat (nat_lit 0) (instOfNatNat (nat_lit 0)))) Bool.true)
            (Not
              (@CoreReader.Evidence.Supports (Nat → Bool)
                (@List.cons.{0} (CoreReader.Evidence.Record (Nat → Bool)) CoreReader.Evidence.zeroRecord
                  (@List.nil.{0} (CoreReader.Evidence.Record (Nat → Bool))))
                CoreReader.Evidence.allTrue)))))
      (And
        (have a :=
          { setting := @OfNat.ofNat.{0} Nat (nat_lit 0) (instOfNatNat (nat_lit 0)),
            actualOutcome := @OfNat.ofNat.{0} Nat (nat_lit 1) (instOfNatNat (nat_lit 1)),
            recordedOutcome := @OfNat.ofNat.{0} Nat (nat_lit 1) (instOfNatNat (nat_lit 1)) };
        have b :=
          { setting := @OfNat.ofNat.{0} Nat (nat_lit 0) (instOfNatNat (nat_lit 0)),
            actualOutcome := @OfNat.ofNat.{0} Nat (nat_lit 2) (instOfNatNat (nat_lit 2)),
            recordedOutcome := @OfNat.ofNat.{0} Nat (nat_lit 2) (instOfNatNat (nat_lit 2)) };
        And (CoreReader.Evidence.Reproduced a b)
          (And (@Ne.{1} Nat a.actualOutcome b.actualOutcome)
            (And (CoreReader.Evidence.Bounded a) (CoreReader.Evidence.Bounded b))))
        (And
          (And
            (And
              (CoreReader.Evidence.Verified
                { setting := @OfNat.ofNat.{0} Nat (nat_lit 0) (instOfNatNat (nat_lit 0)),
                  actualOutcome := @OfNat.ofNat.{0} Nat (nat_lit 1) (instOfNatNat (nat_lit 1)),
                  recordedOutcome := @OfNat.ofNat.{0} Nat (nat_lit 1) (instOfNatNat (nat_lit 1)) })
              (And
                (CoreReader.Evidence.Verified
                  { setting := @OfNat.ofNat.{0} Nat (nat_lit 1) (instOfNatNat (nat_lit 1)),
                    actualOutcome := @OfNat.ofNat.{0} Nat (nat_lit 1) (instOfNatNat (nat_lit 1)),
                    recordedOutcome := @OfNat.ofNat.{0} Nat (nat_lit 1) (instOfNatNat (nat_lit 1)) })
                (Not
                  (CoreReader.Evidence.Reproduced
                    { setting := @OfNat.ofNat.{0} Nat (nat_lit 0) (instOfNatNat (nat_lit 0)),
                      actualOutcome := @OfNat.ofNat.{0} Nat (nat_lit 1) (instOfNatNat (nat_lit 1)),
                      recordedOutcome := @OfNat.ofNat.{0} Nat (nat_lit 1) (instOfNatNat (nat_lit 1)) }
                    { setting := @OfNat.ofNat.{0} Nat (nat_lit 1) (instOfNatNat (nat_lit 1)),
                      actualOutcome := @OfNat.ofNat.{0} Nat (nat_lit 1) (instOfNatNat (nat_lit 1)),
                      recordedOutcome := @OfNat.ofNat.{0} Nat (nat_lit 1) (instOfNatNat (nat_lit 1)) }))))
            (And
              (And
                (CoreReader.Evidence.Reproduced
                  { setting := @OfNat.ofNat.{0} Nat (nat_lit 0) (instOfNatNat (nat_lit 0)),
                    actualOutcome := @OfNat.ofNat.{0} Nat (nat_lit 1) (instOfNatNat (nat_lit 1)),
                    recordedOutcome := @OfNat.ofNat.{0} Nat (nat_lit 1) (instOfNatNat (nat_lit 1)) }
                  { setting := @OfNat.ofNat.{0} Nat (nat_lit 0) (instOfNatNat (nat_lit 0)),
                    actualOutcome := @OfNat.ofNat.{0} Nat (nat_lit 3) (instOfNatNat (nat_lit 3)),
                    recordedOutcome := @OfNat.ofNat.{0} Nat (nat_lit 2) (instOfNatNat (nat_lit 2)) })
                (And
                  (Not
                    (CoreReader.Evidence.Verified
                      { setting := @OfNat.ofNat.{0} Nat (nat_lit 0) (instOfNatNat (nat_lit 0)),
                        actualOutcome := @OfNat.ofNat.{0} Nat (nat_lit 3) (instOfNatNat (nat_lit 3)),
                        recordedOutcome := @OfNat.ofNat.{0} Nat (nat_lit 2) (instOfNatNat (nat_lit 2)) }))
                  (Not
                    (CoreReader.Evidence.Bounded
                      { setting := @OfNat.ofNat.{0} Nat (nat_lit 0) (instOfNatNat (nat_lit 0)),
                        actualOutcome := @OfNat.ofNat.{0} Nat (nat_lit 3) (instOfNatNat (nat_lit 3)),
                        recordedOutcome := @OfNat.ofNat.{0} Nat (nat_lit 2) (instOfNatNat (nat_lit 2)) }))))
              (And
                (CoreReader.Evidence.Bounded
                  { setting := @OfNat.ofNat.{0} Nat (nat_lit 0) (instOfNatNat (nat_lit 0)),
                    actualOutcome := @OfNat.ofNat.{0} Nat (nat_lit 1) (instOfNatNat (nat_lit 1)),
                    recordedOutcome := @OfNat.ofNat.{0} Nat (nat_lit 1) (instOfNatNat (nat_lit 1)) })
                (And
                  (CoreReader.Evidence.Bounded
                    { setting := @OfNat.ofNat.{0} Nat (nat_lit 0) (instOfNatNat (nat_lit 0)),
                      actualOutcome := @OfNat.ofNat.{0} Nat (nat_lit 2) (instOfNatNat (nat_lit 2)),
                      recordedOutcome := @OfNat.ofNat.{0} Nat (nat_lit 0) (instOfNatNat (nat_lit 0)) })
                  (Not
                    (CoreReader.Evidence.Verified
                      { setting := @OfNat.ofNat.{0} Nat (nat_lit 0) (instOfNatNat (nat_lit 0)),
                        actualOutcome := @OfNat.ofNat.{0} Nat (nat_lit 2) (instOfNatNat (nat_lit 2)),
                        recordedOutcome := @OfNat.ofNat.{0} Nat (nat_lit 0) (instOfNatNat (nat_lit 0)) }))))))
          (And
            (And (@CoreReader.Evidence.FacetDischarged Nat CoreReader.Evidence.arithmeticFacet)
              (@Eq.{1} Bool (@CoreReader.Evidence.usesObservation Nat CoreReader.Evidence.arithmeticFacet) Bool.false))
            (And
              (And
                (@CoreReader.Adopted.inferentialSpecification Bool
                  (@CoreReader.Logic.singleton Bool fun on => @Eq.{1} Bool on Bool.true) fun on =>
                  @Ne.{1} Bool on Bool.false)
                (@Eq.{1} Bool
                  (@CoreReader.Evidence.usesObservation Bool
                    (@CoreReader.Evidence.Facet.inferential Bool
                      (@CoreReader.Logic.singleton Bool fun on => @Eq.{1} Bool on Bool.true) fun on =>
                      @Ne.{1} Bool on Bool.false))
                  Bool.false))
              (And
                (@GT.gt.{0} Nat instLTNat (CoreReader.Adopted.drawWeight012 Bool.true)
                  (@OfNat.ofNat.{0} Nat (nat_lit 0) (instOfNatNat (nat_lit 0))))
                (And
                  (@GT.gt.{0} Nat instLTNat (CoreReader.Adopted.drawWeight012 Bool.false)
                    (@OfNat.ofNat.{0} Nat (nat_lit 0) (instOfNatNat (nat_lit 0))))
                  (And
                    (@Eq.{1} Nat (CoreReader.Adopted.drawWeight012 Bool.true)
                      (CoreReader.Adopted.drawWeight012 Bool.false))
                    (And
                      (CoreReader.Evidence.Reproduced (CoreReader.Adopted.randomTrial012 Bool.true)
                        (CoreReader.Adopted.randomTrial012 Bool.false))
                      (And
                        (@Ne.{1} Nat (CoreReader.Adopted.randomTrial012 Bool.true).actualOutcome
                          (CoreReader.Adopted.randomTrial012 Bool.false).actualOutcome)
                        (∀ (draw : Bool),
                          And (CoreReader.Evidence.Verified (CoreReader.Adopted.randomTrial012 draw))
                            (CoreReader.Evidence.Bounded (CoreReader.Adopted.randomTrial012 draw))))))))))))))
CoreReader.Adopted.capabilityCases012 : And
  (And
    (CoreReader.Adopted.capabilitySpecification CoreReader.Evidence.outputOnlyProcess
      CoreReader.Evidence.OutputContract)
    (And
      (CoreReader.Adopted.capabilitySpecification CoreReader.Evidence.explainedProcess
        CoreReader.Evidence.FullProcessContract)
      (And
        (@Exists.{1} (CoreReader.Evidence.ExternalCertificate CoreReader.Evidence.outputOnlyProcess) fun certificate =>
          And
            (@Ne.{1} Nat
              (@CoreReader.Evidence.ExternalCertificate.assessorId CoreReader.Evidence.outputOnlyProcess certificate)
              (@CoreReader.Evidence.ExternalCertificate.assessedId CoreReader.Evidence.outputOnlyProcess certificate))
            (CoreReader.Evidence.OutputContract CoreReader.Evidence.outputOnlyProcess))
        (Not (CoreReader.Evidence.ExplanationContract CoreReader.Evidence.outputOnlyProcess)))))
  (And
    (CoreReader.Adopted.OwnCapability012 (@OfNat.ofNat.{0} Nat (nat_lit 7) (instOfNatNat (nat_lit 7)))
      (@OfNat.ofNat.{0} Nat (nat_lit 7) (instOfNatNat (nat_lit 7))) CoreReader.Evidence.outputOnlyProcess
      CoreReader.Evidence.OutputContract)
    (And
      (@Eq.{1} CoreReader.Evidence.Process CoreReader.Adopted.explainedWithoutVariation012.process
        CoreReader.Adopted.mechanismResponder012.process)
      (And (CoreReader.Evidence.FullProcessContract CoreReader.Adopted.explainedWithoutVariation012.process)
        (And (Not (CoreReader.Adopted.UnderstandingApplication012 CoreReader.Adopted.explainedWithoutVariation012))
          (And (CoreReader.Adopted.UnderstandingApplication012 CoreReader.Adopted.mechanismResponder012)
            (And
              (@CoreReader.Adopted.Grounds012 CoreReader.Adopted.MechanismApplication012
                CoreReader.Adopted.UnderstandingApplication012
                (@CoreReader.Evidence.canonicalArticulation CoreReader.Adopted.MechanismApplication012)
                (@List.cons.{1} (CoreReader.Evidence.Facet CoreReader.Adopted.MechanismApplication012)
                  (CoreReader.Adopted.understandingFacet012 CoreReader.Adopted.mechanismResponder012)
                  (@List.nil.{1} (CoreReader.Evidence.Facet CoreReader.Adopted.MechanismApplication012)))
                (CoreReader.Adopted.understandingTask012 CoreReader.Adopted.mechanismResponder012))
              (Not
                (@CoreReader.Adopted.Grounds012 CoreReader.Adopted.MechanismApplication012
                  CoreReader.Adopted.UnderstandingApplication012
                  (@CoreReader.Evidence.canonicalArticulation CoreReader.Adopted.MechanismApplication012)
                  (@List.cons.{1} (CoreReader.Evidence.Facet CoreReader.Adopted.MechanismApplication012)
                    (CoreReader.Adopted.understandingFacet012 CoreReader.Adopted.explainedWithoutVariation012)
                    (@List.nil.{1} (CoreReader.Evidence.Facet CoreReader.Adopted.MechanismApplication012)))
                  (CoreReader.Adopted.understandingTask012 CoreReader.Adopted.explainedWithoutVariation012)))))))))
CoreReader.Adopted.capabilityLimits012 : And
  (And
    (CoreReader.Adopted.capabilitySpecification CoreReader.Evidence.outputOnlyProcess
      CoreReader.Evidence.OutputContract)
    (And
      (CoreReader.Adopted.capabilitySpecification CoreReader.Evidence.explainedProcess
        CoreReader.Evidence.FullProcessContract)
      (And
        (@Exists.{1} (CoreReader.Evidence.ExternalCertificate CoreReader.Evidence.outputOnlyProcess) fun certificate =>
          And
            (@Ne.{1} Nat
              (@CoreReader.Evidence.ExternalCertificate.assessorId CoreReader.Evidence.outputOnlyProcess certificate)
              (@CoreReader.Evidence.ExternalCertificate.assessedId CoreReader.Evidence.outputOnlyProcess certificate))
            (CoreReader.Evidence.OutputContract CoreReader.Evidence.outputOnlyProcess))
        (Not (CoreReader.Evidence.ExplanationContract CoreReader.Evidence.outputOnlyProcess)))))
  (And
    (∀ (kind : CoreReader.Agency.InventoryKind),
      And
        (CoreReader.Agency.Available
          (@List.cons.{0} CoreReader.Agency.Item { kind := kind, content := CoreReader.Agency.Operation.copy }
            (@List.cons.{0} CoreReader.Agency.Item { kind := kind, content := CoreReader.Agency.Operation.copy }
              (@List.nil.{0} CoreReader.Agency.Item)))
          CoreReader.Agency.Operation.copy)
        (Not
          (CoreReader.Agency.Available
            (@List.cons.{0} CoreReader.Agency.Item { kind := kind, content := CoreReader.Agency.Operation.copy }
              (@List.cons.{0} CoreReader.Agency.Item { kind := kind, content := CoreReader.Agency.Operation.copy }
                (@List.nil.{0} CoreReader.Agency.Item)))
            CoreReader.Agency.Operation.successor)))
    (And (CoreReader.Agency.Generative CoreReader.Agency.generatingSystem.policy)
      (And
        (CoreReader.Agency.generatingSystem.policy.permitsVersion
          (@OfNat.ofNat.{0} Nat (nat_lit 0) (instOfNatNat (nat_lit 0)))
          (@OfNat.ofNat.{0} Nat (nat_lit 0) (instOfNatNat (nat_lit 0))))
        (And
          (Not (CoreReader.Agency.Expanded CoreReader.Agency.generatingSystem.current CoreReader.Agency.inflatedState))
          (And
            (@LT.lt.{0} Nat instLTNat
              (@List.length.{0} CoreReader.Agency.Item CoreReader.Agency.generatingSystem.current.inventory)
              (@List.length.{0} CoreReader.Agency.Item CoreReader.Agency.inflatedState.inventory))
            (And
              (@LT.lt.{0} Nat instLTNat
                (@List.length.{0} CoreReader.Agency.Operation
                  CoreReader.Agency.generatingSystem.current.abstractionLayers)
                (@List.length.{0} CoreReader.Agency.Operation CoreReader.Agency.inflatedState.abstractionLayers))
              (And
                (@LT.lt.{0} Nat instLTNat
                  (@List.length.{0} CoreReader.Agency.Operation CoreReader.Agency.generatingSystem.current.vocabulary)
                  (@List.length.{0} CoreReader.Agency.Operation CoreReader.Agency.inflatedState.vocabulary))
                (And
                  (@Eq.{1} (Option.{0} Nat)
                    (CoreReader.Agency.generatingSystem.execute CoreReader.Agency.availableResources)
                    (@Option.some.{0} Nat (@OfNat.ofNat.{0} Nat (nat_lit 6) (instOfNatNat (nat_lit 6)))))
                  (And
                    (@Eq.{1} (Option.{0} Nat)
                      (CoreReader.Agency.generatingSystem.execute
                        (have __src := CoreReader.Agency.availableResources;
                        { experience := @Option.none.{0} Nat, knowledge := __src.knowledge,
                          collaborator := __src.collaborator }))
                      (@Option.none.{0} Nat))
                    (And
                      (@Eq.{1} (Option.{0} Nat)
                        (CoreReader.Agency.generatingSystem.execute
                          (have __src := CoreReader.Agency.availableResources;
                          { experience := __src.experience, knowledge := @Option.none.{0} Nat,
                            collaborator := __src.collaborator }))
                        (@Option.none.{0} Nat))
                      (And
                        (@Eq.{1} (Option.{0} Nat)
                          (CoreReader.Agency.generatingSystem.execute
                            (have __src := CoreReader.Agency.availableResources;
                            { experience := __src.experience, knowledge := __src.knowledge,
                              collaborator := @Option.none.{0} Nat }))
                          (@Option.none.{0} Nat))
                        (And
                          (@Eq.{1} (Option.{0} Nat)
                            (CoreReader.Agency.generatingSystem.execute
                              { experience := @Option.none.{0} Nat, knowledge := @Option.none.{0} Nat,
                                collaborator := @Option.none.{0} Nat })
                            (@Option.none.{0} Nat))
                          (And
                            (Not
                              (CoreReader.Agency.Expanded CoreReader.Agency.generatingSystem.current
                                CoreReader.Agency.generatingSystem.stableAction))
                            (And
                              (@Eq.{1} CoreReader.Agency.State CoreReader.Agency.generatingSystem.stableAction
                                CoreReader.Agency.generatingSystem.current)
                              (And
                                (CoreReader.Agency.generatingSystem.requirementsMet
                                  CoreReader.Agency.generatingSystem.stableAction)
                                (And
                                  (CoreReader.Agency.generatingSystem.withinBudget
                                    CoreReader.Agency.generatingSystem.stableAction)
                                  (And
                                    (Not
                                      (CoreReader.Agency.generatingSystem.withinBudget CoreReader.Agency.inflatedState))
                                    (And
                                      (CoreReader.Agency.StableReason CoreReader.Agency.generatingSystem.current
                                        CoreReader.Agency.inflatedState)
                                      (And
                                        (@Eq.{1} CoreReader.Agency.Announcement CoreReader.Agency.inflatedAnnouncement
                                          (CoreReader.Agency.generatingSystem.report CoreReader.Agency.inflatedState
                                            CoreReader.Agency.Operation.successor
                                            (@OfNat.ofNat.{0} Nat (nat_lit 0) (instOfNatNat (nat_lit 0)))
                                            (@OfNat.ofNat.{0} Nat (nat_lit 1) (instOfNatNat (nat_lit 1)))))
                                        (And
                                          (@Eq.{1} Nat CoreReader.Agency.inflatedAnnouncement.owner
                                            CoreReader.Agency.generatingSystem.owner)
                                          (And
                                            (@Eq.{1} CoreReader.Agency.State
                                              CoreReader.Agency.inflatedAnnouncement.before
                                              CoreReader.Agency.generatingSystem.current)
                                            (And
                                              (@Eq.{1} CoreReader.Agency.State
                                                CoreReader.Agency.inflatedAnnouncement.after
                                                CoreReader.Agency.inflatedState)
                                              (And
                                                (@Eq.{1} CoreReader.Agency.Operation
                                                  CoreReader.Agency.inflatedAnnouncement.reportedNewOperation
                                                  CoreReader.Agency.Operation.successor)
                                                (And
                                                  (@Eq.{1} Nat CoreReader.Agency.inflatedAnnouncement.input
                                                    (@OfNat.ofNat.{0} Nat (nat_lit 0) (instOfNatNat (nat_lit 0))))
                                                  (And
                                                    (@Eq.{1} Nat CoreReader.Agency.inflatedAnnouncement.expectedOutput
                                                      (@OfNat.ofNat.{0} Nat (nat_lit 1) (instOfNatNat (nat_lit 1))))
                                                    (And (Not CoreReader.Agency.inflatedAnnouncement.claim)
                                                      (Not
                                                        (CoreReader.Agency.Expanded
                                                          CoreReader.Agency.inflatedAnnouncement.before
                                                          CoreReader.Agency.inflatedAnnouncement.after))))))))))))))))))))))))))))
CoreReader.Adopted.choiceCases012 : And
  (And (@Eq.{1} Bool CoreReader.Choice.identityImpl.conventional Bool.true)
    (And (@Eq.{1} Bool CoreReader.Choice.identityImpl.established Bool.true)
      (CoreReader.Choice.JustifiedChoice CoreReader.Choice.identityRequirements CoreReader.Choice.identityImpl
        (@List.cons.{0} CoreReader.Choice.Reason
          (CoreReader.Choice.Reason.status CoreReader.Choice.StatusKind.convention)
          (@List.cons.{0} CoreReader.Choice.Reason
            (CoreReader.Choice.Reason.method CoreReader.Choice.MethodReason.output)
            (@List.nil.{0} CoreReader.Choice.Reason))))))
  (And
    (And
      (CoreReader.Choice.Relevant CoreReader.Choice.identityRequirements CoreReader.Choice.identityImpl
        (CoreReader.Choice.Reason.method CoreReader.Choice.MethodReason.explanation))
      (And
        (CoreReader.Choice.Relevant CoreReader.Choice.identityRequirements CoreReader.Choice.identityImpl
          (CoreReader.Choice.Reason.method CoreReader.Choice.MethodReason.applicability))
        (And
          (CoreReader.Choice.Relevant CoreReader.Choice.identityRequirements CoreReader.Choice.identityImpl
            (CoreReader.Choice.Reason.method CoreReader.Choice.MethodReason.simplicity))
          (And
            (CoreReader.Choice.Relevant CoreReader.Choice.identityRequirements CoreReader.Choice.identityImpl
              (CoreReader.Choice.Reason.method CoreReader.Choice.MethodReason.procedure))
            (And
              (CoreReader.Choice.Relevant CoreReader.Choice.identityRequirements CoreReader.Choice.cheapSuccessor
                (CoreReader.Choice.Reason.method CoreReader.Choice.MethodReason.simplicity))
              (Not
                (CoreReader.Choice.JustifiedChoice CoreReader.Choice.identityRequirements
                  CoreReader.Choice.cheapSuccessor
                  (@List.cons.{0} CoreReader.Choice.Reason
                    (CoreReader.Choice.Reason.method CoreReader.Choice.MethodReason.simplicity)
                    (@List.nil.{0} CoreReader.Choice.Reason)))))))))
    (And
      (And (@CoreReader.Evidence.Articulated CoreReader.Choice.Candidate CoreReader.Choice.priorityArticulation)
        (And (CoreReader.Choice.AssessmentAccurate Bool.false)
          (And
            (∀ (selected : CoreReader.Choice.Candidate),
              @CoreReader.Logic.Models CoreReader.Choice.Candidate CoreReader.Choice.statusFacts selected)
            (And (CoreReader.Choice.priorityClaim CoreReader.Choice.Candidate.identity)
              (And (Not (CoreReader.Choice.priorityClaim CoreReader.Choice.Candidate.successor))
                (And
                  (Not
                    (@CoreReader.Logic.Entails CoreReader.Choice.Candidate CoreReader.Choice.statusFacts
                      CoreReader.Choice.priorityClaim))
                  (Not
                    (CoreReader.Choice.JustifiedChoice CoreReader.Choice.identityRequirements
                      CoreReader.Choice.identityImpl
                      (@List.cons.{0} CoreReader.Choice.Reason
                        (CoreReader.Choice.Reason.status CoreReader.Choice.StatusKind.standing)
                        (@List.nil.{0} CoreReader.Choice.Reason))))))))))
      (And
        (And
          (∀ (n : Nat),
            @Eq.{1} Nat (CoreReader.Choice.identityImpl.run n) (CoreReader.Adopted.wrongExplanation012.run n))
          (And (CoreReader.Choice.Feasible CoreReader.Choice.identityRequirements CoreReader.Choice.identityImpl)
            (And
              (CoreReader.Choice.Feasible CoreReader.Choice.identityRequirements CoreReader.Adopted.wrongExplanation012)
              (And
                (CoreReader.Choice.Relevant CoreReader.Choice.identityRequirements CoreReader.Choice.identityImpl
                  (CoreReader.Choice.Reason.method CoreReader.Choice.MethodReason.explanation))
                (Not
                  (CoreReader.Choice.Relevant CoreReader.Choice.identityRequirements
                    CoreReader.Adopted.wrongExplanation012
                    (CoreReader.Choice.Reason.method CoreReader.Choice.MethodReason.explanation)))))))
        (And
          (And
            (Not
              (CoreReader.Adopted.choiceSpecification CoreReader.Integration.proposalRequirements
                (CoreReader.Integration.currentPhilosophy CoreReader.Integration.actualSystem
                    CoreReader.Integration.actual).implementation
                (@List.cons.{0} CoreReader.Choice.Reason
                  (CoreReader.Choice.Reason.status CoreReader.Choice.StatusKind.standing)
                  (@List.nil.{0} CoreReader.Choice.Reason))))
            (CoreReader.Adopted.choiceSpecification CoreReader.Integration.proposalRequirements
              (CoreReader.Integration.currentPhilosophy CoreReader.Integration.actualSystem
                  CoreReader.Integration.actual).implementation
              (@List.cons.{0} CoreReader.Choice.Reason
                (CoreReader.Choice.Reason.method CoreReader.Choice.MethodReason.output)
                (@List.nil.{0} CoreReader.Choice.Reason))))
          (∀ (kind : CoreReader.Choice.StatusKind),
            Not
              (CoreReader.Adopted.choiceSpecification CoreReader.Choice.identityRequirements
                CoreReader.Choice.identityImpl
                (@List.cons.{0} CoreReader.Choice.Reason (CoreReader.Choice.Reason.status kind)
                  (@List.nil.{0} CoreReader.Choice.Reason))))))))
CoreReader.Adopted.choiceLimits012 : And
  (And
    (∀ (candidate : CoreReader.Choice.Candidate),
      Iff
        (CoreReader.Choice.Feasible CoreReader.Choice.identityRequirements (CoreReader.Choice.implementation candidate))
        (@Eq.{1} CoreReader.Choice.Candidate candidate CoreReader.Choice.Candidate.identity))
    (CoreReader.Choice.JustifiedChoice CoreReader.Choice.identityRequirements CoreReader.Choice.identityImpl
      CoreReader.Choice.objectiveReason))
  (And
    (And (@Eq.{1} Bool CoreReader.Choice.identityImpl.conventional Bool.true)
      (And (@Eq.{1} Bool CoreReader.Choice.identityImpl.established Bool.true)
        (CoreReader.Choice.JustifiedChoice CoreReader.Choice.identityRequirements CoreReader.Choice.identityImpl
          (@List.cons.{0} CoreReader.Choice.Reason
            (CoreReader.Choice.Reason.status CoreReader.Choice.StatusKind.convention)
            (@List.cons.{0} CoreReader.Choice.Reason
              (CoreReader.Choice.Reason.method CoreReader.Choice.MethodReason.output)
              (@List.nil.{0} CoreReader.Choice.Reason))))))
    (And
      (And
        (∀ (n : Nat), @Eq.{1} Nat (CoreReader.Choice.identityImpl.run n) (CoreReader.Adopted.wrongExplanation012.run n))
        (And (CoreReader.Choice.Feasible CoreReader.Choice.identityRequirements CoreReader.Choice.identityImpl)
          (And
            (CoreReader.Choice.Feasible CoreReader.Choice.identityRequirements CoreReader.Adopted.wrongExplanation012)
            (And
              (CoreReader.Choice.Relevant CoreReader.Choice.identityRequirements CoreReader.Choice.identityImpl
                (CoreReader.Choice.Reason.method CoreReader.Choice.MethodReason.explanation))
              (Not
                (CoreReader.Choice.Relevant CoreReader.Choice.identityRequirements
                  CoreReader.Adopted.wrongExplanation012
                  (CoreReader.Choice.Reason.method CoreReader.Choice.MethodReason.explanation)))))))
      (And
        (And
          (CoreReader.Choice.JustifiedChoice CoreReader.Choice.identityRequirements CoreReader.Choice.identityImpl
            CoreReader.Choice.objectiveReason)
          (@Ne.{1} Nat
            (CoreReader.Choice.identityImpl.run (@OfNat.ofNat.{0} Nat (nat_lit 0) (instOfNatNat (nat_lit 0))))
            (CoreReader.Choice.successorImpl.run (@OfNat.ofNat.{0} Nat (nat_lit 0) (instOfNatNat (nat_lit 0))))))
        (And
          (And
            (∀ (x : Nat),
              @Eq.{1} Nat x (@OfNat.ofNat.{0} Nat (nat_lit 0) (instOfNatNat (nat_lit 0))) →
                @Eq.{1} Nat (CoreReader.Choice.identityImpl.run x) (CoreReader.Choice.changedOutsideZero.run x))
            (@Ne.{1} Nat
              (CoreReader.Choice.identityImpl.run (@OfNat.ofNat.{0} Nat (nat_lit 1) (instOfNatNat (nat_lit 1))))
              (CoreReader.Choice.changedOutsideZero.run (@OfNat.ofNat.{0} Nat (nat_lit 1) (instOfNatNat (nat_lit 1))))))
          (And
            (And (@CoreReader.Evidence.Articulated CoreReader.Choice.Candidate CoreReader.Choice.priorityArticulation)
              (And (CoreReader.Choice.AssessmentAccurate Bool.false)
                (And
                  (∀ (selected : CoreReader.Choice.Candidate),
                    @CoreReader.Logic.Models CoreReader.Choice.Candidate CoreReader.Choice.statusFacts selected)
                  (And (CoreReader.Choice.priorityClaim CoreReader.Choice.Candidate.identity)
                    (And (Not (CoreReader.Choice.priorityClaim CoreReader.Choice.Candidate.successor))
                      (And
                        (Not
                          (@CoreReader.Logic.Entails CoreReader.Choice.Candidate CoreReader.Choice.statusFacts
                            CoreReader.Choice.priorityClaim))
                        (Not
                          (CoreReader.Choice.JustifiedChoice CoreReader.Choice.identityRequirements
                            CoreReader.Choice.identityImpl
                            (@List.cons.{0} CoreReader.Choice.Reason
                              (CoreReader.Choice.Reason.status CoreReader.Choice.StatusKind.standing)
                              (@List.nil.{0} CoreReader.Choice.Reason))))))))))
            CoreReader.Choice.PolicyIndependenceExample)))))
CoreReader.Agency.FormKind : Type
CoreReader.Agency.Form : Type
CoreReader.Agency.Aim : Type
CoreReader.Agency.Policy : Type
CoreReader.Agency.Generative : CoreReader.Agency.Policy → Prop
CoreReader.Agency.openPolicy : CoreReader.Agency.Policy
CoreReader.Agency.neutralPolicy : CoreReader.Agency.Policy
CoreReader.Agency.permissionNotValuation : And
  (CoreReader.Agency.neutralPolicy.permitsVersion (@OfNat.ofNat.{0} Nat (nat_lit 0) (instOfNatNat (nat_lit 0)))
    (@OfNat.ofNat.{0} Nat (nat_lit 1) (instOfNatNat (nat_lit 1))))
  (And
    (@Ne.{1} Nat (@OfNat.ofNat.{0} Nat (nat_lit 0) (instOfNatNat (nat_lit 0)))
      (@OfNat.ofNat.{0} Nat (nat_lit 1) (instOfNatNat (nat_lit 1))))
    (Not (CoreReader.Agency.Generative CoreReader.Agency.neutralPolicy)))
CoreReader.Agency.revisabilityCovers : ∀ (p : CoreReader.Agency.Policy),
  CoreReader.Agency.Generative p →
    ∀ (k : CoreReader.Agency.FormKind) (v : Nat),
      p.current { kind := k, version := v } → p.revisable { kind := k, version := v }
CoreReader.Agency.Operation : Type
CoreReader.Agency.Operation.run : CoreReader.Agency.Operation → Nat → Nat
CoreReader.Agency.InventoryKind : Type
CoreReader.Agency.Item : Type
CoreReader.Agency.Available : List.{0} CoreReader.Agency.Item → CoreReader.Agency.Operation → Prop
CoreReader.Agency.inventoryNotCapability : ∀ (kind : CoreReader.Agency.InventoryKind)
  (ops : List.{0} CoreReader.Agency.Operation) (op : CoreReader.Agency.Operation),
  Iff
    (CoreReader.Agency.Available
      (@HAppend.hAppend.{0, 0, 0} (List.{0} CoreReader.Agency.Item) (List.{0} CoreReader.Agency.Item)
        (List.{0} CoreReader.Agency.Item)
        (@instHAppendOfAppend.{0} (List.{0} CoreReader.Agency.Item) (@List.instAppend.{0} CoreReader.Agency.Item))
        (@List.map.{0, 0} CoreReader.Agency.Operation CoreReader.Agency.Item (fun x => { kind := kind, content := x })
          ops)
        (@List.map.{0, 0} CoreReader.Agency.Operation CoreReader.Agency.Item (fun x => { kind := kind, content := x })
          ops))
      op)
    (CoreReader.Agency.Available
      (@List.map.{0, 0} CoreReader.Agency.Operation CoreReader.Agency.Item (fun x => { kind := kind, content := x })
        ops)
      op)
CoreReader.Agency.State : Type
CoreReader.Agency.Expanded : CoreReader.Agency.State → CoreReader.Agency.State → Prop
CoreReader.Agency.baseState : CoreReader.Agency.State
CoreReader.Agency.inflatedState : CoreReader.Agency.State
CoreReader.Agency.stableTrace : Nat → CoreReader.Agency.State
CoreReader.Agency.revisionWithoutProgress : And (CoreReader.Agency.Generative CoreReader.Agency.openPolicy)
  (And
    (∀ (k : CoreReader.Agency.FormKind),
      CoreReader.Agency.openPolicy.revisable
        { kind := k, version := @OfNat.ofNat.{0} Nat (nat_lit 0) (instOfNatNat (nat_lit 0)) })
    (∀ (t : Nat),
      Not
        (CoreReader.Agency.Expanded (CoreReader.Agency.stableTrace t)
          (CoreReader.Agency.stableTrace
            (@HAdd.hAdd.{0, 0, 0} Nat Nat Nat (@instHAdd.{0} Nat instAddNat) t
              (@OfNat.ofNat.{0} Nat (nat_lit 1) (instOfNatNat (nat_lit 1))))))))
CoreReader.Agency.ExternalResources : Type
CoreReader.Agency.assistedExecution : CoreReader.Agency.ExternalResources → Option.{0} Nat
CoreReader.Agency.availableResources : CoreReader.Agency.ExternalResources
CoreReader.Agency.StableReason : CoreReader.Agency.State → CoreReader.Agency.State → Prop
CoreReader.Agency.GeneratingSystem : Type
CoreReader.Agency.generatingSystem : CoreReader.Agency.GeneratingSystem
CoreReader.Agency.GeneratingSystem.stableAction : CoreReader.Agency.GeneratingSystem → CoreReader.Agency.State
CoreReader.Agency.GeneratingSystem.requirementsMet : CoreReader.Agency.GeneratingSystem → CoreReader.Agency.State → Prop
CoreReader.Agency.GeneratingSystem.withinBudget : CoreReader.Agency.GeneratingSystem → CoreReader.Agency.State → Prop
CoreReader.Agency.Announcement : Type
CoreReader.Agency.GeneratingSystem.report : CoreReader.Agency.GeneratingSystem →
  CoreReader.Agency.State → CoreReader.Agency.Operation → Nat → Nat → CoreReader.Agency.Announcement
CoreReader.Agency.Announcement.claim : CoreReader.Agency.Announcement → Prop
CoreReader.Agency.announcementClaimImpliesExpansion : ∀ (report : CoreReader.Agency.Announcement),
  report.claim → CoreReader.Agency.Expanded report.before report.after
CoreReader.Agency.inflatedAnnouncement : CoreReader.Agency.Announcement
CoreReader.Agency.inflatedAnnouncementRefuted : And
  (@Eq.{1} CoreReader.Agency.State CoreReader.Agency.inflatedAnnouncement.before CoreReader.Agency.baseState)
  (And (@Eq.{1} CoreReader.Agency.State CoreReader.Agency.inflatedAnnouncement.after CoreReader.Agency.inflatedState)
    (And
      (@Eq.{1} CoreReader.Agency.Operation CoreReader.Agency.inflatedAnnouncement.reportedNewOperation
        CoreReader.Agency.Operation.successor)
      (And
        (@Eq.{1} Nat CoreReader.Agency.inflatedAnnouncement.input
          (@OfNat.ofNat.{0} Nat (nat_lit 0) (instOfNatNat (nat_lit 0))))
        (And
          (@Eq.{1} Nat CoreReader.Agency.inflatedAnnouncement.expectedOutput
            (@OfNat.ofNat.{0} Nat (nat_lit 1) (instOfNatNat (nat_lit 1))))
          (And (Not CoreReader.Agency.inflatedAnnouncement.claim)
            (Not
              (CoreReader.Agency.Expanded CoreReader.Agency.inflatedAnnouncement.before
                CoreReader.Agency.inflatedAnnouncement.after)))))))
CoreReader.Agency.TransitionCase : Type
CoreReader.Agency.extendedState : CoreReader.Agency.State
CoreReader.Agency.transitionBefore : CoreReader.Agency.TransitionCase → CoreReader.Agency.State
CoreReader.Agency.transitionAfter : CoreReader.Agency.TransitionCase → CoreReader.Agency.State
CoreReader.Agency.transitionInput : CoreReader.Agency.TransitionCase → Nat
CoreReader.Agency.transitionAnnouncement : CoreReader.Agency.TransitionCase → CoreReader.Agency.Announcement
CoreReader.Agency.generationLimits : And (CoreReader.Agency.Generative CoreReader.Agency.generatingSystem.policy)
  (And
    (CoreReader.Agency.generatingSystem.policy.permitsVersion
      (@OfNat.ofNat.{0} Nat (nat_lit 0) (instOfNatNat (nat_lit 0)))
      (@OfNat.ofNat.{0} Nat (nat_lit 0) (instOfNatNat (nat_lit 0))))
    (And (Not (CoreReader.Agency.Expanded CoreReader.Agency.generatingSystem.current CoreReader.Agency.inflatedState))
      (And
        (@LT.lt.{0} Nat instLTNat
          (@List.length.{0} CoreReader.Agency.Item CoreReader.Agency.generatingSystem.current.inventory)
          (@List.length.{0} CoreReader.Agency.Item CoreReader.Agency.inflatedState.inventory))
        (And
          (@LT.lt.{0} Nat instLTNat
            (@List.length.{0} CoreReader.Agency.Operation CoreReader.Agency.generatingSystem.current.abstractionLayers)
            (@List.length.{0} CoreReader.Agency.Operation CoreReader.Agency.inflatedState.abstractionLayers))
          (And
            (@LT.lt.{0} Nat instLTNat
              (@List.length.{0} CoreReader.Agency.Operation CoreReader.Agency.generatingSystem.current.vocabulary)
              (@List.length.{0} CoreReader.Agency.Operation CoreReader.Agency.inflatedState.vocabulary))
            (And
              (@Eq.{1} (Option.{0} Nat)
                (CoreReader.Agency.generatingSystem.execute CoreReader.Agency.availableResources)
                (@Option.some.{0} Nat (@OfNat.ofNat.{0} Nat (nat_lit 6) (instOfNatNat (nat_lit 6)))))
              (And
                (@Eq.{1} (Option.{0} Nat)
                  (CoreReader.Agency.generatingSystem.execute
                    (have __src := CoreReader.Agency.availableResources;
                    { experience := @Option.none.{0} Nat, knowledge := __src.knowledge,
                      collaborator := __src.collaborator }))
                  (@Option.none.{0} Nat))
                (And
                  (@Eq.{1} (Option.{0} Nat)
                    (CoreReader.Agency.generatingSystem.execute
                      (have __src := CoreReader.Agency.availableResources;
                      { experience := __src.experience, knowledge := @Option.none.{0} Nat,
                        collaborator := __src.collaborator }))
                    (@Option.none.{0} Nat))
                  (And
                    (@Eq.{1} (Option.{0} Nat)
                      (CoreReader.Agency.generatingSystem.execute
                        (have __src := CoreReader.Agency.availableResources;
                        { experience := __src.experience, knowledge := __src.knowledge,
                          collaborator := @Option.none.{0} Nat }))
                      (@Option.none.{0} Nat))
                    (And
                      (@Eq.{1} (Option.{0} Nat)
                        (CoreReader.Agency.generatingSystem.execute
                          { experience := @Option.none.{0} Nat, knowledge := @Option.none.{0} Nat,
                            collaborator := @Option.none.{0} Nat })
                        (@Option.none.{0} Nat))
                      (And
                        (Not
                          (CoreReader.Agency.Expanded CoreReader.Agency.generatingSystem.current
                            CoreReader.Agency.generatingSystem.stableAction))
                        (And
                          (@Eq.{1} CoreReader.Agency.State CoreReader.Agency.generatingSystem.stableAction
                            CoreReader.Agency.generatingSystem.current)
                          (And
                            (CoreReader.Agency.generatingSystem.requirementsMet
                              CoreReader.Agency.generatingSystem.stableAction)
                            (And
                              (CoreReader.Agency.generatingSystem.withinBudget
                                CoreReader.Agency.generatingSystem.stableAction)
                              (And
                                (Not (CoreReader.Agency.generatingSystem.withinBudget CoreReader.Agency.inflatedState))
                                (And
                                  (CoreReader.Agency.StableReason CoreReader.Agency.generatingSystem.current
                                    CoreReader.Agency.inflatedState)
                                  (And
                                    (@Eq.{1} CoreReader.Agency.Announcement CoreReader.Agency.inflatedAnnouncement
                                      (CoreReader.Agency.generatingSystem.report CoreReader.Agency.inflatedState
                                        CoreReader.Agency.Operation.successor
                                        (@OfNat.ofNat.{0} Nat (nat_lit 0) (instOfNatNat (nat_lit 0)))
                                        (@OfNat.ofNat.{0} Nat (nat_lit 1) (instOfNatNat (nat_lit 1)))))
                                    (And
                                      (@Eq.{1} Nat CoreReader.Agency.inflatedAnnouncement.owner
                                        CoreReader.Agency.generatingSystem.owner)
                                      (And
                                        (@Eq.{1} CoreReader.Agency.State CoreReader.Agency.inflatedAnnouncement.before
                                          CoreReader.Agency.generatingSystem.current)
                                        (And
                                          (@Eq.{1} CoreReader.Agency.State CoreReader.Agency.inflatedAnnouncement.after
                                            CoreReader.Agency.inflatedState)
                                          (And
                                            (@Eq.{1} CoreReader.Agency.Operation
                                              CoreReader.Agency.inflatedAnnouncement.reportedNewOperation
                                              CoreReader.Agency.Operation.successor)
                                            (And
                                              (@Eq.{1} Nat CoreReader.Agency.inflatedAnnouncement.input
                                                (@OfNat.ofNat.{0} Nat (nat_lit 0) (instOfNatNat (nat_lit 0))))
                                              (And
                                                (@Eq.{1} Nat CoreReader.Agency.inflatedAnnouncement.expectedOutput
                                                  (@OfNat.ofNat.{0} Nat (nat_lit 1) (instOfNatNat (nat_lit 1))))
                                                (And (Not CoreReader.Agency.inflatedAnnouncement.claim)
                                                  (Not
                                                    (CoreReader.Agency.Expanded
                                                      CoreReader.Agency.inflatedAnnouncement.before
                                                      CoreReader.Agency.inflatedAnnouncement.after))))))))))))))))))))))))))
CoreReader.Agency.generationNotReflexivity : And (CoreReader.Agency.Generative CoreReader.Agency.openPolicy)
  (Not
    (CoreReader.Agency.Reflexive (@OfNat.ofNat.{0} Nat (nat_lit 0) (instOfNatNat (nat_lit 0)))
      (CoreReader.Agency.ownRules (@OfNat.ofNat.{0} Nat (nat_lit 0) (instOfNatNat (nat_lit 0))))
      (@List.nil.{0} CoreReader.Agency.WorkRecord)))
CoreReader.Agency.ownArithmeticPrinciple : Nat → Bool
CoreReader.Agency.selfTest : List.{0} Nat → Bool
CoreReader.Agency.selfTestDoesNotProve : And
  (@Eq.{1} Bool
    (CoreReader.Agency.selfTest
      (@List.cons.{0} Nat (@OfNat.ofNat.{0} Nat (nat_lit 1) (instOfNatNat (nat_lit 1))) (@List.nil.{0} Nat)))
    Bool.true)
  (And
    (@Eq.{1} Bool
      (CoreReader.Agency.ownArithmeticPrinciple (@OfNat.ofNat.{0} Nat (nat_lit 0) (instOfNatNat (nat_lit 0))))
      Bool.false)
    (Not (∀ (n : Nat), @Eq.{1} Bool (CoreReader.Agency.ownArithmeticPrinciple n) Bool.true)))
CoreReader.Choice.StatusKind : Type
CoreReader.Choice.MethodReason : Type
CoreReader.Choice.Reason : Type
CoreReader.Choice.Implementation : Type
CoreReader.Choice.Requirements : Type
CoreReader.Choice.MethodContent : CoreReader.Choice.Requirements →
  CoreReader.Choice.Implementation → CoreReader.Choice.MethodReason → Prop
CoreReader.Choice.Relevant : CoreReader.Choice.Requirements →
  CoreReader.Choice.Implementation → CoreReader.Choice.Reason → Prop
CoreReader.Choice.Feasible : CoreReader.Choice.Requirements → CoreReader.Choice.Implementation → Prop
CoreReader.Choice.JustifiedChoice : CoreReader.Choice.Requirements →
  CoreReader.Choice.Implementation → List.{0} CoreReader.Choice.Reason → Prop
CoreReader.Choice.statusOnlyFails : ∀ (req : CoreReader.Choice.Requirements) (i : CoreReader.Choice.Implementation)
  (k : CoreReader.Choice.StatusKind),
  Not
    (CoreReader.Choice.JustifiedChoice req i
      (@List.cons.{0} CoreReader.Choice.Reason (CoreReader.Choice.Reason.status k)
        (@List.nil.{0} CoreReader.Choice.Reason)))
CoreReader.Choice.identityImpl : CoreReader.Choice.Implementation
CoreReader.Choice.successorImpl : CoreReader.Choice.Implementation
CoreReader.Choice.changedOutsideZero : CoreReader.Choice.Implementation
CoreReader.Choice.identityRequirements : CoreReader.Choice.Requirements
CoreReader.Choice.objectiveReason : List.{0} CoreReader.Choice.Reason
CoreReader.Choice.identityOutputReason : CoreReader.Choice.Relevant CoreReader.Choice.identityRequirements
  CoreReader.Choice.identityImpl (CoreReader.Choice.Reason.method CoreReader.Choice.MethodReason.output)
CoreReader.Choice.identityFeasible : CoreReader.Choice.Feasible CoreReader.Choice.identityRequirements
  CoreReader.Choice.identityImpl
CoreReader.Choice.identityJustified : CoreReader.Choice.JustifiedChoice CoreReader.Choice.identityRequirements
  CoreReader.Choice.identityImpl CoreReader.Choice.objectiveReason
CoreReader.Choice.conventionWithReason : And (@Eq.{1} Bool CoreReader.Choice.identityImpl.conventional Bool.true)
  (And (@Eq.{1} Bool CoreReader.Choice.identityImpl.established Bool.true)
    (CoreReader.Choice.JustifiedChoice CoreReader.Choice.identityRequirements CoreReader.Choice.identityImpl
      (@List.cons.{0} CoreReader.Choice.Reason (CoreReader.Choice.Reason.status CoreReader.Choice.StatusKind.convention)
        (@List.cons.{0} CoreReader.Choice.Reason (CoreReader.Choice.Reason.method CoreReader.Choice.MethodReason.output)
          (@List.nil.{0} CoreReader.Choice.Reason)))))
CoreReader.Choice.Candidate : Type
CoreReader.Choice.implementation : CoreReader.Choice.Candidate → CoreReader.Choice.Implementation
CoreReader.Choice.singleFeasible : And
  (∀ (candidate : CoreReader.Choice.Candidate),
    Iff (CoreReader.Choice.Feasible CoreReader.Choice.identityRequirements (CoreReader.Choice.implementation candidate))
      (@Eq.{1} CoreReader.Choice.Candidate candidate CoreReader.Choice.Candidate.identity))
  (CoreReader.Choice.JustifiedChoice CoreReader.Choice.identityRequirements CoreReader.Choice.identityImpl
    CoreReader.Choice.objectiveReason)
CoreReader.Choice.localNotGlobal : And
  (∀ (x : Nat),
    @Eq.{1} Nat x (@OfNat.ofNat.{0} Nat (nat_lit 0) (instOfNatNat (nat_lit 0))) →
      @Eq.{1} Nat (CoreReader.Choice.identityImpl.run x) (CoreReader.Choice.changedOutsideZero.run x))
  (@Ne.{1} Nat (CoreReader.Choice.identityImpl.run (@OfNat.ofNat.{0} Nat (nat_lit 1) (instOfNatNat (nat_lit 1))))
    (CoreReader.Choice.changedOutsideZero.run (@OfNat.ofNat.{0} Nat (nat_lit 1) (instOfNatNat (nat_lit 1)))))
CoreReader.Choice.cheapSuccessor : CoreReader.Choice.Implementation
CoreReader.Choice.eligibleInternalReasonNotSufficient : And
  (CoreReader.Choice.Relevant CoreReader.Choice.identityRequirements CoreReader.Choice.cheapSuccessor
    (CoreReader.Choice.Reason.method CoreReader.Choice.MethodReason.simplicity))
  (Not
    (CoreReader.Choice.JustifiedChoice CoreReader.Choice.identityRequirements CoreReader.Choice.cheapSuccessor
      (@List.cons.{0} CoreReader.Choice.Reason
        (CoreReader.Choice.Reason.method CoreReader.Choice.MethodReason.simplicity)
        (@List.nil.{0} CoreReader.Choice.Reason))))
CoreReader.Choice.internalReasons : And
  (CoreReader.Choice.Relevant CoreReader.Choice.identityRequirements CoreReader.Choice.identityImpl
    (CoreReader.Choice.Reason.method CoreReader.Choice.MethodReason.explanation))
  (And
    (CoreReader.Choice.Relevant CoreReader.Choice.identityRequirements CoreReader.Choice.identityImpl
      (CoreReader.Choice.Reason.method CoreReader.Choice.MethodReason.applicability))
    (And
      (CoreReader.Choice.Relevant CoreReader.Choice.identityRequirements CoreReader.Choice.identityImpl
        (CoreReader.Choice.Reason.method CoreReader.Choice.MethodReason.simplicity))
      (And
        (CoreReader.Choice.Relevant CoreReader.Choice.identityRequirements CoreReader.Choice.identityImpl
          (CoreReader.Choice.Reason.method CoreReader.Choice.MethodReason.procedure))
        (And
          (CoreReader.Choice.Relevant CoreReader.Choice.identityRequirements CoreReader.Choice.cheapSuccessor
            (CoreReader.Choice.Reason.method CoreReader.Choice.MethodReason.simplicity))
          (Not
            (CoreReader.Choice.JustifiedChoice CoreReader.Choice.identityRequirements CoreReader.Choice.cheapSuccessor
              (@List.cons.{0} CoreReader.Choice.Reason
                (CoreReader.Choice.Reason.method CoreReader.Choice.MethodReason.simplicity)
                (@List.nil.{0} CoreReader.Choice.Reason))))))))
CoreReader.Choice.openNotEquivalent : And
  (CoreReader.Choice.JustifiedChoice CoreReader.Choice.identityRequirements CoreReader.Choice.identityImpl
    CoreReader.Choice.objectiveReason)
  (@Ne.{1} Nat (CoreReader.Choice.identityImpl.run (@OfNat.ofNat.{0} Nat (nat_lit 0) (instOfNatNat (nat_lit 0))))
    (CoreReader.Choice.successorImpl.run (@OfNat.ofNat.{0} Nat (nat_lit 0) (instOfNatNat (nat_lit 0)))))
CoreReader.Choice.priorityClaim : CoreReader.Logic.Claim CoreReader.Choice.Candidate
CoreReader.Choice.statusFacts : CoreReader.Logic.Theory CoreReader.Choice.Candidate
CoreReader.Choice.statusFactsModel : ∀ (selected : CoreReader.Choice.Candidate),
  @CoreReader.Logic.Models CoreReader.Choice.Candidate CoreReader.Choice.statusFacts selected
CoreReader.Choice.priorityArticulation : CoreReader.Evidence.Articulation CoreReader.Choice.Candidate
CoreReader.Choice.AssessmentAccurate : Bool → Prop
CoreReader.Choice.statusDoesNotEntailPriority : Not
  (@CoreReader.Logic.Entails CoreReader.Choice.Candidate CoreReader.Choice.statusFacts CoreReader.Choice.priorityClaim)
CoreReader.Choice.statusAssessmentNonEntailment : And
  (@CoreReader.Evidence.Articulated CoreReader.Choice.Candidate CoreReader.Choice.priorityArticulation)
  (And (CoreReader.Choice.AssessmentAccurate Bool.false)
    (And
      (∀ (selected : CoreReader.Choice.Candidate),
        @CoreReader.Logic.Models CoreReader.Choice.Candidate CoreReader.Choice.statusFacts selected)
      (And (CoreReader.Choice.priorityClaim CoreReader.Choice.Candidate.identity)
        (And (Not (CoreReader.Choice.priorityClaim CoreReader.Choice.Candidate.successor))
          (And
            (Not
              (@CoreReader.Logic.Entails CoreReader.Choice.Candidate CoreReader.Choice.statusFacts
                CoreReader.Choice.priorityClaim))
            (Not
              (CoreReader.Choice.JustifiedChoice CoreReader.Choice.identityRequirements CoreReader.Choice.identityImpl
                (@List.cons.{0} CoreReader.Choice.Reason
                  (CoreReader.Choice.Reason.status CoreReader.Choice.StatusKind.standing)
                  (@List.nil.{0} CoreReader.Choice.Reason)))))))))
CoreReader.Choice.PriorityAssessment : Type
CoreReader.Choice.PriorityAssessment.accurate : CoreReader.Choice.PriorityAssessment → Prop
CoreReader.Choice.statusPriorityAudit : CoreReader.Choice.PriorityAssessment
CoreReader.Choice.ChoicePolicy : Type
CoreReader.Choice.GeneralAssessmentFulfilled : CoreReader.Choice.ChoicePolicy → Prop
CoreReader.Choice.AdditionalChoiceNorm : CoreReader.Choice.ChoicePolicy → Prop
CoreReader.Choice.statusPriorityPolicy : CoreReader.Choice.ChoicePolicy
CoreReader.Choice.outputPriorityPolicy : CoreReader.Choice.ChoicePolicy
CoreReader.Choice.statusPriorityAuditAccurate : CoreReader.Choice.statusPriorityAudit.accurate
CoreReader.Choice.PolicyIndependenceExample : Prop
CoreReader.Choice.policyIndependenceExample : CoreReader.Choice.PolicyIndependenceExample
CoreReader.Choice.generalGroundsNotChoice : And
  (And (@CoreReader.Evidence.Articulated CoreReader.Choice.Candidate CoreReader.Choice.priorityArticulation)
    (And (CoreReader.Choice.AssessmentAccurate Bool.false)
      (And
        (∀ (selected : CoreReader.Choice.Candidate),
          @CoreReader.Logic.Models CoreReader.Choice.Candidate CoreReader.Choice.statusFacts selected)
        (And (CoreReader.Choice.priorityClaim CoreReader.Choice.Candidate.identity)
          (And (Not (CoreReader.Choice.priorityClaim CoreReader.Choice.Candidate.successor))
            (And
              (Not
                (@CoreReader.Logic.Entails CoreReader.Choice.Candidate CoreReader.Choice.statusFacts
                  CoreReader.Choice.priorityClaim))
              (Not
                (CoreReader.Choice.JustifiedChoice CoreReader.Choice.identityRequirements CoreReader.Choice.identityImpl
                  (@List.cons.{0} CoreReader.Choice.Reason
                    (CoreReader.Choice.Reason.status CoreReader.Choice.StatusKind.standing)
                    (@List.nil.{0} CoreReader.Choice.Reason))))))))))
  CoreReader.Choice.PolicyIndependenceExample
CoreReader.Engineering.Maintainer : Type
CoreReader.Engineering.Tool : Type
CoreReader.Engineering.Knowledge : Type
CoreReader.Engineering.Change : Type
CoreReader.Engineering.Candidate : Type
CoreReader.Engineering.Burden : Type
CoreReader.Engineering.maintainers : List.{0} CoreReader.Engineering.Maintainer
CoreReader.Engineering.changes : List.{0} CoreReader.Engineering.Change
CoreReader.Engineering.burdens : List.{0} CoreReader.Engineering.Burden
CoreReader.Engineering.Activity : Type
CoreReader.Engineering.ActivityScope : CoreReader.Engineering.Activity → Prop
CoreReader.Engineering.Continuing : CoreReader.Engineering.Activity → Prop
CoreReader.Engineering.BoundedLifecycle : CoreReader.Engineering.Activity → Prop
CoreReader.Engineering.continuingActivity : CoreReader.Engineering.Activity
CoreReader.Engineering.temporaryActivity : CoreReader.Engineering.Activity
CoreReader.Engineering.prototypeActivity : CoreReader.Engineering.Activity
CoreReader.Engineering.retiringActivity : CoreReader.Engineering.Activity
CoreReader.Engineering.EditStep : Type
CoreReader.Engineering.changePath : CoreReader.Engineering.Candidate →
  CoreReader.Engineering.Change → List.{0} CoreReader.Engineering.EditStep
CoreReader.Engineering.changeWork : CoreReader.Engineering.Candidate → CoreReader.Engineering.Change → Nat
CoreReader.Engineering.CanChange : CoreReader.Engineering.Activity →
  CoreReader.Engineering.Candidate → CoreReader.Engineering.Maintainer → CoreReader.Engineering.Change → Prop
CoreReader.Engineering.ContinuingCapability : CoreReader.Engineering.Activity →
  CoreReader.Engineering.Candidate → CoreReader.Engineering.Change → Prop
CoreReader.Engineering.registeredDirections : List.{0} CoreReader.Engineering.Change
CoreReader.Engineering.supportedDirections : CoreReader.Engineering.Activity →
  CoreReader.Engineering.Candidate → List.{0} CoreReader.Engineering.Change
CoreReader.Engineering.MaximumRegisteredCapability : CoreReader.Engineering.Activity →
  CoreReader.Engineering.Candidate → Prop
CoreReader.Engineering.passiveArtifact : List.{0} Nat → List.{0} Nat
CoreReader.Engineering.orientation : CoreReader.Engineering.Maintainer → List.{0} CoreReader.Engineering.Change
CoreReader.Engineering.EngineeringAction : Type
CoreReader.Engineering.maintainerActions : CoreReader.Engineering.Maintainer →
  List.{0} CoreReader.Engineering.EngineeringAction
CoreReader.Engineering.artifactActions : List.{0} Nat → List.{0} CoreReader.Engineering.EngineeringAction
CoreReader.Engineering.subjectLifecycleCases : And
  (CoreReader.Engineering.ActivityScope CoreReader.Engineering.continuingActivity)
  (And
    (CoreReader.Engineering.CanChange CoreReader.Engineering.continuingActivity
      CoreReader.Engineering.Candidate.evolvable CoreReader.Engineering.Maintainer.successor
      CoreReader.Engineering.Change.designRevision)
    (And
      (CoreReader.Engineering.CanChange CoreReader.Engineering.continuingActivity
        CoreReader.Engineering.Candidate.evolvable CoreReader.Engineering.Maintainer.agent
        CoreReader.Engineering.Change.designRevision)
      (And (@Eq.{1} String CoreReader.Engineering.continuingActivity.label "temporary")
        (And (CoreReader.Engineering.Continuing CoreReader.Engineering.continuingActivity)
          (And (Not (CoreReader.Engineering.BoundedLifecycle CoreReader.Engineering.continuingActivity))
            (And (CoreReader.Engineering.BoundedLifecycle CoreReader.Engineering.temporaryActivity)
              (And (CoreReader.Engineering.BoundedLifecycle CoreReader.Engineering.prototypeActivity)
                (CoreReader.Engineering.BoundedLifecycle CoreReader.Engineering.retiringActivity))))))))
CoreReader.Engineering.subjectLimits : And
  (CoreReader.Engineering.CanChange CoreReader.Engineering.continuingActivity
    CoreReader.Engineering.Candidate.presentSimple CoreReader.Engineering.Maintainer.original
    CoreReader.Engineering.Change.designRevision)
  (And
    (Not
      (CoreReader.Engineering.CanChange CoreReader.Engineering.continuingActivity
        CoreReader.Engineering.Candidate.presentSimple CoreReader.Engineering.Maintainer.successor
        CoreReader.Engineering.Change.designRevision))
    (And
      (Not
        (CoreReader.Engineering.ContinuingCapability CoreReader.Engineering.continuingActivity
          CoreReader.Engineering.Candidate.presentSimple CoreReader.Engineering.Change.designRevision))
      (And (@Eq.{1} String CoreReader.Engineering.continuingActivity.label "temporary")
        (And (Not (CoreReader.Engineering.BoundedLifecycle CoreReader.Engineering.continuingActivity))
          (And
            (@Ne.{1} (List.{0} CoreReader.Engineering.Change)
              (CoreReader.Engineering.orientation CoreReader.Engineering.Maintainer.agent)
              (@List.nil.{0} CoreReader.Engineering.Change))
            (And
              (@Eq.{1} (List.{0} Nat)
                (CoreReader.Engineering.passiveArtifact
                  (@List.cons.{0} Nat (@OfNat.ofNat.{0} Nat (nat_lit 2) (instOfNatNat (nat_lit 2)))
                    (@List.cons.{0} Nat (@OfNat.ofNat.{0} Nat (nat_lit 1) (instOfNatNat (nat_lit 1)))
                      (@List.nil.{0} Nat))))
                (@List.cons.{0} Nat (@OfNat.ofNat.{0} Nat (nat_lit 2) (instOfNatNat (nat_lit 2)))
                  (@List.cons.{0} Nat (@OfNat.ofNat.{0} Nat (nat_lit 1) (instOfNatNat (nat_lit 1)))
                    (@List.nil.{0} Nat))))
              (And
                (@Membership.mem.{0, 0} CoreReader.Engineering.EngineeringAction
                  (List.{0} CoreReader.Engineering.EngineeringAction)
                  (@List.instMembership.{0} CoreReader.Engineering.EngineeringAction)
                  (CoreReader.Engineering.maintainerActions CoreReader.Engineering.Maintainer.agent)
                  (CoreReader.Engineering.EngineeringAction.propose CoreReader.Engineering.Change.designRevision))
                (Not
                  (@Membership.mem.{0, 0} CoreReader.Engineering.EngineeringAction
                    (List.{0} CoreReader.Engineering.EngineeringAction)
                    (@List.instMembership.{0} CoreReader.Engineering.EngineeringAction)
                    (CoreReader.Engineering.artifactActions
                      (@List.cons.{0} Nat (@OfNat.ofNat.{0} Nat (nat_lit 2) (instOfNatNat (nat_lit 2)))
                        (@List.cons.{0} Nat (@OfNat.ofNat.{0} Nat (nat_lit 1) (instOfNatNat (nat_lit 1)))
                          (@List.nil.{0} Nat))))
                    (CoreReader.Engineering.EngineeringAction.propose
                      CoreReader.Engineering.Change.designRevision))))))))))
@CoreReader.Engineering.CredibleDirection : {Ground : Type} →
  List.{0} Ground →
    (Ground → Bool) → (Ground → CoreReader.Engineering.Change → Bool) → CoreReader.Engineering.Change → Prop
CoreReader.Engineering.DirectionGround : Type
CoreReader.Engineering.articulateGround : CoreReader.Engineering.DirectionGround → Bool
CoreReader.Engineering.supportGround : CoreReader.Engineering.DirectionGround → CoreReader.Engineering.Change → Bool
CoreReader.Engineering.initialGrounds : List.{0} CoreReader.Engineering.DirectionGround
CoreReader.Engineering.forecastGrounds : List.{0} CoreReader.Engineering.DirectionGround
CoreReader.Engineering.credible : List.{0} CoreReader.Engineering.DirectionGround → CoreReader.Engineering.Change → Prop
CoreReader.Engineering.WarrantedAccommodation : List.{0} CoreReader.Engineering.DirectionGround →
  CoreReader.Engineering.Change → Nat → Nat → Prop
CoreReader.Engineering.credibilityCases : And
  (CoreReader.Engineering.credible CoreReader.Engineering.initialGrounds CoreReader.Engineering.Change.designRevision)
  (And
    (CoreReader.Engineering.credible
      (@List.cons.{0} CoreReader.Engineering.DirectionGround
        (CoreReader.Engineering.DirectionGround.knowledge "queue"
          (@List.cons.{0} CoreReader.Engineering.Change CoreReader.Engineering.Change.designRevision
            (@List.nil.{0} CoreReader.Engineering.Change))
          "tenant-config-reload")
        (@List.nil.{0} CoreReader.Engineering.DirectionGround))
      CoreReader.Engineering.Change.designRevision)
    (And
      (CoreReader.Engineering.credible
        (@List.cons.{0} CoreReader.Engineering.DirectionGround
          (CoreReader.Engineering.DirectionGround.history "queue"
            (@List.cons.{0} CoreReader.Engineering.Change CoreReader.Engineering.Change.migration
              (@List.cons.{0} CoreReader.Engineering.Change CoreReader.Engineering.Change.migration
                (@List.nil.{0} CoreReader.Engineering.Change))))
          (@List.nil.{0} CoreReader.Engineering.DirectionGround))
        CoreReader.Engineering.Change.migration)
      (And
        (Not
          (CoreReader.Engineering.credible (@List.nil.{0} CoreReader.Engineering.DirectionGround)
            (CoreReader.Engineering.Change.other "quantum backend")))
        (And
          (CoreReader.Engineering.credible CoreReader.Engineering.forecastGrounds
            CoreReader.Engineering.Change.deletion)
          (Not
            (CoreReader.Engineering.credible CoreReader.Engineering.forecastGrounds
              CoreReader.Engineering.Change.designRevision))))))
CoreReader.Engineering.abstractionComplexity : CoreReader.Engineering.Candidate → Nat
CoreReader.Engineering.implementedVariants : List.{0} CoreReader.Engineering.Candidate
CoreReader.Engineering.CostVector : Type
CoreReader.Engineering.CostLimits : Type
CoreReader.Engineering.cost : CoreReader.Engineering.Candidate → CoreReader.Engineering.Burden → Nat
CoreReader.Engineering.normalLimits : CoreReader.Engineering.CostLimits
CoreReader.Engineering.Requirements : Type
CoreReader.Engineering.normalRequirements : CoreReader.Engineering.Requirements
CoreReader.Engineering.behavior : CoreReader.Engineering.Candidate → List.{0} Nat → List.{0} Nat
CoreReader.Engineering.CandidateProfile : Type
CoreReader.Engineering.profile : CoreReader.Engineering.Candidate → CoreReader.Engineering.CandidateProfile
CoreReader.Engineering.Meets : CoreReader.Engineering.Requirements → CoreReader.Engineering.CandidateProfile → Prop
CoreReader.Engineering.Context : Type
CoreReader.Engineering.currentContinuing : CoreReader.Engineering.Context
CoreReader.Engineering.ConcreteThreat : CoreReader.Engineering.Context →
  CoreReader.Engineering.Candidate → CoreReader.Engineering.Burden → Prop
CoreReader.Engineering.HasThreat : CoreReader.Engineering.Context → CoreReader.Engineering.Candidate → Prop
CoreReader.Engineering.JustifiedDeparture : CoreReader.Engineering.Context → CoreReader.Engineering.Candidate → Prop
CoreReader.Engineering.PriorityConditions : CoreReader.Engineering.Context → Prop
CoreReader.Engineering.EvolutionPriority : CoreReader.Engineering.Context → CoreReader.Engineering.Candidate → Prop
CoreReader.Engineering.currentPriorityConditions : CoreReader.Engineering.PriorityConditions
  CoreReader.Engineering.currentContinuing
CoreReader.Engineering.currentNoThreat : And
  (Not
    (CoreReader.Engineering.HasThreat CoreReader.Engineering.currentContinuing
      CoreReader.Engineering.Candidate.evolvable))
  (Not
    (CoreReader.Engineering.JustifiedDeparture CoreReader.Engineering.currentContinuing
      CoreReader.Engineering.Candidate.evolvable))
CoreReader.Engineering.threatened : CoreReader.Engineering.Burden → CoreReader.Engineering.Context
CoreReader.Engineering.priorityWhenApplicable : ∀ (ctx : CoreReader.Engineering.Context)
  (chosen : CoreReader.Engineering.Candidate),
  CoreReader.Engineering.EvolutionPriority ctx chosen →
    CoreReader.Engineering.PriorityConditions ctx →
      Not (CoreReader.Engineering.JustifiedDeparture ctx CoreReader.Engineering.Candidate.evolvable) →
        And (@Eq.{1} CoreReader.Engineering.Candidate chosen CoreReader.Engineering.Candidate.evolvable)
          (@LT.lt.{0} Nat instLTNat
            (CoreReader.Engineering.abstractionComplexity CoreReader.Engineering.Candidate.presentSimple)
            (CoreReader.Engineering.abstractionComplexity chosen))
CoreReader.Engineering.currentSimpleViolates : Not
  (CoreReader.Engineering.EvolutionPriority CoreReader.Engineering.currentContinuing
    CoreReader.Engineering.Candidate.presentSimple)
CoreReader.Engineering.withEvolvableProfile : CoreReader.Engineering.CandidateProfile → CoreReader.Engineering.Context
CoreReader.Engineering.unmetRequirementsBlockPriority : And
  (Not
    (CoreReader.Engineering.PriorityConditions
      (CoreReader.Engineering.withEvolvableProfile
        (have __src := CoreReader.Engineering.profile CoreReader.Engineering.Candidate.evolvable;
        {
          orderOutput :=
            @List.cons.{0} Nat (@OfNat.ofNat.{0} Nat (nat_lit 1) (instOfNatNat (nat_lit 1)))
              (@List.cons.{0} Nat (@OfNat.ofNat.{0} Nat (nat_lit 2) (instOfNatNat (nat_lit 2))) (@List.nil.{0} Nat)),
          unsafeOperations := __src.unsafeOperations, latency := __src.latency, retention := __src.retention }))))
  (And
    (Not
      (CoreReader.Engineering.PriorityConditions
        (CoreReader.Engineering.withEvolvableProfile
          (have __src := CoreReader.Engineering.profile CoreReader.Engineering.Candidate.evolvable;
          { orderOutput := __src.orderOutput,
            unsafeOperations := @OfNat.ofNat.{0} Nat (nat_lit 1) (instOfNatNat (nat_lit 1)), latency := __src.latency,
            retention := __src.retention }))))
    (And
      (Not
        (CoreReader.Engineering.PriorityConditions
          (CoreReader.Engineering.withEvolvableProfile
            (have __src := CoreReader.Engineering.profile CoreReader.Engineering.Candidate.evolvable;
            { orderOutput := __src.orderOutput, unsafeOperations := __src.unsafeOperations,
              latency := @OfNat.ofNat.{0} Nat (nat_lit 11) (instOfNatNat (nat_lit 11)),
              retention := __src.retention }))))
      (Not
        (CoreReader.Engineering.PriorityConditions
          (CoreReader.Engineering.withEvolvableProfile
            (have __src := CoreReader.Engineering.profile CoreReader.Engineering.Candidate.evolvable;
            { orderOutput := __src.orderOutput, unsafeOperations := __src.unsafeOperations, latency := __src.latency,
              retention := @OfNat.ofNat.{0} Nat (nat_lit 29) (instOfNatNat (nat_lit 29)) }))))))
CoreReader.Engineering.priorityConditionsCases : And
  (CoreReader.Engineering.EvolutionPriority CoreReader.Engineering.currentContinuing
    CoreReader.Engineering.Candidate.evolvable)
  (And
    (Not
      (CoreReader.Engineering.Meets CoreReader.Engineering.normalRequirements
        (have __src := CoreReader.Engineering.profile CoreReader.Engineering.Candidate.evolvable;
        {
          orderOutput :=
            @List.cons.{0} Nat (@OfNat.ofNat.{0} Nat (nat_lit 1) (instOfNatNat (nat_lit 1)))
              (@List.cons.{0} Nat (@OfNat.ofNat.{0} Nat (nat_lit 2) (instOfNatNat (nat_lit 2))) (@List.nil.{0} Nat)),
          unsafeOperations := __src.unsafeOperations, latency := __src.latency, retention := __src.retention })))
    (And
      (Not
        (CoreReader.Engineering.Meets CoreReader.Engineering.normalRequirements
          (have __src := CoreReader.Engineering.profile CoreReader.Engineering.Candidate.evolvable;
          { orderOutput := __src.orderOutput,
            unsafeOperations := @OfNat.ofNat.{0} Nat (nat_lit 1) (instOfNatNat (nat_lit 1)), latency := __src.latency,
            retention := __src.retention })))
      (And
        (Not
          (CoreReader.Engineering.Meets CoreReader.Engineering.normalRequirements
            (have __src := CoreReader.Engineering.profile CoreReader.Engineering.Candidate.evolvable;
            { orderOutput := __src.orderOutput, unsafeOperations := __src.unsafeOperations,
              latency := @OfNat.ofNat.{0} Nat (nat_lit 11) (instOfNatNat (nat_lit 11)),
              retention := __src.retention })))
        (And
          (Not
            (CoreReader.Engineering.Meets CoreReader.Engineering.normalRequirements
              (have __src := CoreReader.Engineering.profile CoreReader.Engineering.Candidate.evolvable;
              { orderOutput := __src.orderOutput, unsafeOperations := __src.unsafeOperations, latency := __src.latency,
                retention := @OfNat.ofNat.{0} Nat (nat_lit 29) (instOfNatNat (nat_lit 29)) })))
          (And
            (CoreReader.Engineering.EvolutionPriority
              (CoreReader.Engineering.threatened CoreReader.Engineering.Burden.verification)
              CoreReader.Engineering.Candidate.presentSimple)
            (And
              (Not
                (CoreReader.Engineering.JustifiedDeparture
                  (have __src := CoreReader.Engineering.threatened CoreReader.Engineering.Burden.verification;
                  { activity := __src.activity, required := __src.required, evidence := __src.evidence,
                    limits := __src.limits, departure := @Option.none.{0} CoreReader.Engineering.Burden,
                    profiles := __src.profiles })
                  CoreReader.Engineering.Candidate.evolvable))
              (@LT.lt.{0} Nat instLTNat
                (CoreReader.Engineering.abstractionComplexity CoreReader.Engineering.Candidate.evolvable)
                (CoreReader.Engineering.abstractionComplexity CoreReader.Engineering.Candidate.maximal))))))))
CoreReader.Engineering.priorityChoices : And
  (CoreReader.Engineering.EvolutionPriority CoreReader.Engineering.currentContinuing
    CoreReader.Engineering.Candidate.evolvable)
  (And
    (Not
      (CoreReader.Engineering.EvolutionPriority CoreReader.Engineering.currentContinuing
        CoreReader.Engineering.Candidate.presentSimple))
    (CoreReader.Engineering.EvolutionPriority
      (CoreReader.Engineering.threatened CoreReader.Engineering.Burden.verification)
      CoreReader.Engineering.Candidate.presentSimple))
CoreReader.Engineering.credibilityLimits : And
  (CoreReader.Engineering.credible CoreReader.Engineering.initialGrounds CoreReader.Engineering.Change.designRevision)
  (And
    (@Eq.{1} Nat (@List.length.{0} CoreReader.Engineering.Candidate CoreReader.Engineering.implementedVariants)
      (@OfNat.ofNat.{0} Nat (nat_lit 1) (instOfNatNat (nat_lit 1))))
    (And
      (Not
        (CoreReader.Engineering.WarrantedAccommodation (@List.nil.{0} CoreReader.Engineering.DirectionGround)
          (CoreReader.Engineering.Change.other "quantum backend")
          (@OfNat.ofNat.{0} Nat (nat_lit 0) (instOfNatNat (nat_lit 0)))
          (@OfNat.ofNat.{0} Nat (nat_lit 5) (instOfNatNat (nat_lit 5)))))
      (And
        (Not
          (CoreReader.Engineering.credible CoreReader.Engineering.initialGrounds
            (CoreReader.Engineering.Change.other "quantum backend")))
        (And
          (CoreReader.Engineering.EvolutionPriority CoreReader.Engineering.currentContinuing
            CoreReader.Engineering.Candidate.evolvable)
          (And
            (@LT.lt.{0} Nat instLTNat
              (CoreReader.Engineering.abstractionComplexity CoreReader.Engineering.Candidate.evolvable)
              (CoreReader.Engineering.abstractionComplexity CoreReader.Engineering.Candidate.maximal))
            (And
              (@LT.lt.{0} Nat instLTNat
                (CoreReader.Engineering.cost CoreReader.Engineering.Candidate.evolvable
                  CoreReader.Engineering.Burden.construction)
                (CoreReader.Engineering.cost CoreReader.Engineering.Candidate.evolvable
                  CoreReader.Engineering.Burden.migration))
              (And
                (Not
                  (CoreReader.Engineering.MaximumRegisteredCapability CoreReader.Engineering.continuingActivity
                    CoreReader.Engineering.Candidate.evolvable))
                (And
                  (CoreReader.Engineering.MaximumRegisteredCapability CoreReader.Engineering.continuingActivity
                    CoreReader.Engineering.Candidate.maximal)
                  (And
                    (@Eq.{1} Nat
                      (@List.length.{0} CoreReader.Engineering.Change
                        (CoreReader.Engineering.supportedDirections CoreReader.Engineering.continuingActivity
                          CoreReader.Engineering.Candidate.evolvable))
                      (@OfNat.ofNat.{0} Nat (nat_lit 9) (instOfNatNat (nat_lit 9))))
                    (And
                      (@Eq.{1} Nat
                        (@List.length.{0} CoreReader.Engineering.Change
                          (CoreReader.Engineering.supportedDirections CoreReader.Engineering.continuingActivity
                            CoreReader.Engineering.Candidate.maximal))
                        (@OfNat.ofNat.{0} Nat (nat_lit 10) (instOfNatNat (nat_lit 10))))
                      (Not
                        (CoreReader.Engineering.credible CoreReader.Engineering.initialGrounds
                          (CoreReader.Engineering.Change.other "csv export")))))))))))))
CoreReader.Engineering.costCases : And
  (CoreReader.Engineering.JustifiedDeparture
    (CoreReader.Engineering.threatened CoreReader.Engineering.Burden.understanding)
    CoreReader.Engineering.Candidate.evolvable)
  (And
    (CoreReader.Engineering.JustifiedDeparture
      (CoreReader.Engineering.threatened CoreReader.Engineering.Burden.construction)
      CoreReader.Engineering.Candidate.evolvable)
    (And
      (CoreReader.Engineering.JustifiedDeparture
        (CoreReader.Engineering.threatened CoreReader.Engineering.Burden.diagnosis)
        CoreReader.Engineering.Candidate.evolvable)
      (And
        (CoreReader.Engineering.JustifiedDeparture
          (CoreReader.Engineering.threatened CoreReader.Engineering.Burden.verification)
          CoreReader.Engineering.Candidate.evolvable)
        (And
          (CoreReader.Engineering.JustifiedDeparture
            (CoreReader.Engineering.threatened CoreReader.Engineering.Burden.coordination)
            CoreReader.Engineering.Candidate.evolvable)
          (And
            (CoreReader.Engineering.JustifiedDeparture
              (CoreReader.Engineering.threatened CoreReader.Engineering.Burden.operation)
              CoreReader.Engineering.Candidate.evolvable)
            (And
              (CoreReader.Engineering.JustifiedDeparture
                (CoreReader.Engineering.threatened CoreReader.Engineering.Burden.migration)
                CoreReader.Engineering.Candidate.evolvable)
              (Not
                (CoreReader.Engineering.JustifiedDeparture
                  (have __src := CoreReader.Engineering.currentContinuing;
                  { activity := __src.activity, required := __src.required, evidence := __src.evidence,
                    limits := __src.limits,
                    departure := @Option.some.{0} CoreReader.Engineering.Burden CoreReader.Engineering.Burden.migration,
                    profiles := __src.profiles })
                  CoreReader.Engineering.Candidate.evolvable))))))))
CoreReader.Engineering.orderedUnique : List.{0} Nat → List.{0} Nat
CoreReader.Engineering.orderedRefactor : List.{0} Nat → List.{0} Nat
CoreReader.Engineering.insertOrdered : Nat → List.{0} Nat → List.{0} Nat
CoreReader.Engineering.sortValues : List.{0} Nat → List.{0} Nat
CoreReader.Engineering.sortedUnique : List.{0} Nat → List.{0} Nat
CoreReader.Engineering.SoftwareState : Type
CoreReader.Engineering.originalSoftware : CoreReader.Engineering.SoftwareState
CoreReader.Engineering.transform : CoreReader.Engineering.Change →
  CoreReader.Engineering.SoftwareState → CoreReader.Engineering.SoftwareState
CoreReader.Engineering.evolutionBehavior : CoreReader.Engineering.Change → List.{0} Nat → List.{0} Nat
CoreReader.Engineering.ObligationTreatment : Type
CoreReader.Engineering.ChangeClaim : Type
CoreReader.Engineering.contractInputs : List.{0} (List.{0} Nat)
@CoreReader.Engineering.PreservesOn : {Input Output : Type} →
  (Input → Prop) → (Input → Output) → (Input → Output) → Prop
CoreReader.Engineering.PreservesFinite : (List.{0} Nat → List.{0} Nat) → (List.{0} Nat → List.{0} Nat) → Prop
CoreReader.Engineering.ObservableContract : Type
CoreReader.Engineering.retry : CoreReader.Engineering.ObservableContract → Nat → Bool
CoreReader.Engineering.orderContract : (List.{0} Nat → List.{0} Nat) → CoreReader.Engineering.ObservableContract
CoreReader.Engineering.originalContract : CoreReader.Engineering.ObservableContract
CoreReader.Engineering.refactoredContract : CoreReader.Engineering.ObservableContract
CoreReader.Engineering.revisedContract : CoreReader.Engineering.ObservableContract
CoreReader.Engineering.evolutionContract : CoreReader.Engineering.Change → CoreReader.Engineering.ObservableContract
CoreReader.Engineering.failureInputs : List.{0} Nat
CoreReader.Engineering.PreservesContractFinite : CoreReader.Engineering.ObservableContract →
  CoreReader.Engineering.ObservableContract → Prop
CoreReader.Engineering.ContractAspect : Type
CoreReader.Engineering.PartyDependency : Type
CoreReader.Engineering.partyDependencies : List.{0} CoreReader.Engineering.PartyDependency
CoreReader.Engineering.aspectChanged : CoreReader.Engineering.ObservableContract →
  CoreReader.Engineering.ObservableContract → CoreReader.Engineering.ContractAspect → Bool
CoreReader.Engineering.affectedParties : CoreReader.Engineering.ObservableContract →
  CoreReader.Engineering.ObservableContract → List.{0} String
CoreReader.Engineering.ContractRevision : Type
CoreReader.Engineering.normalRevision : CoreReader.Engineering.ContractRevision
CoreReader.Engineering.RevisionDuties : CoreReader.Engineering.ObservableContract →
  CoreReader.Engineering.ObservableContract → CoreReader.Engineering.ContractRevision → Prop
CoreReader.Engineering.ContractChangeAccount : CoreReader.Engineering.ObservableContract →
  CoreReader.Engineering.ObservableContract → CoreReader.Engineering.ContractRevision → Prop
CoreReader.Engineering.EvolutionClaim : CoreReader.Engineering.Activity →
  CoreReader.Engineering.Candidate → CoreReader.Engineering.ChangeClaim → Prop
CoreReader.Engineering.evolutionKindsCases : And
  (@Eq.{1} (List.{0} String)
    (CoreReader.Engineering.transform CoreReader.Engineering.Change.addition
        CoreReader.Engineering.originalSoftware).capabilities
    (@List.cons.{0} String "deduplicate" (@List.cons.{0} String "tenant batching" (@List.nil.{0} String))))
  (And
    (@Eq.{1} Nat
      (CoreReader.Engineering.transform CoreReader.Engineering.Change.replacement
          CoreReader.Engineering.originalSoftware).implementation
      (@OfNat.ofNat.{0} Nat (nat_lit 1) (instOfNatNat (nat_lit 1))))
    (And
      (@Eq.{1} (List.{0} String)
        (CoreReader.Engineering.transform CoreReader.Engineering.Change.deletion
            CoreReader.Engineering.originalSoftware).mechanisms
        (@List.cons.{0} String "queue" (@List.nil.{0} String)))
      (And
        (@Eq.{1} (List.{0} String)
          (CoreReader.Engineering.transform CoreReader.Engineering.Change.withdrawal
              CoreReader.Engineering.originalSoftware).abstractions
          (@List.nil.{0} String))
        (And
          (@Eq.{1} Nat
            (CoreReader.Engineering.transform CoreReader.Engineering.Change.redrawing
                CoreReader.Engineering.originalSoftware).boundary
            (@OfNat.ofNat.{0} Nat (nat_lit 1) (instOfNatNat (nat_lit 1))))
          (And
            (@Eq.{1} String
              (CoreReader.Engineering.transform CoreReader.Engineering.Change.migration
                  CoreReader.Engineering.originalSoftware).technology
              "portable store")
            (And
              (@Eq.{1} Bool
                (@List.all.{0} CoreReader.Engineering.Change CoreReader.Engineering.changes fun d =>
                  @Decidable.decide
                    (CoreReader.Engineering.CanChange CoreReader.Engineering.continuingActivity
                      CoreReader.Engineering.Candidate.evolvable CoreReader.Engineering.Maintainer.successor d)
                    (@instDecidableAnd
                      (@Ne.{1} (List.{0} CoreReader.Engineering.EditStep)
                        (CoreReader.Engineering.changePath CoreReader.Engineering.Candidate.evolvable d)
                        (@List.nil.{0} CoreReader.Engineering.EditStep))
                      (And
                        (@Membership.mem.{0, 0} CoreReader.Engineering.Maintainer
                          (List.{0} CoreReader.Engineering.Maintainer)
                          (@List.instMembership.{0} CoreReader.Engineering.Maintainer)
                          CoreReader.Engineering.continuingActivity.participants
                          CoreReader.Engineering.Maintainer.successor)
                        (@Eq.{1} Bool
                          (@List.all.{0} CoreReader.Engineering.EditStep
                            (CoreReader.Engineering.changePath CoreReader.Engineering.Candidate.evolvable d) fun step =>
                            (@List.contains.{0} CoreReader.Engineering.Knowledge
                                  (@instBEqOfDecidableEq.{0} CoreReader.Engineering.Knowledge
                                    CoreReader.Engineering.instDecidableEqKnowledge)
                                  (CoreReader.Engineering.continuingActivity.available
                                    CoreReader.Engineering.Maintainer.successor)
                                  step.requires).and
                              (@List.contains.{0} CoreReader.Engineering.Tool
                                (@instBEqOfDecidableEq.{0} CoreReader.Engineering.Tool
                                  CoreReader.Engineering.instDecidableEqTool)
                                CoreReader.Engineering.continuingActivity.tools step.tool))
                          Bool.true))
                      (@instDecidableNot
                        (@Eq.{1} (List.{0} CoreReader.Engineering.EditStep)
                          (CoreReader.Engineering.changePath CoreReader.Engineering.Candidate.evolvable d)
                          (@List.nil.{0} CoreReader.Engineering.EditStep))
                        (@List.instDecidableEqNil.{0} CoreReader.Engineering.EditStep
                          (CoreReader.Engineering.changePath CoreReader.Engineering.Candidate.evolvable d)))
                      (@instDecidableAnd
                        (@Membership.mem.{0, 0} CoreReader.Engineering.Maintainer
                          (List.{0} CoreReader.Engineering.Maintainer)
                          (@List.instMembership.{0} CoreReader.Engineering.Maintainer)
                          CoreReader.Engineering.continuingActivity.participants
                          CoreReader.Engineering.Maintainer.successor)
                        (@Eq.{1} Bool
                          (@List.all.{0} CoreReader.Engineering.EditStep
                            (CoreReader.Engineering.changePath CoreReader.Engineering.Candidate.evolvable d) fun step =>
                            (@List.contains.{0} CoreReader.Engineering.Knowledge
                                  (@instBEqOfDecidableEq.{0} CoreReader.Engineering.Knowledge
                                    CoreReader.Engineering.instDecidableEqKnowledge)
                                  (CoreReader.Engineering.continuingActivity.available
                                    CoreReader.Engineering.Maintainer.successor)
                                  step.requires).and
                              (@List.contains.{0} CoreReader.Engineering.Tool
                                (@instBEqOfDecidableEq.{0} CoreReader.Engineering.Tool
                                  CoreReader.Engineering.instDecidableEqTool)
                                CoreReader.Engineering.continuingActivity.tools step.tool))
                          Bool.true)
                        (@List.instDecidableMemOfLawfulBEq.{0} CoreReader.Engineering.Maintainer
                          (@instBEqOfDecidableEq.{0} CoreReader.Engineering.Maintainer
                            CoreReader.Engineering.instDecidableEqMaintainer)
                          ⋯ CoreReader.Engineering.Maintainer.successor
                          CoreReader.Engineering.continuingActivity.participants)
                        (instDecidableEqBool
                          (@List.all.{0} CoreReader.Engineering.EditStep
                            (CoreReader.Engineering.changePath CoreReader.Engineering.Candidate.evolvable d) fun step =>
                            (@List.contains.{0} CoreReader.Engineering.Knowledge
                                  (@instBEqOfDecidableEq.{0} CoreReader.Engineering.Knowledge
                                    CoreReader.Engineering.instDecidableEqKnowledge)
                                  (CoreReader.Engineering.continuingActivity.available
                                    CoreReader.Engineering.Maintainer.successor)
                                  step.requires).and
                              (@List.contains.{0} CoreReader.Engineering.Tool
                                (@instBEqOfDecidableEq.{0} CoreReader.Engineering.Tool
                                  CoreReader.Engineering.instDecidableEqTool)
                                CoreReader.Engineering.continuingActivity.tools step.tool))
                          Bool.true))))
                Bool.true)
              (And
                (CoreReader.Engineering.EvolutionClaim CoreReader.Engineering.continuingActivity
                  CoreReader.Engineering.Candidate.evolvable
                  { direction := CoreReader.Engineering.Change.replacement,
                    byMaintainer := CoreReader.Engineering.Maintainer.successor,
                    treatment := CoreReader.Engineering.ObligationTreatment.preserve })
                (And
                  (CoreReader.Engineering.EvolutionClaim CoreReader.Engineering.continuingActivity
                    CoreReader.Engineering.Candidate.evolvable
                    { direction := CoreReader.Engineering.Change.redrawing,
                      byMaintainer := CoreReader.Engineering.Maintainer.agent,
                      treatment := CoreReader.Engineering.ObligationTreatment.revise })
                  (@LT.lt.{0} Nat instLTNat
                    (CoreReader.Engineering.changeWork CoreReader.Engineering.Candidate.evolvable
                      CoreReader.Engineering.Change.independent)
                    (CoreReader.Engineering.changeWork CoreReader.Engineering.Candidate.evolvable
                      CoreReader.Engineering.Change.coordinated))))))))))
CoreReader.Engineering.evolutionDimensionsLimits : And
  (@Eq.{1} Nat
    (CoreReader.Engineering.changeWork CoreReader.Engineering.Candidate.presentSimple
      CoreReader.Engineering.Change.addition)
    (@OfNat.ofNat.{0} Nat (nat_lit 2) (instOfNatNat (nat_lit 2))))
  (And
    (@Eq.{1} Nat
      (CoreReader.Engineering.changeWork CoreReader.Engineering.Candidate.presentSimple
        CoreReader.Engineering.Change.withdrawal)
      (@OfNat.ofNat.{0} Nat (nat_lit 17) (instOfNatNat (nat_lit 17))))
    (And
      (@LT.lt.{0} Nat instLTNat
        (CoreReader.Engineering.changeWork CoreReader.Engineering.Candidate.evolvable
          CoreReader.Engineering.Change.independent)
        (CoreReader.Engineering.changeWork CoreReader.Engineering.Candidate.evolvable
          CoreReader.Engineering.Change.coordinated))
      (And
        (CoreReader.Engineering.EvolutionPriority CoreReader.Engineering.currentContinuing
          CoreReader.Engineering.Candidate.evolvable)
        (And
          (@LT.lt.{0} Nat instLTNat (@OfNat.ofNat.{0} Nat (nat_lit 9) (instOfNatNat (nat_lit 9)))
            (CoreReader.Engineering.changeWork CoreReader.Engineering.Candidate.evolvable
              CoreReader.Engineering.Change.migration))
          (And
            (CoreReader.Engineering.CanChange CoreReader.Engineering.continuingActivity
              CoreReader.Engineering.Candidate.presentSimple CoreReader.Engineering.Maintainer.original
              CoreReader.Engineering.Change.addition)
            (And
              (CoreReader.Engineering.CanChange CoreReader.Engineering.continuingActivity
                CoreReader.Engineering.Candidate.evolvable CoreReader.Engineering.Maintainer.original
                CoreReader.Engineering.Change.addition)
              (And
                (CoreReader.Engineering.CanChange CoreReader.Engineering.continuingActivity
                  CoreReader.Engineering.Candidate.presentSimple CoreReader.Engineering.Maintainer.original
                  CoreReader.Engineering.Change.designRevision)
                (And
                  (CoreReader.Engineering.CanChange CoreReader.Engineering.continuingActivity
                    CoreReader.Engineering.Candidate.evolvable CoreReader.Engineering.Maintainer.original
                    CoreReader.Engineering.Change.designRevision)
                  (And
                    (@LT.lt.{0} Nat instLTNat
                      (CoreReader.Engineering.changeWork CoreReader.Engineering.Candidate.evolvable
                        CoreReader.Engineering.Change.designRevision)
                      (CoreReader.Engineering.changeWork CoreReader.Engineering.Candidate.presentSimple
                        CoreReader.Engineering.Change.designRevision))
                    (And
                      (@Eq.{1} Nat
                        (CoreReader.Engineering.changeWork CoreReader.Engineering.Candidate.evolvable
                          CoreReader.Engineering.Change.addition)
                        (CoreReader.Engineering.changeWork CoreReader.Engineering.Candidate.presentSimple
                          CoreReader.Engineering.Change.addition))
                      (And
                        (@Eq.{1} (List.{0} String)
                          (CoreReader.Engineering.transform (CoreReader.Engineering.Change.other "csv export")
                              CoreReader.Engineering.originalSoftware).capabilities
                          (@List.cons.{0} String "deduplicate"
                            (@List.cons.{0} String "csv export" (@List.nil.{0} String))))
                        (And
                          (CoreReader.Engineering.CanChange CoreReader.Engineering.continuingActivity
                            CoreReader.Engineering.Candidate.maximal CoreReader.Engineering.Maintainer.successor
                            (CoreReader.Engineering.Change.other "csv export"))
                          (Not
                            (CoreReader.Engineering.CanChange CoreReader.Engineering.continuingActivity
                              CoreReader.Engineering.Candidate.evolvable CoreReader.Engineering.Maintainer.successor
                              (CoreReader.Engineering.Change.other "csv export")))))))))))))))
CoreReader.Engineering.oneDimensionDoesNotEntailEveryDimension : And
  (@LT.lt.{0} Nat instLTNat
    (CoreReader.Engineering.changeWork CoreReader.Engineering.Candidate.evolvable
      CoreReader.Engineering.Change.designRevision)
    (CoreReader.Engineering.changeWork CoreReader.Engineering.Candidate.presentSimple
      CoreReader.Engineering.Change.designRevision))
  (Not
    (∀ (d : CoreReader.Engineering.Change),
      @LT.lt.{0} Nat instLTNat (CoreReader.Engineering.changeWork CoreReader.Engineering.Candidate.evolvable d)
        (CoreReader.Engineering.changeWork CoreReader.Engineering.Candidate.presentSimple d)))
CoreReader.Engineering.propagation : CoreReader.Engineering.Candidate → CoreReader.Engineering.Change → List.{0} Nat
CoreReader.Engineering.batchCount : Nat → Nat → Nat
CoreReader.Engineering.staticBatch : Nat → Nat → Nat
CoreReader.Engineering.liveBatch : Nat → Nat → Nat
CoreReader.Engineering.StructuralEvidence : Type
CoreReader.Engineering.structuralEvidence : CoreReader.Engineering.Candidate →
  CoreReader.Engineering.Change → CoreReader.Engineering.StructuralEvidence
CoreReader.Engineering.StructuralAccount : CoreReader.Engineering.Activity →
  CoreReader.Engineering.Candidate → CoreReader.Engineering.StructuralEvidence → Prop
CoreReader.Engineering.InterfaceView : Type
CoreReader.Engineering.sameShape : CoreReader.Engineering.InterfaceView
CoreReader.Engineering.moduleAssumptions : List.{0} (Prod.{0, 0} Nat Nat)
CoreReader.Engineering.modulesNeedingRevision : Nat → List.{0} Nat
CoreReader.Engineering.Boundary : Type
CoreReader.Engineering.EngineeringDesign : Type
CoreReader.Engineering.privateDesign : CoreReader.Engineering.EngineeringDesign
CoreReader.Engineering.documentedDesign : CoreReader.Engineering.EngineeringDesign
CoreReader.Engineering.sortedDesign : CoreReader.Engineering.EngineeringDesign
CoreReader.Engineering.coordinatedBoundary : CoreReader.Engineering.Boundary
CoreReader.Engineering.boundaryDesign : CoreReader.Engineering.EngineeringDesign
CoreReader.Engineering.crossesBoundary : CoreReader.Engineering.EngineeringDesign →
  CoreReader.Engineering.Change → CoreReader.Engineering.Boundary → Bool
CoreReader.Engineering.boundaryObligationChecked : CoreReader.Engineering.EngineeringDesign →
  CoreReader.Engineering.Change → CoreReader.Engineering.Boundary → Bool
CoreReader.Engineering.omittedCallerCheck : CoreReader.Engineering.EngineeringDesign
CoreReader.Engineering.otherCalleeBoundary : CoreReader.Engineering.Boundary
CoreReader.Engineering.otherCalleeDesign : CoreReader.Engineering.EngineeringDesign
CoreReader.Engineering.actualCrossBoundaryObligation : And
  (@Eq.{1} Bool
    (CoreReader.Engineering.crossesBoundary CoreReader.Engineering.boundaryDesign
      CoreReader.Engineering.Change.coordinated CoreReader.Engineering.coordinatedBoundary)
    Bool.true)
  (And
    (@Eq.{1} Bool
      (CoreReader.Engineering.boundaryObligationChecked CoreReader.Engineering.boundaryDesign
        CoreReader.Engineering.Change.coordinated CoreReader.Engineering.coordinatedBoundary)
      Bool.true)
    (And
      (@Eq.{1} Bool
        (CoreReader.Engineering.crossesBoundary CoreReader.Engineering.omittedCallerCheck
          CoreReader.Engineering.Change.coordinated CoreReader.Engineering.coordinatedBoundary)
        Bool.true)
      (And
        (@Eq.{1} Bool
          (CoreReader.Engineering.boundaryObligationChecked CoreReader.Engineering.omittedCallerCheck
            CoreReader.Engineering.Change.coordinated CoreReader.Engineering.coordinatedBoundary)
          Bool.false)
        (And
          (@Eq.{1} Bool
            (CoreReader.Engineering.crossesBoundary CoreReader.Engineering.otherCalleeDesign
              CoreReader.Engineering.Change.coordinated CoreReader.Engineering.otherCalleeBoundary)
            Bool.false)
          (@Eq.{1} Bool
            (CoreReader.Engineering.boundaryObligationChecked
              (have __src := CoreReader.Engineering.boundaryDesign;
              { metadata := __src.metadata, run := CoreReader.Engineering.sortedUnique, paths := __src.paths,
                components := __src.components, boundaries := __src.boundaries,
                batchAssumptions := __src.batchAssumptions })
              CoreReader.Engineering.Change.coordinated CoreReader.Engineering.coordinatedBoundary)
            Bool.false)))))
CoreReader.Engineering.structuralCases : And
  (CoreReader.Engineering.StructuralAccount CoreReader.Engineering.continuingActivity
    CoreReader.Engineering.Candidate.evolvable
    (CoreReader.Engineering.structuralEvidence CoreReader.Engineering.Candidate.evolvable
      CoreReader.Engineering.Change.designRevision))
  (And
    (@Eq.{1} Nat
      (@List.length.{0} Nat
        (CoreReader.Engineering.propagation CoreReader.Engineering.Candidate.presentSimple
          CoreReader.Engineering.Change.designRevision))
      (@OfNat.ofNat.{0} Nat (nat_lit 3) (instOfNatNat (nat_lit 3))))
    (And
      (@Eq.{1} Nat
        (@List.length.{0} Nat
          (CoreReader.Engineering.propagation CoreReader.Engineering.Candidate.evolvable
            CoreReader.Engineering.Change.designRevision))
        (@OfNat.ofNat.{0} Nat (nat_lit 2) (instOfNatNat (nat_lit 2))))
      (And
        (@Eq.{1} Bool
          (@List.any.{0} CoreReader.Engineering.EditStep
            (CoreReader.Engineering.changePath CoreReader.Engineering.Candidate.evolvable
              CoreReader.Engineering.Change.coordinated)
            fun s =>
            (@BEq.beq.{0} Nat (@instBEqOfDecidableEq.{0} Nat instDecidableEqNat) s.component
                  (@OfNat.ofNat.{0} Nat (nat_lit 2) (instOfNatNat (nat_lit 2)))).and
              (@BEq.beq.{0} CoreReader.Engineering.Knowledge
                (@instBEqOfDecidableEq.{0} CoreReader.Engineering.Knowledge
                  CoreReader.Engineering.instDecidableEqKnowledge)
                s.requires CoreReader.Engineering.Knowledge.publicContract))
          Bool.true)
        (And
          (CoreReader.Engineering.PreservesFinite CoreReader.Engineering.orderedUnique
            CoreReader.Engineering.orderedRefactor)
          (And
            (@Ne.{1} (List.{0} (List.{0} Nat))
              (CoreReader.Engineering.structuralEvidence CoreReader.Engineering.Candidate.evolvable
                  CoreReader.Engineering.Change.designRevision).observedBefore
              (CoreReader.Engineering.structuralEvidence CoreReader.Engineering.Candidate.evolvable
                  CoreReader.Engineering.Change.designRevision).observedAfter)
            (And
              (@Eq.{1} Nat
                (CoreReader.Engineering.staticBatch (@OfNat.ofNat.{0} Nat (nat_lit 21) (instOfNatNat (nat_lit 21)))
                  (@OfNat.ofNat.{0} Nat (nat_lit 10) (instOfNatNat (nat_lit 10))))
                (CoreReader.Engineering.liveBatch (@OfNat.ofNat.{0} Nat (nat_lit 21) (instOfNatNat (nat_lit 21)))
                  (@OfNat.ofNat.{0} Nat (nat_lit 10) (instOfNatNat (nat_lit 10)))))
              (And
                (@Ne.{1} Nat
                  (CoreReader.Engineering.staticBatch (@OfNat.ofNat.{0} Nat (nat_lit 21) (instOfNatNat (nat_lit 21)))
                    (@OfNat.ofNat.{0} Nat (nat_lit 5) (instOfNatNat (nat_lit 5))))
                  (CoreReader.Engineering.liveBatch (@OfNat.ofNat.{0} Nat (nat_lit 21) (instOfNatNat (nat_lit 21)))
                    (@OfNat.ofNat.{0} Nat (nat_lit 5) (instOfNatNat (nat_lit 5)))))
                (And
                  (@Eq.{1} Nat
                    (CoreReader.Engineering.changeWork CoreReader.Engineering.Candidate.presentSimple
                      CoreReader.Engineering.Change.withdrawal)
                    (@OfNat.ofNat.{0} Nat (nat_lit 17) (instOfNatNat (nat_lit 17))))
                  (And
                    (@Eq.{1} Bool
                      (CoreReader.Engineering.crossesBoundary CoreReader.Engineering.boundaryDesign
                        CoreReader.Engineering.Change.coordinated CoreReader.Engineering.coordinatedBoundary)
                      Bool.true)
                    (And
                      (@Eq.{1} Bool
                        (CoreReader.Engineering.boundaryObligationChecked CoreReader.Engineering.boundaryDesign
                          CoreReader.Engineering.Change.coordinated CoreReader.Engineering.coordinatedBoundary)
                        Bool.true)
                      (And
                        (@Eq.{1} Bool
                          (CoreReader.Engineering.crossesBoundary CoreReader.Engineering.omittedCallerCheck
                            CoreReader.Engineering.Change.coordinated CoreReader.Engineering.coordinatedBoundary)
                          Bool.true)
                        (And
                          (@Eq.{1} Bool
                            (CoreReader.Engineering.boundaryObligationChecked CoreReader.Engineering.omittedCallerCheck
                              CoreReader.Engineering.Change.coordinated CoreReader.Engineering.coordinatedBoundary)
                            Bool.false)
                          (And
                            (@Eq.{1} Bool
                              (CoreReader.Engineering.crossesBoundary CoreReader.Engineering.otherCalleeDesign
                                CoreReader.Engineering.Change.coordinated CoreReader.Engineering.otherCalleeBoundary)
                              Bool.false)
                            (@Eq.{1} Bool
                              (CoreReader.Engineering.boundaryObligationChecked
                                (have __src := CoreReader.Engineering.boundaryDesign;
                                { metadata := __src.metadata, run := CoreReader.Engineering.sortedUnique,
                                  paths := __src.paths, components := __src.components, boundaries := __src.boundaries,
                                  batchAssumptions := __src.batchAssumptions })
                                CoreReader.Engineering.Change.coordinated CoreReader.Engineering.coordinatedBoundary)
                              Bool.false))))))))))))))
CoreReader.Engineering.DesignCanChange : CoreReader.Engineering.Activity →
  CoreReader.Engineering.EngineeringDesign → CoreReader.Engineering.Maintainer → CoreReader.Engineering.Change → Prop
CoreReader.Engineering.designWork : CoreReader.Engineering.EngineeringDesign → CoreReader.Engineering.Change → Nat
CoreReader.Engineering.designModulesNeedingRevision : CoreReader.Engineering.EngineeringDesign → Nat → List.{0} Nat
CoreReader.Engineering.introduceBoundary : CoreReader.Engineering.EngineeringDesign →
  CoreReader.Engineering.EngineeringDesign
CoreReader.Engineering.wrappedDesign : CoreReader.Engineering.EngineeringDesign
CoreReader.Engineering.relocateVerification : CoreReader.Engineering.EngineeringDesign →
  CoreReader.Engineering.EngineeringDesign
CoreReader.Engineering.sameWorkDesign : CoreReader.Engineering.EngineeringDesign
CoreReader.Engineering.structureNotCapability : And
  (And
    (@Eq.{1} String CoreReader.Engineering.privateDesign.metadata.signature
      CoreReader.Engineering.sortedDesign.metadata.signature)
    (And
      (@Eq.{1} (List.{0} Nat)
        (CoreReader.Engineering.privateDesign.run
          (@List.cons.{0} Nat (@OfNat.ofNat.{0} Nat (nat_lit 2) (instOfNatNat (nat_lit 2)))
            (@List.cons.{0} Nat (@OfNat.ofNat.{0} Nat (nat_lit 1) (instOfNatNat (nat_lit 1)))
              (@List.cons.{0} Nat (@OfNat.ofNat.{0} Nat (nat_lit 2) (instOfNatNat (nat_lit 2))) (@List.nil.{0} Nat)))))
        (@List.cons.{0} Nat (@OfNat.ofNat.{0} Nat (nat_lit 2) (instOfNatNat (nat_lit 2)))
          (@List.cons.{0} Nat (@OfNat.ofNat.{0} Nat (nat_lit 1) (instOfNatNat (nat_lit 1))) (@List.nil.{0} Nat))))
      (@Ne.{1} (List.{0} Nat)
        (CoreReader.Engineering.sortedDesign.run
          (@List.cons.{0} Nat (@OfNat.ofNat.{0} Nat (nat_lit 2) (instOfNatNat (nat_lit 2)))
            (@List.cons.{0} Nat (@OfNat.ofNat.{0} Nat (nat_lit 1) (instOfNatNat (nat_lit 1)))
              (@List.cons.{0} Nat (@OfNat.ofNat.{0} Nat (nat_lit 2) (instOfNatNat (nat_lit 2))) (@List.nil.{0} Nat)))))
        (@List.cons.{0} Nat (@OfNat.ofNat.{0} Nat (nat_lit 2) (instOfNatNat (nat_lit 2)))
          (@List.cons.{0} Nat (@OfNat.ofNat.{0} Nat (nat_lit 1) (instOfNatNat (nat_lit 1))) (@List.nil.{0} Nat))))))
  (And
    (And
      (@Eq.{1} Nat CoreReader.Engineering.privateDesign.metadata.modules
        (@List.length.{0} Nat CoreReader.Engineering.privateDesign.components))
      (And
        (@Eq.{1} Nat (@List.length.{0} (Prod.{0, 0} Nat Nat) CoreReader.Engineering.privateDesign.batchAssumptions)
          (@OfNat.ofNat.{0} Nat (nat_lit 8) (instOfNatNat (nat_lit 8))))
        (@Eq.{1} Nat
          (@List.length.{0} Nat
            (CoreReader.Engineering.designModulesNeedingRevision CoreReader.Engineering.privateDesign
              (@OfNat.ofNat.{0} Nat (nat_lit 5) (instOfNatNat (nat_lit 5)))))
          (@OfNat.ofNat.{0} Nat (nat_lit 8) (instOfNatNat (nat_lit 8))))))
    (And
      (And (@Eq.{1} String CoreReader.Engineering.privateDesign.metadata.principle "dependency inversion")
        (And
          (@Eq.{1} CoreReader.Engineering.InterfaceView CoreReader.Engineering.privateDesign.metadata
            CoreReader.Engineering.documentedDesign.metadata)
          (And
            (Not
              (CoreReader.Engineering.DesignCanChange CoreReader.Engineering.continuingActivity
                CoreReader.Engineering.privateDesign CoreReader.Engineering.Maintainer.successor
                CoreReader.Engineering.Change.designRevision))
            (CoreReader.Engineering.DesignCanChange CoreReader.Engineering.continuingActivity
              CoreReader.Engineering.documentedDesign CoreReader.Engineering.Maintainer.successor
              CoreReader.Engineering.Change.designRevision))))
      (And
        (And
          (@Eq.{1} Nat
            (@List.length.{0} CoreReader.Engineering.Boundary CoreReader.Engineering.privateDesign.boundaries)
            (@OfNat.ofNat.{0} Nat (nat_lit 0) (instOfNatNat (nat_lit 0))))
          (And
            (@Eq.{1} Nat
              (@List.length.{0} CoreReader.Engineering.Boundary CoreReader.Engineering.wrappedDesign.boundaries)
              (@OfNat.ofNat.{0} Nat (nat_lit 1) (instOfNatNat (nat_lit 1))))
            (And
              (@Eq.{1} Nat (@List.length.{0} Nat CoreReader.Engineering.wrappedDesign.components)
                (@OfNat.ofNat.{0} Nat (nat_lit 9) (instOfNatNat (nat_lit 9))))
              (And
                (@Eq.{1} (List.{0} CoreReader.Engineering.Boundary) CoreReader.Engineering.wrappedDesign.boundaries
                  (@List.cons.{0} CoreReader.Engineering.Boundary
                    { caller := @OfNat.ofNat.{0} Nat (nat_lit 8) (instOfNatNat (nat_lit 8)),
                      callee := @OfNat.ofNat.{0} Nat (nat_lit 0) (instOfNatNat (nat_lit 0)),
                      contract := "List Nat → List Nat" }
                    (@List.nil.{0} CoreReader.Engineering.Boundary)))
                (And
                  (@Eq.{1} (List.{0} Nat)
                    (CoreReader.Engineering.wrappedDesign.run
                      (@List.cons.{0} Nat (@OfNat.ofNat.{0} Nat (nat_lit 2) (instOfNatNat (nat_lit 2)))
                        (@List.cons.{0} Nat (@OfNat.ofNat.{0} Nat (nat_lit 1) (instOfNatNat (nat_lit 1)))
                          (@List.cons.{0} Nat (@OfNat.ofNat.{0} Nat (nat_lit 2) (instOfNatNat (nat_lit 2)))
                            (@List.nil.{0} Nat)))))
                    (CoreReader.Engineering.privateDesign.run
                      (@List.cons.{0} Nat (@OfNat.ofNat.{0} Nat (nat_lit 2) (instOfNatNat (nat_lit 2)))
                        (@List.cons.{0} Nat (@OfNat.ofNat.{0} Nat (nat_lit 1) (instOfNatNat (nat_lit 1)))
                          (@List.cons.{0} Nat (@OfNat.ofNat.{0} Nat (nat_lit 2) (instOfNatNat (nat_lit 2)))
                            (@List.nil.{0} Nat))))))
                  (And
                    (@Eq.{1} Nat
                      (CoreReader.Engineering.designWork CoreReader.Engineering.privateDesign
                        CoreReader.Engineering.Change.designRevision)
                      (@OfNat.ofNat.{0} Nat (nat_lit 17) (instOfNatNat (nat_lit 17))))
                    (And
                      (@Eq.{1} Nat
                        (CoreReader.Engineering.designWork CoreReader.Engineering.wrappedDesign
                          CoreReader.Engineering.Change.designRevision)
                        (@OfNat.ofNat.{0} Nat (nat_lit 18) (instOfNatNat (nat_lit 18))))
                      (Not
                        (@LT.lt.{0} Nat instLTNat
                          (CoreReader.Engineering.designWork CoreReader.Engineering.wrappedDesign
                            CoreReader.Engineering.Change.designRevision)
                          (CoreReader.Engineering.designWork CoreReader.Engineering.privateDesign
                            CoreReader.Engineering.Change.designRevision))))))))))
        (And
          (@Eq.{1} (List.{0} CoreReader.Engineering.Boundary) CoreReader.Engineering.sameWorkDesign.boundaries
            (@List.cons.{0} CoreReader.Engineering.Boundary
              { caller := @OfNat.ofNat.{0} Nat (nat_lit 8) (instOfNatNat (nat_lit 8)),
                callee := @OfNat.ofNat.{0} Nat (nat_lit 0) (instOfNatNat (nat_lit 0)),
                contract := "List Nat → List Nat" }
              (@List.nil.{0} CoreReader.Engineering.Boundary)))
          (And
            (@Eq.{1} Nat (@List.length.{0} Nat CoreReader.Engineering.sameWorkDesign.components)
              (@OfNat.ofNat.{0} Nat (nat_lit 9) (instOfNatNat (nat_lit 9))))
            (And
              (@Ne.{1} (List.{0} CoreReader.Engineering.EditStep)
                (CoreReader.Engineering.sameWorkDesign.paths CoreReader.Engineering.Change.designRevision)
                (CoreReader.Engineering.privateDesign.paths CoreReader.Engineering.Change.designRevision))
              (And
                (@Eq.{1} (List.{0} Nat)
                  (CoreReader.Engineering.sameWorkDesign.run
                    (@List.cons.{0} Nat (@OfNat.ofNat.{0} Nat (nat_lit 2) (instOfNatNat (nat_lit 2)))
                      (@List.cons.{0} Nat (@OfNat.ofNat.{0} Nat (nat_lit 1) (instOfNatNat (nat_lit 1)))
                        (@List.cons.{0} Nat (@OfNat.ofNat.{0} Nat (nat_lit 2) (instOfNatNat (nat_lit 2)))
                          (@List.nil.{0} Nat)))))
                  (CoreReader.Engineering.privateDesign.run
                    (@List.cons.{0} Nat (@OfNat.ofNat.{0} Nat (nat_lit 2) (instOfNatNat (nat_lit 2)))
                      (@List.cons.{0} Nat (@OfNat.ofNat.{0} Nat (nat_lit 1) (instOfNatNat (nat_lit 1)))
                        (@List.cons.{0} Nat (@OfNat.ofNat.{0} Nat (nat_lit 2) (instOfNatNat (nat_lit 2)))
                          (@List.nil.{0} Nat))))))
                (And
                  (@Eq.{1} Nat
                    (CoreReader.Engineering.designWork CoreReader.Engineering.sameWorkDesign
                      CoreReader.Engineering.Change.designRevision)
                    (CoreReader.Engineering.designWork CoreReader.Engineering.privateDesign
                      CoreReader.Engineering.Change.designRevision))
                  (And
                    (@Eq.{1} Nat
                      (CoreReader.Engineering.designWork CoreReader.Engineering.sameWorkDesign
                        CoreReader.Engineering.Change.designRevision)
                      (@OfNat.ofNat.{0} Nat (nat_lit 17) (instOfNatNat (nat_lit 17))))
                    (Not
                      (CoreReader.Engineering.DesignCanChange CoreReader.Engineering.continuingActivity
                        CoreReader.Engineering.sameWorkDesign CoreReader.Engineering.Maintainer.successor
                        CoreReader.Engineering.Change.designRevision)))))))))))
@CoreReader.Engineering.contractPreservation : ∀ {Input Output : Type} (scope : Input → Prop)
  (old new : Input → Output),
  (∀ (x : Input), scope x → @Eq.{1} Output (new x) (old x)) →
    @CoreReader.Engineering.PreservesOn Input Output scope old new
@CoreReader.Engineering.changedObservationNotPreserved : ∀ {Input Output : Type} (scope : Input → Prop)
  (old new : Input → Output) (x : Input),
  scope x → @Ne.{1} Output (new x) (old x) → Not (@CoreReader.Engineering.PreservesOn Input Output scope old new)
CoreReader.Engineering.contractRevisionObligations : ∀ (old new : CoreReader.Engineering.ObservableContract)
  (r : CoreReader.Engineering.ContractRevision),
  CoreReader.Engineering.ContractChangeAccount old new r →
    Not (CoreReader.Engineering.PreservesContractFinite old new) → CoreReader.Engineering.RevisionDuties old new r
CoreReader.Engineering.retiredBehavior : List.{0} Nat → List.{0} Nat
CoreReader.Engineering.contractCases : And
  (CoreReader.Engineering.ContractChangeAccount CoreReader.Engineering.originalContract
    CoreReader.Engineering.refactoredContract CoreReader.Engineering.normalRevision)
  (And
    (CoreReader.Engineering.ContractChangeAccount CoreReader.Engineering.originalContract
      CoreReader.Engineering.revisedContract CoreReader.Engineering.normalRevision)
    (And
      (Not
        (CoreReader.Engineering.ContractChangeAccount CoreReader.Engineering.originalContract
          CoreReader.Engineering.revisedContract
          (have __src := CoreReader.Engineering.normalRevision;
          { deliberate := __src.deliberate, revisedOrder := __src.revisedOrder, affected := @List.nil.{0} String,
            oldFailureLimit := __src.oldFailureLimit, newFailureLimit := __src.newFailureLimit,
            recordedOldFailureLimit := __src.recordedOldFailureLimit,
            recordedNewFailureLimit := __src.recordedNewFailureLimit, procedure := __src.procedure })))
      (And
        (CoreReader.Engineering.PreservesFinite CoreReader.Engineering.orderedUnique
          CoreReader.Engineering.retiredBehavior)
        (And
          (@Ne.{1} (List.{0} Nat)
            (CoreReader.Engineering.retiredBehavior
              (@List.cons.{0} Nat (@OfNat.ofNat.{0} Nat (nat_lit 99) (instOfNatNat (nat_lit 99))) (@List.nil.{0} Nat)))
            (CoreReader.Engineering.orderedUnique
              (@List.cons.{0} Nat (@OfNat.ofNat.{0} Nat (nat_lit 99) (instOfNatNat (nat_lit 99))) (@List.nil.{0} Nat))))
          (CoreReader.Engineering.ContractChangeAccount CoreReader.Engineering.originalContract
            CoreReader.Engineering.revisedContract
            (have __src := CoreReader.Engineering.normalRevision;
            { deliberate := __src.deliberate, revisedOrder := __src.revisedOrder, affected := __src.affected,
              oldFailureLimit := __src.oldFailureLimit, newFailureLimit := __src.newFailureLimit,
              recordedOldFailureLimit := __src.recordedOldFailureLimit,
              recordedNewFailureLimit := __src.recordedNewFailureLimit, procedure := "paired audit" }))))))
CoreReader.Engineering.contractDistinctions : And
  (CoreReader.Engineering.PreservesFinite CoreReader.Engineering.orderedUnique CoreReader.Engineering.orderedRefactor)
  (And
    (Not
      (CoreReader.Engineering.PreservesFinite CoreReader.Engineering.orderedUnique CoreReader.Engineering.sortedUnique))
    (And
      (@Eq.{1} Bool
        (CoreReader.Engineering.retry CoreReader.Engineering.originalContract
          (@OfNat.ofNat.{0} Nat (nat_lit 3) (instOfNatNat (nat_lit 3))))
        Bool.false)
      (And
        (@Eq.{1} Bool
          (CoreReader.Engineering.retry CoreReader.Engineering.revisedContract
            (@OfNat.ofNat.{0} Nat (nat_lit 3) (instOfNatNat (nat_lit 3))))
          Bool.true)
        (And
          (Not
            (CoreReader.Engineering.PreservesContractFinite CoreReader.Engineering.originalContract
              CoreReader.Engineering.revisedContract))
          (And
            (@Eq.{1} (List.{0} String)
              (CoreReader.Engineering.affectedParties CoreReader.Engineering.originalContract
                CoreReader.Engineering.revisedContract)
              (@List.cons.{0} String "queue consumer" (@List.cons.{0} String "queue operator" (@List.nil.{0} String))))
            (And
              (Not
                (CoreReader.Engineering.ContractChangeAccount CoreReader.Engineering.originalContract
                  CoreReader.Engineering.revisedContract
                  (have __src := CoreReader.Engineering.normalRevision;
                  { deliberate := __src.deliberate, revisedOrder := __src.revisedOrder,
                    affected := @List.cons.{0} String "queue consumer" (@List.nil.{0} String),
                    oldFailureLimit := __src.oldFailureLimit, newFailureLimit := __src.newFailureLimit,
                    recordedOldFailureLimit := __src.recordedOldFailureLimit,
                    recordedNewFailureLimit := __src.recordedNewFailureLimit, procedure := __src.procedure })))
              (And
                (Not
                  (CoreReader.Engineering.ContractChangeAccount CoreReader.Engineering.originalContract
                    CoreReader.Engineering.revisedContract
                    (have __src := CoreReader.Engineering.normalRevision;
                    { deliberate := __src.deliberate, revisedOrder := __src.revisedOrder, affected := __src.affected,
                      oldFailureLimit := @OfNat.ofNat.{0} Nat (nat_lit 5) (instOfNatNat (nat_lit 5)),
                      newFailureLimit := __src.newFailureLimit,
                      recordedOldFailureLimit := @OfNat.ofNat.{0} Nat (nat_lit 5) (instOfNatNat (nat_lit 5)),
                      recordedNewFailureLimit := __src.recordedNewFailureLimit, procedure := __src.procedure })))
                (And
                  (CoreReader.Engineering.ContractChangeAccount CoreReader.Engineering.originalContract
                    CoreReader.Engineering.revisedContract CoreReader.Engineering.normalRevision)
                  (And
                    (CoreReader.Engineering.PreservesFinite CoreReader.Engineering.orderedUnique
                      CoreReader.Engineering.retiredBehavior)
                    (@Ne.{1} (List.{0} Nat)
                      (CoreReader.Engineering.retiredBehavior
                        (@List.cons.{0} Nat (@OfNat.ofNat.{0} Nat (nat_lit 99) (instOfNatNat (nat_lit 99)))
                          (@List.nil.{0} Nat)))
                      (CoreReader.Engineering.orderedUnique
                        (@List.cons.{0} Nat (@OfNat.ofNat.{0} Nat (nat_lit 99) (instOfNatNat (nat_lit 99)))
                          (@List.nil.{0} Nat)))))))))))))
CoreReader.Engineering.RevisionState : Type
CoreReader.Engineering.RevisionRecord : Type
CoreReader.Engineering.MaterialGroundsChanged : CoreReader.Engineering.RevisionState →
  CoreReader.Engineering.RevisionState → Prop
CoreReader.Engineering.oldState : CoreReader.Engineering.RevisionState
CoreReader.Engineering.newState : CoreReader.Engineering.RevisionState
CoreReader.Engineering.HistoricalEvidence : Type
CoreReader.Engineering.observedHistory : CoreReader.Engineering.HistoricalEvidence
CoreReader.Engineering.RevisionAccountAgainst : CoreReader.Engineering.HistoricalEvidence →
  CoreReader.Engineering.RevisionRecord → Prop
CoreReader.Engineering.RevisionAccount : CoreReader.Engineering.RevisionRecord → Prop
CoreReader.Engineering.failedHistoryNotRewritten : ∀ (history : CoreReader.Engineering.HistoricalEvidence)
  (r : CoreReader.Engineering.RevisionRecord),
  CoreReader.Engineering.RevisionAccountAgainst history r →
    @Ne.{1} Nat history.predictedBatchCount history.actualBatchCount →
      @Eq.{1} Bool r.reportedPredictionSucceeded Bool.false
CoreReader.Engineering.revisionRecord : CoreReader.Engineering.RevisionRecord
CoreReader.Engineering.SupportedAlternative : List.{0} CoreReader.Engineering.DirectionGround →
  CoreReader.Engineering.Change → Prop
CoreReader.Engineering.RetentionJustified : CoreReader.Engineering.Context →
  List.{0} CoreReader.Engineering.Change → Prop
CoreReader.Engineering.stableRecord : CoreReader.Engineering.RevisionRecord
CoreReader.Engineering.revisionCases : And
  (CoreReader.Engineering.RevisionAccount CoreReader.Engineering.revisionRecord)
  (And
    (@Ne.{1} (List.{0} CoreReader.Engineering.Change) CoreReader.Engineering.revisionRecord.old.forecast
      CoreReader.Engineering.revisionRecord.current.forecast)
    (And
      (@Ne.{1} Nat CoreReader.Engineering.revisionRecord.old.maintenance
        CoreReader.Engineering.revisionRecord.current.maintenance)
      (And
        (@Ne.{1} (List.{0} CoreReader.Engineering.Maintainer) CoreReader.Engineering.revisionRecord.old.maintainers
          CoreReader.Engineering.revisionRecord.current.maintainers)
        (And
          (@Ne.{1} Nat CoreReader.Engineering.revisionRecord.old.migrationCost
            CoreReader.Engineering.revisionRecord.current.migrationCost)
          (And
            (@Ne.{1} Nat CoreReader.Engineering.revisionRecord.old.objectiveCapacity
              CoreReader.Engineering.revisionRecord.current.objectiveCapacity)
            (And
              (@Ne.{1} Nat CoreReader.Engineering.revisionRecord.predictedBatchCount
                CoreReader.Engineering.revisionRecord.actualBatchCount)
              (And
                (CoreReader.Engineering.RetentionJustified CoreReader.Engineering.currentContinuing
                  (@List.cons.{0} CoreReader.Engineering.Change (CoreReader.Engineering.Change.other "quantum backend")
                    (@List.nil.{0} CoreReader.Engineering.Change)))
                (CoreReader.Engineering.RetentionJustified
                  (CoreReader.Engineering.threatened CoreReader.Engineering.Burden.migration)
                  (@List.cons.{0} CoreReader.Engineering.Change CoreReader.Engineering.Change.migration
                    (@List.nil.{0} CoreReader.Engineering.Change))))))))))
CoreReader.Engineering.observations : List.{0} (Prod.{0, 0} Nat Nat)
CoreReader.Engineering.revisionsMade : List.{0} Nat
CoreReader.Engineering.agreedBatch : List.{0} CoreReader.Engineering.Maintainer → Nat → Nat → List.{0} Nat
CoreReader.Engineering.rewrittenOldRecord : CoreReader.Engineering.RevisionRecord
CoreReader.Engineering.rewrittenPredictionRecord : CoreReader.Engineering.RevisionRecord
CoreReader.Engineering.rewrittenObservationRecord : CoreReader.Engineering.RevisionRecord
CoreReader.Engineering.unrelatedSoftwareRecord : CoreReader.Engineering.RevisionRecord
CoreReader.Engineering.historicalTamperingRejected : And
  (CoreReader.Engineering.RevisionAccount CoreReader.Engineering.revisionRecord)
  (And (Not (CoreReader.Engineering.RevisionAccount CoreReader.Engineering.rewrittenOldRecord))
    (And (Not (CoreReader.Engineering.RevisionAccount CoreReader.Engineering.rewrittenPredictionRecord))
      (And (Not (CoreReader.Engineering.RevisionAccount CoreReader.Engineering.rewrittenObservationRecord))
        (And
          (@Eq.{1} Nat CoreReader.Engineering.observedHistory.predictedBatchCount
            (@OfNat.ofNat.{0} Nat (nat_lit 3) (instOfNatNat (nat_lit 3))))
          (And
            (@Eq.{1} Nat CoreReader.Engineering.observedHistory.actualBatchCount
              (@OfNat.ofNat.{0} Nat (nat_lit 5) (instOfNatNat (nat_lit 5))))
            (Not (CoreReader.Engineering.RevisionAccount CoreReader.Engineering.unrelatedSoftwareRecord)))))))
CoreReader.Engineering.revisionLimits : And
  (CoreReader.Engineering.RevisionAccount CoreReader.Engineering.revisionRecord)
  (And
    (Not
      (CoreReader.Engineering.RevisionAccount
        (have __src := CoreReader.Engineering.revisionRecord;
        { software := __src.software, old := __src.old, current := __src.current, recordedOld := __src.recordedOld,
          recordedCurrent := __src.recordedCurrent, predictedBatchCount := __src.predictedBatchCount,
          actualBatchCount := __src.actualBatchCount, reportedPredictionSucceeded := Bool.true,
          consideredChanges := __src.consideredChanges, criticizedDirections := __src.criticizedDirections })))
    (And
      (@Eq.{1} Nat (@List.length.{0} Nat CoreReader.Engineering.revisionsMade)
        (@OfNat.ofNat.{0} Nat (nat_lit 3) (instOfNatNat (nat_lit 3))))
      (And
        (@Eq.{1} (List.{0} Nat)
          (CoreReader.Engineering.agreedBatch CoreReader.Engineering.maintainers
            (@OfNat.ofNat.{0} Nat (nat_lit 21) (instOfNatNat (nat_lit 21)))
            (@OfNat.ofNat.{0} Nat (nat_lit 5) (instOfNatNat (nat_lit 5))))
          (@List.cons.{0} Nat (@OfNat.ofNat.{0} Nat (nat_lit 3) (instOfNatNat (nat_lit 3)))
            (@List.cons.{0} Nat (@OfNat.ofNat.{0} Nat (nat_lit 3) (instOfNatNat (nat_lit 3)))
              (@List.cons.{0} Nat (@OfNat.ofNat.{0} Nat (nat_lit 3) (instOfNatNat (nat_lit 3))) (@List.nil.{0} Nat)))))
        (And
          (@Eq.{1} Nat
            (CoreReader.Engineering.liveBatch (@OfNat.ofNat.{0} Nat (nat_lit 21) (instOfNatNat (nat_lit 21)))
              (@OfNat.ofNat.{0} Nat (nat_lit 5) (instOfNatNat (nat_lit 5))))
            (@OfNat.ofNat.{0} Nat (nat_lit 5) (instOfNatNat (nat_lit 5))))
          (And
            (@Eq.{1} Bool
              (@List.all.{0} (Prod.{0, 0} Nat Nat) CoreReader.Engineering.observations fun p =>
                @BEq.beq.{0} Nat (@instBEqOfDecidableEq.{0} Nat instDecidableEqNat)
                  (CoreReader.Engineering.staticBatch (@Prod.fst.{0, 0} Nat Nat p) (@Prod.snd.{0, 0} Nat Nat p))
                  (CoreReader.Engineering.liveBatch (@Prod.fst.{0, 0} Nat Nat p) (@Prod.snd.{0, 0} Nat Nat p)))
              Bool.true)
            (And
              (@Ne.{1} Nat
                (CoreReader.Engineering.staticBatch (@OfNat.ofNat.{0} Nat (nat_lit 21) (instOfNatNat (nat_lit 21)))
                  (@OfNat.ofNat.{0} Nat (nat_lit 5) (instOfNatNat (nat_lit 5))))
                (CoreReader.Engineering.liveBatch (@OfNat.ofNat.{0} Nat (nat_lit 21) (instOfNatNat (nat_lit 21)))
                  (@OfNat.ofNat.{0} Nat (nat_lit 5) (instOfNatNat (nat_lit 5)))))
              (And (CoreReader.Engineering.RevisionAccount CoreReader.Engineering.stableRecord)
                (And
                  (@Eq.{1} CoreReader.Engineering.Candidate CoreReader.Engineering.stableRecord.current.choice
                    CoreReader.Engineering.stableRecord.old.choice)
                  (CoreReader.Engineering.RetentionJustified CoreReader.Engineering.currentContinuing
                    (@List.cons.{0} CoreReader.Engineering.Change
                      (CoreReader.Engineering.Change.other "quantum backend")
                      (@List.nil.{0} CoreReader.Engineering.Change)))))))))))
CoreReader.Engineering.groundedChanges : CoreReader.Engineering.DirectionGround → List.{0} CoreReader.Engineering.Change
CoreReader.Engineering.currentRevisionState : CoreReader.Engineering.Context →
  CoreReader.Engineering.Candidate → CoreReader.Engineering.RevisionState
CoreReader.Engineering.revisionFor : CoreReader.Engineering.Context →
  CoreReader.Engineering.Candidate → CoreReader.Engineering.RevisionRecord
CoreReader.Engineering.revisionContextIdentity : And
  (@Eq.{1} String
    (CoreReader.Engineering.revisionFor CoreReader.Engineering.currentContinuing
        CoreReader.Engineering.Candidate.evolvable).software
    CoreReader.Engineering.currentContinuing.activity.software)
  (And
    (@Eq.{1} String
      (CoreReader.Engineering.revisionFor CoreReader.Engineering.currentContinuing
          CoreReader.Engineering.Candidate.evolvable).software
      CoreReader.Engineering.observedHistory.software)
    (And
      (@Eq.{1} Nat
        (CoreReader.Engineering.revisionFor CoreReader.Engineering.currentContinuing
              CoreReader.Engineering.Candidate.evolvable).current.maintenance
        CoreReader.Engineering.currentContinuing.activity.scheduledMaintenance)
      (And
        (@Eq.{1} (List.{0} CoreReader.Engineering.Maintainer)
          (CoreReader.Engineering.revisionFor CoreReader.Engineering.currentContinuing
                CoreReader.Engineering.Candidate.evolvable).current.maintainers
          CoreReader.Engineering.currentContinuing.activity.participants)
        (And
          (@Eq.{1} Nat
            (CoreReader.Engineering.revisionFor CoreReader.Engineering.currentContinuing
                  CoreReader.Engineering.Candidate.evolvable).current.migrationCost
            (CoreReader.Engineering.cost CoreReader.Engineering.Candidate.evolvable
              CoreReader.Engineering.Burden.migration))
          (And
            (@Eq.{1} Nat
              (CoreReader.Engineering.revisionFor CoreReader.Engineering.currentContinuing
                    CoreReader.Engineering.Candidate.evolvable).current.objectiveCapacity
              (CoreReader.Engineering.currentContinuing.limits.capacity CoreReader.Engineering.Burden.migration))
            (And
              (@Eq.{1} CoreReader.Engineering.Candidate
                (CoreReader.Engineering.revisionFor CoreReader.Engineering.currentContinuing
                      CoreReader.Engineering.Candidate.evolvable).current.choice
                CoreReader.Engineering.Candidate.evolvable)
              (CoreReader.Engineering.RevisionAccount
                (CoreReader.Engineering.revisionFor CoreReader.Engineering.currentContinuing
                  CoreReader.Engineering.Candidate.evolvable))))))))
CoreReader.Engineering.DomainSatisfied : CoreReader.Engineering.Context → CoreReader.Engineering.Candidate → Prop
CoreReader.Engineering.currentDomainSatisfied : CoreReader.Engineering.DomainSatisfied
  CoreReader.Engineering.currentContinuing CoreReader.Engineering.Candidate.evolvable
CoreReader.Engineering.sharedContext : CoreReader.Engineering.Context
CoreReader.Engineering.maintainedOutput : CoreReader.Engineering.Candidate → Nat → Nat
CoreReader.Engineering.chosenImplementation : CoreReader.Engineering.Candidate → CoreReader.Choice.Implementation
CoreReader.Engineering.chosenRequirements : CoreReader.Choice.Requirements
CoreReader.Engineering.chosenReasons : List.{0} CoreReader.Choice.Reason
CoreReader.Engineering.maintainedOutputCorrect : ∀ (chosen : CoreReader.Engineering.Candidate) (n : Nat),
  @Eq.{1} Nat (CoreReader.Engineering.maintainedOutput chosen n) n
CoreReader.Engineering.implementationReasoned : ∀ (chosen : CoreReader.Engineering.Candidate),
  @LE.le.{0} Nat instLENat (CoreReader.Engineering.abstractionComplexity chosen)
      CoreReader.Engineering.chosenRequirements.budget →
    CoreReader.Adopted.choiceSpecification CoreReader.Engineering.chosenRequirements
      (CoreReader.Engineering.chosenImplementation chosen) CoreReader.Engineering.chosenReasons
CoreReader.Engineering.capabilityOutput : CoreReader.Engineering.Candidate → Nat → Nat
CoreReader.Engineering.engineeringProcess : CoreReader.Engineering.Candidate → CoreReader.Evidence.Process
CoreReader.Engineering.engineeringCapability : CoreReader.Engineering.Candidate →
  CoreReader.Logic.Claim CoreReader.Evidence.Process
CoreReader.Engineering.engineeringCapabilityGrounded : ∀ (chosen : CoreReader.Engineering.Candidate),
  CoreReader.Adopted.capabilitySpecification (CoreReader.Engineering.engineeringProcess chosen)
    (CoreReader.Engineering.engineeringCapability chosen)
CoreReader.Engineering.actualCapabilityContrast : And
  (@Eq.{1} Nat
    ((CoreReader.Engineering.engineeringProcess CoreReader.Engineering.Candidate.presentSimple).output
      (@OfNat.ofNat.{0} Nat (nat_lit 0) (instOfNatNat (nat_lit 0))))
    (@OfNat.ofNat.{0} Nat (nat_lit 17) (instOfNatNat (nat_lit 17))))
  (And
    (@Eq.{1} Nat
      ((CoreReader.Engineering.engineeringProcess CoreReader.Engineering.Candidate.presentSimple).output
        (@OfNat.ofNat.{0} Nat (nat_lit 1) (instOfNatNat (nat_lit 1))))
      (@OfNat.ofNat.{0} Nat (nat_lit 0) (instOfNatNat (nat_lit 0))))
    (And
      (@Eq.{1} Nat
        ((CoreReader.Engineering.engineeringProcess CoreReader.Engineering.Candidate.presentSimple).output
          (@OfNat.ofNat.{0} Nat (nat_lit 2) (instOfNatNat (nat_lit 2))))
        (@OfNat.ofNat.{0} Nat (nat_lit 0) (instOfNatNat (nat_lit 0))))
      (And
        (@Eq.{1} Nat
          ((CoreReader.Engineering.engineeringProcess CoreReader.Engineering.Candidate.evolvable).output
            (@OfNat.ofNat.{0} Nat (nat_lit 0) (instOfNatNat (nat_lit 0))))
          (@OfNat.ofNat.{0} Nat (nat_lit 6) (instOfNatNat (nat_lit 6))))
        (And
          (@Eq.{1} Nat
            ((CoreReader.Engineering.engineeringProcess CoreReader.Engineering.Candidate.evolvable).output
              (@OfNat.ofNat.{0} Nat (nat_lit 1) (instOfNatNat (nat_lit 1))))
            (@OfNat.ofNat.{0} Nat (nat_lit 6) (instOfNatNat (nat_lit 6))))
          (@Eq.{1} Nat
            ((CoreReader.Engineering.engineeringProcess CoreReader.Engineering.Candidate.evolvable).output
              (@OfNat.ofNat.{0} Nat (nat_lit 2) (instOfNatNat (nat_lit 2))))
            (@OfNat.ofNat.{0} Nat (nat_lit 6) (instOfNatNat (nat_lit 6))))))))
CoreReader.Engineering.presentBudgetRecord : CoreReader.Evidence.Record CoreReader.Engineering.Candidate
CoreReader.Engineering.presentBudgetClaim : CoreReader.Logic.Claim CoreReader.Engineering.Candidate
CoreReader.Engineering.budgetObservationMeaning : ∀ (candidate : CoreReader.Engineering.Candidate),
  Iff
    (@CoreReader.Evidence.Compatible CoreReader.Engineering.Candidate
      (@List.cons.{0} (CoreReader.Evidence.Record CoreReader.Engineering.Candidate)
        CoreReader.Engineering.presentBudgetRecord
        (@List.nil.{0} (CoreReader.Evidence.Record CoreReader.Engineering.Candidate)))
      candidate)
    (CoreReader.Engineering.presentBudgetClaim candidate)
CoreReader.Engineering.budgetEmpiricalFacet : CoreReader.Evidence.Facet CoreReader.Engineering.Candidate
CoreReader.Engineering.budgetEmpiricalDischarged : @CoreReader.Evidence.FacetDischarged CoreReader.Engineering.Candidate
  CoreReader.Engineering.budgetEmpiricalFacet
CoreReader.Engineering.capacityClaim : CoreReader.Logic.Claim CoreReader.Engineering.Candidate
CoreReader.Engineering.capacityAssumptions : CoreReader.Logic.Theory CoreReader.Engineering.Candidate
CoreReader.Engineering.budgetInferentialFacet : CoreReader.Evidence.Facet CoreReader.Engineering.Candidate
CoreReader.Engineering.budgetInferentialDischarged : @CoreReader.Evidence.FacetDischarged
  CoreReader.Engineering.Candidate CoreReader.Engineering.budgetInferentialFacet
CoreReader.Engineering.budgetScopeAccount : CoreReader.Adopted.ScopeAccount CoreReader.Engineering.Candidate
CoreReader.Engineering.budgetScopeExplained : @CoreReader.Adopted.scopeSpecification CoreReader.Engineering.Candidate
  CoreReader.Engineering.budgetScopeAccount
CoreReader.Engineering.budgetObservationLimit : And
  (@CoreReader.Evidence.Compatible CoreReader.Engineering.Candidate
    (@List.cons.{0} (CoreReader.Evidence.Record CoreReader.Engineering.Candidate)
      CoreReader.Engineering.presentBudgetRecord
      (@List.nil.{0} (CoreReader.Evidence.Record CoreReader.Engineering.Candidate)))
    CoreReader.Engineering.Candidate.evolvable)
  (Not
    (@CoreReader.Evidence.Supports CoreReader.Engineering.Candidate
      (@List.cons.{0} (CoreReader.Evidence.Record CoreReader.Engineering.Candidate)
        CoreReader.Engineering.presentBudgetRecord
        (@List.nil.{0} (CoreReader.Evidence.Record CoreReader.Engineering.Candidate)))
      fun candidate =>
      @LE.le.{0} Nat instLENat (CoreReader.Engineering.abstractionComplexity candidate)
        (@OfNat.ofNat.{0} Nat (nat_lit 1) (instOfNatNat (nat_lit 1)))))
CoreReader.Engineering.engineeringPolicy : CoreReader.Agency.Policy
CoreReader.Engineering.engineeringGenerative : CoreReader.Adopted.generationSpecification
  CoreReader.Engineering.engineeringPolicy
CoreReader.Engineering.OwnFact : Type
CoreReader.Engineering.ownFactClaim : CoreReader.Engineering.Candidate →
  CoreReader.Engineering.OwnFact → CoreReader.Logic.Claim CoreReader.Engineering.Candidate
CoreReader.Engineering.actualOwnFact : ∀ (chosen : CoreReader.Engineering.Candidate),
  Or (@Eq.{1} CoreReader.Engineering.Candidate chosen CoreReader.Engineering.Candidate.presentSimple)
      (@Eq.{1} CoreReader.Engineering.Candidate chosen CoreReader.Engineering.Candidate.evolvable) →
    ∀ (fact : CoreReader.Engineering.OwnFact), CoreReader.Engineering.ownFactClaim chosen fact chosen
CoreReader.Engineering.ownFactPremises : CoreReader.Engineering.Candidate →
  CoreReader.Logic.Theory CoreReader.Engineering.Candidate
CoreReader.Engineering.actualOwnFactGrounded : ∀ (chosen : CoreReader.Engineering.Candidate),
  Or (@Eq.{1} CoreReader.Engineering.Candidate chosen CoreReader.Engineering.Candidate.presentSimple)
      (@Eq.{1} CoreReader.Engineering.Candidate chosen CoreReader.Engineering.Candidate.evolvable) →
    ∀ (fact : CoreReader.Engineering.OwnFact),
      @CoreReader.Adopted.inferentialSpecification CoreReader.Engineering.Candidate
        (CoreReader.Engineering.ownFactPremises chosen) (CoreReader.Engineering.ownFactClaim chosen fact)
CoreReader.Engineering.priorityValueMeaning : ∀ (candidate : CoreReader.Engineering.Candidate),
  Iff
    (@CoreReader.Evidence.ValuePosition.commitment CoreReader.Engineering.Candidate
      (CoreReader.Engineering.selectionPosition CoreReader.Engineering.Candidate.evolvable) candidate)
    (CoreReader.Engineering.EvolutionPriority CoreReader.Engineering.sharedContext candidate)
CoreReader.Engineering.priorityGrounds : @CoreReader.Adopted.Grounds012 CoreReader.Engineering.Candidate
  (CoreReader.Engineering.EvolutionPriority CoreReader.Engineering.sharedContext)
  (@CoreReader.Evidence.canonicalArticulation CoreReader.Engineering.Candidate)
  (@List.cons.{1} (CoreReader.Evidence.Facet CoreReader.Engineering.Candidate)
    (@CoreReader.Evidence.Facet.value CoreReader.Engineering.Candidate
      (CoreReader.Engineering.selectionPosition CoreReader.Engineering.Candidate.evolvable))
    (@List.nil.{1} (CoreReader.Evidence.Facet CoreReader.Engineering.Candidate)))
  (@CoreReader.Adopted.AssessmentTask.value CoreReader.Engineering.Candidate
    (CoreReader.Engineering.selectionPosition CoreReader.Engineering.Candidate.evolvable))
CoreReader.Engineering.OwnNorm : Type
CoreReader.Engineering.normApplies : CoreReader.Engineering.Candidate → CoreReader.Engineering.OwnNorm → Prop
CoreReader.Engineering.ownNormClaim : CoreReader.Engineering.Candidate →
  CoreReader.Engineering.OwnNorm → CoreReader.Logic.Claim CoreReader.Engineering.Candidate
CoreReader.Engineering.actualOwnNorm : ∀ (chosen : CoreReader.Engineering.Candidate),
  Or (@Eq.{1} CoreReader.Engineering.Candidate chosen CoreReader.Engineering.Candidate.presentSimple)
      (@Eq.{1} CoreReader.Engineering.Candidate chosen CoreReader.Engineering.Candidate.evolvable) →
    ∀ (norm : CoreReader.Engineering.OwnNorm),
      CoreReader.Engineering.normApplies chosen norm → CoreReader.Engineering.ownNormClaim chosen norm chosen
CoreReader.Engineering.ownFactTheory : CoreReader.Engineering.Candidate →
  CoreReader.Logic.Theory CoreReader.Engineering.Candidate
CoreReader.Engineering.ownNormTheory : CoreReader.Engineering.Candidate →
  CoreReader.Logic.Theory CoreReader.Engineering.Candidate
CoreReader.Engineering.ownTheory : CoreReader.Engineering.Candidate →
  CoreReader.Logic.Theory CoreReader.Engineering.Candidate
CoreReader.Engineering.allNormativeContentHeld : ∀ (chosen : CoreReader.Engineering.Candidate)
  (norm : CoreReader.Engineering.OwnNorm),
  CoreReader.Engineering.normApplies chosen norm →
    CoreReader.Engineering.ownTheory chosen (CoreReader.Engineering.ownNormClaim chosen norm)
CoreReader.Engineering.nonemptyOwnObjects : ∀ (chosen : CoreReader.Engineering.Candidate),
  And
    (CoreReader.Engineering.ownTheory chosen
      (CoreReader.Engineering.ownFactClaim chosen CoreReader.Engineering.OwnFact.selected))
    (And
      (CoreReader.Engineering.ownTheory chosen
        (CoreReader.Engineering.ownFactClaim chosen
          (CoreReader.Engineering.OwnFact.coreAdoption CoreReader.Engineering.CoreCommitment.grounds)))
      (And
        (@Membership.mem.{0, 0} CoreReader.Engineering.ReviewObject (List.{0} CoreReader.Engineering.ReviewObject)
          (@List.instMembership.{0} CoreReader.Engineering.ReviewObject)
          (@CoreReader.Engineering.Reflection.Model.objects CoreReader.Engineering.ReviewCase
            CoreReader.Engineering.ReviewObject (CoreReader.Engineering.selfModel chosen))
          CoreReader.Engineering.ReviewObject.activity)
        (@Membership.mem.{0, 0} CoreReader.Engineering.ReviewObject (List.{0} CoreReader.Engineering.ReviewObject)
          (@List.instMembership.{0} CoreReader.Engineering.ReviewObject)
          (@CoreReader.Engineering.Reflection.Model.objects CoreReader.Engineering.ReviewCase
            CoreReader.Engineering.ReviewObject (CoreReader.Engineering.selfModel chosen))
          (CoreReader.Engineering.ReviewObject.commitment CoreReader.Engineering.CoreCommitment.grounds))))
CoreReader.Engineering.comparisonContext : CoreReader.Engineering.Candidate →
  CoreReader.Logic.Context CoreReader.Engineering.Candidate CoreReader.Engineering.OwnFact
CoreReader.Engineering.engineeringSnapshot : CoreReader.Engineering.Candidate →
  Nat → CoreReader.Logic.Snapshot CoreReader.Engineering.Candidate CoreReader.Engineering.OwnFact
CoreReader.Engineering.currentAdmissible : ∀ (chosen : CoreReader.Engineering.Candidate),
  Or (@Eq.{1} CoreReader.Engineering.Candidate chosen CoreReader.Engineering.Candidate.presentSimple)
      (@Eq.{1} CoreReader.Engineering.Candidate chosen CoreReader.Engineering.Candidate.evolvable) →
    @CoreReader.Logic.Admissible CoreReader.Engineering.Candidate CoreReader.Engineering.OwnFact
      (CoreReader.Engineering.ownTheory chosen) (CoreReader.Engineering.comparisonContext chosen) chosen
CoreReader.Engineering.currentConsistency : ∀ (chosen : CoreReader.Engineering.Candidate),
  Or (@Eq.{1} CoreReader.Engineering.Candidate chosen CoreReader.Engineering.Candidate.presentSimple)
      (@Eq.{1} CoreReader.Engineering.Candidate chosen CoreReader.Engineering.Candidate.evolvable) →
    @CoreReader.Adopted.consistencySpecification CoreReader.Engineering.Candidate CoreReader.Engineering.OwnFact
      (CoreReader.Engineering.engineeringSnapshot CoreReader.Engineering.Candidate.evolvable
        (@OfNat.ofNat.{0} Nat (nat_lit 0) (instOfNatNat (nat_lit 0))))
      (CoreReader.Engineering.engineeringSnapshot chosen (@OfNat.ofNat.{0} Nat (nat_lit 1) (instOfNatNat (nat_lit 1))))
      Bool.true
CoreReader.Engineering.wholeClaimGrounded : ∀ (chosen : CoreReader.Engineering.Candidate),
  Or (@Eq.{1} CoreReader.Engineering.Candidate chosen CoreReader.Engineering.Candidate.presentSimple)
      (@Eq.{1} CoreReader.Engineering.Candidate chosen CoreReader.Engineering.Candidate.evolvable) →
    ∀ (claim : CoreReader.Logic.Claim CoreReader.Engineering.Candidate),
      CoreReader.Engineering.ownTheory chosen claim →
        @CoreReader.Adopted.inferentialSpecification CoreReader.Engineering.Candidate
          (CoreReader.Engineering.ownFactPremises chosen) claim
CoreReader.Engineering.incompatibleNormTheory : CoreReader.Logic.Theory CoreReader.Engineering.Candidate
CoreReader.Engineering.incompatibleNormContext : CoreReader.Logic.Context CoreReader.Engineering.Candidate Unit
CoreReader.Engineering.normativeContentVariation : And
  (@Eq.{1} Bool (CoreReader.Engineering.coreAdopted CoreReader.Engineering.CoreCommitment.choice) Bool.true)
  (And
    (Not
      (@CoreReader.Logic.Consistent CoreReader.Engineering.Candidate Unit CoreReader.Engineering.incompatibleNormTheory
        CoreReader.Engineering.incompatibleNormContext))
    (And
      (CoreReader.Engineering.normApplies CoreReader.Engineering.Candidate.evolvable
        CoreReader.Engineering.OwnNorm.domain)
      (And
        (Not
          (CoreReader.Engineering.normApplies CoreReader.Engineering.Candidate.presentSimple
            CoreReader.Engineering.OwnNorm.domain))
        (And
          (CoreReader.Engineering.ownTheory CoreReader.Engineering.Candidate.evolvable
            (CoreReader.Engineering.ownNormClaim CoreReader.Engineering.Candidate.evolvable
              CoreReader.Engineering.OwnNorm.domain))
          (Not
            (CoreReader.Engineering.ownTheory CoreReader.Engineering.Candidate.presentSimple
              (CoreReader.Engineering.ownNormClaim CoreReader.Engineering.Candidate.presentSimple
                CoreReader.Engineering.OwnNorm.domain)))))))
CoreReader.Engineering.Inherited : CoreReader.Engineering.Context → CoreReader.Engineering.Candidate → Prop
CoreReader.Engineering.inheritedCurrent : ∀ (chosen : CoreReader.Engineering.Candidate),
  Or (@Eq.{1} CoreReader.Engineering.Candidate chosen CoreReader.Engineering.Candidate.presentSimple)
      (@Eq.{1} CoreReader.Engineering.Candidate chosen CoreReader.Engineering.Candidate.evolvable) →
    CoreReader.Engineering.Inherited CoreReader.Engineering.sharedContext chosen
CoreReader.Engineering.inheritedMutualApplication : ∀ (ctx : CoreReader.Engineering.Context)
  (chosen : CoreReader.Engineering.Candidate),
  CoreReader.Engineering.Inherited ctx chosen →
    And (CoreReader.Adopted.generationSpecification CoreReader.Engineering.engineeringPolicy)
      (And
        (@CoreReader.Adopted.reflexivitySpecification
          (CoreReader.Engineering.Reflection.Target CoreReader.Engineering.ReviewObject)
          (CoreReader.Engineering.Reflection.Input CoreReader.Engineering.ReviewCase
            CoreReader.Engineering.ReviewObject)
          (CoreReader.Engineering.Reflection.Outcome CoreReader.Engineering.ReviewCase)
          (@CoreReader.Engineering.Reflection.Model.rules CoreReader.Engineering.ReviewCase
            CoreReader.Engineering.ReviewObject (CoreReader.Engineering.selfModel chosen))
          (@CoreReader.Engineering.Reflection.Model.self CoreReader.Engineering.ReviewCase
            CoreReader.Engineering.ReviewObject (CoreReader.Engineering.selfModel chosen))
          (@CoreReader.Engineering.Reflection.Model.performed CoreReader.Engineering.ReviewCase
            CoreReader.Engineering.ReviewObject (CoreReader.Engineering.selfModel chosen)))
        (And
          (∀ (principle : CoreReader.Engineering.CoreCommitment),
            @CoreReader.Adopted.valueSpecification CoreReader.Engineering.Candidate
              (CoreReader.Engineering.governancePosition principle))
          (And
            (CoreReader.Adopted.capabilitySpecification (CoreReader.Engineering.engineeringProcess chosen)
              (CoreReader.Engineering.engineeringCapability chosen))
            (And
              (CoreReader.Adopted.choiceSpecification CoreReader.Engineering.chosenRequirements
                (CoreReader.Engineering.chosenImplementation chosen) CoreReader.Engineering.chosenReasons)
              (And
                (∀ (fact : CoreReader.Engineering.OwnFact),
                  @CoreReader.Adopted.inferentialSpecification CoreReader.Engineering.Candidate
                    (CoreReader.Engineering.ownFactPremises chosen) (CoreReader.Engineering.ownFactClaim chosen fact))
                (And
                  (∀ (norm : CoreReader.Engineering.OwnNorm),
                    CoreReader.Engineering.normApplies chosen norm →
                      CoreReader.Engineering.ownTheory chosen (CoreReader.Engineering.ownNormClaim chosen norm))
                  (And
                    (∀ (claim : CoreReader.Logic.Claim CoreReader.Engineering.Candidate),
                      CoreReader.Engineering.ownTheory chosen claim →
                        @CoreReader.Adopted.inferentialSpecification CoreReader.Engineering.Candidate
                          (CoreReader.Engineering.ownFactPremises chosen) claim)
                    (@CoreReader.Adopted.consistencySpecification CoreReader.Engineering.Candidate
                      CoreReader.Engineering.OwnFact
                      (CoreReader.Engineering.engineeringSnapshot CoreReader.Engineering.Candidate.evolvable
                        (@OfNat.ofNat.{0} Nat (nat_lit 0) (instOfNatNat (nat_lit 0))))
                      (CoreReader.Engineering.engineeringSnapshot chosen
                        (@OfNat.ofNat.{0} Nat (nat_lit 1) (instOfNatNat (nat_lit 1))))
                      Bool.true))))))))
CoreReader.Engineering.inheritedMutualCases : And
  (CoreReader.Engineering.Inherited CoreReader.Engineering.sharedContext CoreReader.Engineering.Candidate.evolvable)
  (And
    (@CoreReader.Adopted.valueSpecification CoreReader.Engineering.Candidate
      (CoreReader.Engineering.governancePosition CoreReader.Engineering.CoreCommitment.grounds))
    (And
      (CoreReader.Adopted.capabilitySpecification
        (CoreReader.Engineering.engineeringProcess CoreReader.Engineering.Candidate.evolvable)
        (CoreReader.Engineering.engineeringCapability CoreReader.Engineering.Candidate.evolvable))
      (And
        (CoreReader.Adopted.choiceSpecification CoreReader.Engineering.chosenRequirements
          (CoreReader.Engineering.chosenImplementation CoreReader.Engineering.Candidate.evolvable)
          CoreReader.Engineering.chosenReasons)
        (And
          (@Eq.{1} CoreReader.Engineering.Reflection.Verdict
            (@CoreReader.Engineering.Reflection.evaluate CoreReader.Engineering.ReviewCase
              CoreReader.Engineering.ReviewObject
              (@CoreReader.Engineering.Reflection.Model.input CoreReader.Engineering.ReviewCase
                CoreReader.Engineering.ReviewObject
                (CoreReader.Engineering.selfModel CoreReader.Engineering.Candidate.evolvable)
                (@CoreReader.Engineering.Reflection.Target.mk CoreReader.Engineering.ReviewObject
                  (@OfNat.ofNat.{0} Nat (nat_lit 0) (instOfNatNat (nat_lit 0)))
                  CoreReader.Engineering.ReviewObject.evolutionMethod CoreReader.Agency.Phase.revision)))
            CoreReader.Engineering.Reflection.Verdict.counterexample)
          (And
            (@Membership.mem.{0, 0} CoreReader.Engineering.ReviewObject (List.{0} CoreReader.Engineering.ReviewObject)
              (@List.instMembership.{0} CoreReader.Engineering.ReviewObject)
              (@CoreReader.Engineering.Reflection.Model.objects CoreReader.Engineering.ReviewCase
                CoreReader.Engineering.ReviewObject
                (CoreReader.Engineering.selfModel CoreReader.Engineering.Candidate.evolvable))
              CoreReader.Engineering.ReviewObject.generationRule)
            (And
              (@Membership.mem.{0, 0} CoreReader.Engineering.ReviewObject (List.{0} CoreReader.Engineering.ReviewObject)
                (@List.instMembership.{0} CoreReader.Engineering.ReviewObject)
                (@CoreReader.Engineering.Reflection.Model.objects CoreReader.Engineering.ReviewCase
                  CoreReader.Engineering.ReviewObject
                  (CoreReader.Engineering.selfModel CoreReader.Engineering.Candidate.evolvable))
                CoreReader.Engineering.ReviewObject.assessmentRule)
              (@Eq.{1} CoreReader.Engineering.Reflection.Verdict
                (@CoreReader.Engineering.Reflection.evaluate CoreReader.Engineering.ReviewCase
                  CoreReader.Engineering.ReviewObject
                  (@CoreReader.Engineering.Reflection.Model.input CoreReader.Engineering.ReviewCase
                    CoreReader.Engineering.ReviewObject
                    (CoreReader.Engineering.selfModel CoreReader.Engineering.Candidate.evolvable)
                    (@CoreReader.Engineering.Reflection.Target.mk CoreReader.Engineering.ReviewObject
                      (@OfNat.ofNat.{0} Nat (nat_lit 0) (instOfNatNat (nat_lit 0)))
                      CoreReader.Engineering.ReviewObject.assessmentRule CoreReader.Agency.Phase.revision)))
                CoreReader.Engineering.Reflection.Verdict.counterexample)))))))
CoreReader.Engineering.priorityRemainsReflexive : ∀ (ctx : CoreReader.Engineering.Context)
  (chosen : CoreReader.Engineering.Candidate),
  CoreReader.Engineering.Inherited ctx chosen →
    CoreReader.Engineering.DomainSatisfied ctx chosen →
      CoreReader.Engineering.PriorityConditions ctx →
        Not (CoreReader.Engineering.JustifiedDeparture ctx CoreReader.Engineering.Candidate.evolvable) →
          And (@Eq.{1} CoreReader.Engineering.Candidate chosen CoreReader.Engineering.Candidate.evolvable)
            (And
              (@Membership.mem.{0, 0} CoreReader.Engineering.ReviewObject (List.{0} CoreReader.Engineering.ReviewObject)
                (@List.instMembership.{0} CoreReader.Engineering.ReviewObject)
                (@CoreReader.Engineering.Reflection.Model.objects CoreReader.Engineering.ReviewCase
                  CoreReader.Engineering.ReviewObject (CoreReader.Engineering.selfModel chosen))
                CoreReader.Engineering.ReviewObject.priority)
              (And
                (@CoreReader.Adopted.reflexivitySpecification
                  (CoreReader.Engineering.Reflection.Target CoreReader.Engineering.ReviewObject)
                  (CoreReader.Engineering.Reflection.Input CoreReader.Engineering.ReviewCase
                    CoreReader.Engineering.ReviewObject)
                  (CoreReader.Engineering.Reflection.Outcome CoreReader.Engineering.ReviewCase)
                  (@CoreReader.Engineering.Reflection.Model.rules CoreReader.Engineering.ReviewCase
                    CoreReader.Engineering.ReviewObject (CoreReader.Engineering.selfModel chosen))
                  (@CoreReader.Engineering.Reflection.Model.self CoreReader.Engineering.ReviewCase
                    CoreReader.Engineering.ReviewObject (CoreReader.Engineering.selfModel chosen))
                  (@CoreReader.Engineering.Reflection.Model.performed CoreReader.Engineering.ReviewCase
                    CoreReader.Engineering.ReviewObject (CoreReader.Engineering.selfModel chosen)))
                (And
                  (∀ (principle : CoreReader.Engineering.CoreCommitment),
                    @CoreReader.Adopted.valueSpecification CoreReader.Engineering.Candidate
                      (CoreReader.Engineering.governancePosition principle))
                  (And
                    (@CoreReader.Adopted.Grounds012 CoreReader.Engineering.Candidate
                      (CoreReader.Engineering.EvolutionPriority ctx)
                      (@CoreReader.Evidence.canonicalArticulation CoreReader.Engineering.Candidate)
                      (@List.cons.{1} (CoreReader.Evidence.Facet CoreReader.Engineering.Candidate)
                        (@CoreReader.Evidence.Facet.value CoreReader.Engineering.Candidate
                          (CoreReader.Engineering.selectionPosition CoreReader.Engineering.Candidate.evolvable))
                        (@List.nil.{1} (CoreReader.Evidence.Facet CoreReader.Engineering.Candidate)))
                      (@CoreReader.Adopted.AssessmentTask.value CoreReader.Engineering.Candidate
                        (CoreReader.Engineering.selectionPosition CoreReader.Engineering.Candidate.evolvable)))
                    (And
                      (CoreReader.Engineering.ownTheory chosen
                        (CoreReader.Engineering.ownNormClaim chosen CoreReader.Engineering.OwnNorm.domain))
                      (@CoreReader.Adopted.consistencySpecification CoreReader.Engineering.Candidate
                        CoreReader.Engineering.OwnFact
                        (CoreReader.Engineering.engineeringSnapshot CoreReader.Engineering.Candidate.evolvable
                          (@OfNat.ofNat.{0} Nat (nat_lit 0) (instOfNatNat (nat_lit 0))))
                        (CoreReader.Engineering.engineeringSnapshot chosen
                          (@OfNat.ofNat.{0} Nat (nat_lit 1) (instOfNatNat (nat_lit 1))))
                        Bool.true))))))
CoreReader.Engineering.priorityReflexiveCases : And
  (@Membership.mem.{0, 0} CoreReader.Engineering.ReviewObject (List.{0} CoreReader.Engineering.ReviewObject)
    (@List.instMembership.{0} CoreReader.Engineering.ReviewObject)
    (@CoreReader.Engineering.Reflection.Model.objects CoreReader.Engineering.ReviewCase
      CoreReader.Engineering.ReviewObject (CoreReader.Engineering.selfModel CoreReader.Engineering.Candidate.evolvable))
    CoreReader.Engineering.ReviewObject.priority)
  (And
    (@Eq.{1} Bool
      (CoreReader.Engineering.objectTest CoreReader.Engineering.ReviewObject.priority
        (@Prod.mk.{0, 0} CoreReader.Engineering.Candidate Nat CoreReader.Engineering.Candidate.evolvable
          (@OfNat.ofNat.{0} Nat (nat_lit 10) (instOfNatNat (nat_lit 10)))))
      Bool.true)
    (And
      (@CoreReader.Engineering.Reflection.Model.performed CoreReader.Engineering.ReviewCase
        CoreReader.Engineering.ReviewObject
        (CoreReader.Engineering.selfModel CoreReader.Engineering.Candidate.evolvable)
        { owner := @OfNat.ofNat.{0} Nat (nat_lit 0) (instOfNatNat (nat_lit 0)),
          localId := @OfNat.ofNat.{0} Nat (nat_lit 1) (instOfNatNat (nat_lit 1)) }
        (@CoreReader.Engineering.Reflection.Target.mk CoreReader.Engineering.ReviewObject
          (@OfNat.ofNat.{0} Nat (nat_lit 0) (instOfNatNat (nat_lit 0))) CoreReader.Engineering.ReviewObject.priority
          CoreReader.Agency.Phase.revision)
        (@CoreReader.Engineering.Reflection.Model.input CoreReader.Engineering.ReviewCase
          CoreReader.Engineering.ReviewObject
          (CoreReader.Engineering.selfModel CoreReader.Engineering.Candidate.evolvable)
          (@CoreReader.Engineering.Reflection.Target.mk CoreReader.Engineering.ReviewObject
            (@OfNat.ofNat.{0} Nat (nat_lit 0) (instOfNatNat (nat_lit 0))) CoreReader.Engineering.ReviewObject.priority
            CoreReader.Agency.Phase.revision))
        (@CoreReader.Engineering.Reflection.Outcome.assessed CoreReader.Engineering.ReviewCase
          CoreReader.Engineering.Reflection.Verdict.supportedWithinScope))
      (And
        (@Eq.{1} CoreReader.Engineering.Reflection.Verdict
          (@CoreReader.Engineering.Reflection.evaluate CoreReader.Engineering.ReviewCase
            CoreReader.Engineering.ReviewObject
            (@CoreReader.Engineering.Reflection.Model.input CoreReader.Engineering.ReviewCase
              CoreReader.Engineering.ReviewObject
              (CoreReader.Engineering.selfModel CoreReader.Engineering.Candidate.evolvable)
              (@CoreReader.Engineering.Reflection.Target.mk CoreReader.Engineering.ReviewObject
                (@OfNat.ofNat.{0} Nat (nat_lit 0) (instOfNatNat (nat_lit 0)))
                CoreReader.Engineering.ReviewObject.evolutionMethod CoreReader.Agency.Phase.revision)))
          CoreReader.Engineering.Reflection.Verdict.counterexample)
        (And
          (@Eq.{1} Bool
            (CoreReader.Engineering.objectTest CoreReader.Engineering.ReviewObject.evolutionMethod
              (@Prod.mk.{0, 0} CoreReader.Engineering.Candidate Nat CoreReader.Engineering.Candidate.evolvable
                (@OfNat.ofNat.{0} Nat (nat_lit 10) (instOfNatNat (nat_lit 10)))))
            Bool.true)
          (And
            (@Eq.{1} Bool
              (CoreReader.Engineering.objectTest CoreReader.Engineering.ReviewObject.evolutionMethod
                (@Prod.mk.{0, 0} CoreReader.Engineering.Candidate Nat CoreReader.Engineering.Candidate.evolvable
                  (@OfNat.ofNat.{0} Nat (nat_lit 5) (instOfNatNat (nat_lit 5)))))
              Bool.false)
            (And
              (@CoreReader.Adopted.Grounds012 CoreReader.Engineering.Candidate
                (CoreReader.Engineering.EvolutionPriority CoreReader.Engineering.sharedContext)
                (@CoreReader.Evidence.canonicalArticulation CoreReader.Engineering.Candidate)
                (@List.cons.{1} (CoreReader.Evidence.Facet CoreReader.Engineering.Candidate)
                  (@CoreReader.Evidence.Facet.value CoreReader.Engineering.Candidate
                    (CoreReader.Engineering.selectionPosition CoreReader.Engineering.Candidate.evolvable))
                  (@List.nil.{1} (CoreReader.Evidence.Facet CoreReader.Engineering.Candidate)))
                (@CoreReader.Adopted.AssessmentTask.value CoreReader.Engineering.Candidate
                  (CoreReader.Engineering.selectionPosition CoreReader.Engineering.Candidate.evolvable)))
              (@Eq.{1} CoreReader.Engineering.Reflection.Verdict
                (@CoreReader.Engineering.Reflection.evaluate CoreReader.Engineering.ReviewCase
                  CoreReader.Engineering.ReviewObject
                  (@CoreReader.Engineering.Reflection.Model.input CoreReader.Engineering.ReviewCase
                    CoreReader.Engineering.ReviewObject
                    (CoreReader.Engineering.selfModel CoreReader.Engineering.Candidate.evolvable)
                    (@CoreReader.Engineering.Reflection.Target.mk CoreReader.Engineering.ReviewObject
                      (@OfNat.ofNat.{0} Nat (nat_lit 0) (instOfNatNat (nat_lit 0)))
                      CoreReader.Engineering.ReviewObject.assessmentRule CoreReader.Agency.Phase.revision)))
                CoreReader.Engineering.Reflection.Verdict.counterexample)))))))
CoreReader.Engineering.jointWitness : @Exists.{1} CoreReader.Engineering.Context fun ctx =>
  @Exists.{1} CoreReader.Engineering.Candidate fun chosen =>
    And (@Eq.{1} CoreReader.Engineering.Context ctx CoreReader.Engineering.sharedContext)
      (And (@Eq.{1} CoreReader.Engineering.Candidate chosen CoreReader.Engineering.Candidate.evolvable)
        (And (CoreReader.Engineering.Inherited ctx chosen)
          (And (CoreReader.Engineering.DomainSatisfied ctx chosen)
            (And (CoreReader.Engineering.PriorityConditions ctx)
              (And (Not (CoreReader.Engineering.HasThreat ctx CoreReader.Engineering.Candidate.evolvable))
                (And
                  (@LT.lt.{0} Nat instLTNat
                    (CoreReader.Engineering.abstractionComplexity CoreReader.Engineering.Candidate.presentSimple)
                    (CoreReader.Engineering.abstractionComplexity chosen))
                  (And
                    (CoreReader.Engineering.CanChange ctx.activity chosen CoreReader.Engineering.Maintainer.successor
                      CoreReader.Engineering.Change.designRevision)
                    (And
                      (CoreReader.Engineering.CanChange ctx.activity chosen CoreReader.Engineering.Maintainer.agent
                        CoreReader.Engineering.Change.designRevision)
                      (And
                        (CoreReader.Engineering.ownTheory chosen
                          (CoreReader.Engineering.ownFactClaim chosen CoreReader.Engineering.OwnFact.selected))
                        (And
                          (@Membership.mem.{0, 0} CoreReader.Engineering.ReviewObject
                            (List.{0} CoreReader.Engineering.ReviewObject)
                            (@List.instMembership.{0} CoreReader.Engineering.ReviewObject)
                            (@CoreReader.Engineering.Reflection.Model.objects CoreReader.Engineering.ReviewCase
                              CoreReader.Engineering.ReviewObject (CoreReader.Engineering.selfModel chosen))
                            (CoreReader.Engineering.ReviewObject.commitment
                              CoreReader.Engineering.CoreCommitment.grounds))
                          (@CoreReader.Logic.Admissible CoreReader.Engineering.Candidate CoreReader.Engineering.OwnFact
                            (CoreReader.Engineering.ownTheory chosen) (CoreReader.Engineering.comparisonContext chosen)
                            chosen)))))))))))
CoreReader.Engineering.inheritedDoesNotEntailPriority : @Exists.{1} CoreReader.Engineering.Context fun ctx =>
  @Exists.{1} CoreReader.Engineering.Candidate fun chosen =>
    And (@Eq.{1} CoreReader.Engineering.Context ctx CoreReader.Engineering.sharedContext)
      (And (@Eq.{1} CoreReader.Engineering.Candidate chosen CoreReader.Engineering.Candidate.presentSimple)
        (And (CoreReader.Engineering.Inherited ctx chosen)
          (And (CoreReader.Engineering.PriorityConditions ctx)
            (And (CoreReader.Engineering.Continuing ctx.activity)
              (And (Not (CoreReader.Engineering.BoundedLifecycle ctx.activity))
                (And (Not (CoreReader.Engineering.HasThreat ctx CoreReader.Engineering.Candidate.evolvable))
                  (And (Not (CoreReader.Engineering.JustifiedDeparture ctx CoreReader.Engineering.Candidate.evolvable))
                    (And
                      (CoreReader.Engineering.Meets ctx.required
                        (ctx.profiles CoreReader.Engineering.Candidate.presentSimple))
                      (And
                        (CoreReader.Engineering.Meets ctx.required
                          (ctx.profiles CoreReader.Engineering.Candidate.evolvable))
                        (And (CoreReader.Engineering.credible ctx.evidence CoreReader.Engineering.Change.designRevision)
                          (And
                            (CoreReader.Engineering.CanChange ctx.activity CoreReader.Engineering.Candidate.evolvable
                              CoreReader.Engineering.Maintainer.successor CoreReader.Engineering.Change.designRevision)
                            (And
                              (CoreReader.Engineering.CanChange ctx.activity CoreReader.Engineering.Candidate.evolvable
                                CoreReader.Engineering.Maintainer.agent CoreReader.Engineering.Change.designRevision)
                              (And
                                (@LT.lt.{0} Nat instLTNat
                                  (CoreReader.Engineering.changeWork CoreReader.Engineering.Candidate.evolvable
                                    CoreReader.Engineering.Change.designRevision)
                                  (CoreReader.Engineering.changeWork chosen
                                    CoreReader.Engineering.Change.designRevision))
                                (And
                                  (@LT.lt.{0} Nat instLTNat (CoreReader.Engineering.abstractionComplexity chosen)
                                    (CoreReader.Engineering.abstractionComplexity
                                      CoreReader.Engineering.Candidate.evolvable))
                                  (And
                                    (@CoreReader.Adopted.valueSpecification CoreReader.Engineering.Candidate
                                      (CoreReader.Engineering.selectionPosition chosen))
                                    (And
                                      (@CoreReader.Evidence.ValuePosition.commitment CoreReader.Engineering.Candidate
                                        (CoreReader.Engineering.selectionPosition chosen) chosen)
                                      (Not (CoreReader.Engineering.EvolutionPriority ctx chosen))))))))))))))))))
CoreReader.Engineering.Reflection.Target : Type → Type
CoreReader.Engineering.Reflection.Contract : Type → Type
CoreReader.Engineering.Reflection.Input : Type → Type → Type
CoreReader.Engineering.Reflection.Verdict : Type
CoreReader.Engineering.Reflection.Outcome : Type → Type
@CoreReader.Engineering.Reflection.evaluate : {W Object : Type} →
  CoreReader.Engineering.Reflection.Input W Object → CoreReader.Engineering.Reflection.Verdict
@CoreReader.Engineering.Reflection.generate : {W Object : Type} →
  CoreReader.Engineering.Reflection.Input W Object → CoreReader.Engineering.Reflection.Outcome W
@CoreReader.Engineering.Reflection.interpret : {W Object : Type} →
  CoreReader.Agency.Activity →
    CoreReader.Engineering.Reflection.Input W Object → CoreReader.Engineering.Reflection.Outcome W → Prop
CoreReader.Engineering.Reflection.Model : Type → Type → Type
@CoreReader.Engineering.Reflection.Model.input : {W Object : Type} →
  CoreReader.Engineering.Reflection.Model W Object →
    CoreReader.Engineering.Reflection.Target Object → CoreReader.Engineering.Reflection.Input W Object
@CoreReader.Engineering.Reflection.Model.self : {W Object : Type} →
  CoreReader.Engineering.Reflection.Model W Object → CoreReader.Engineering.Reflection.Target Object → Prop
@CoreReader.Engineering.Reflection.Model.rule : {W Object : Type} →
  CoreReader.Engineering.Reflection.Model W Object →
    CoreReader.Agency.Activity →
      CoreReader.Adopted.ReflexiveRule (CoreReader.Engineering.Reflection.Target Object)
        (CoreReader.Engineering.Reflection.Input W Object) (CoreReader.Engineering.Reflection.Outcome W)
@CoreReader.Engineering.Reflection.Model.rules : {W Object : Type} →
  CoreReader.Engineering.Reflection.Model W Object →
    List.{0}
      (CoreReader.Adopted.ReflexiveRule (CoreReader.Engineering.Reflection.Target Object)
        (CoreReader.Engineering.Reflection.Input W Object) (CoreReader.Engineering.Reflection.Outcome W))
@CoreReader.Engineering.Reflection.Model.performed : {W Object : Type} →
  CoreReader.Engineering.Reflection.Model W Object →
    CoreReader.Agency.PrincipleKey →
      CoreReader.Engineering.Reflection.Target Object →
        CoreReader.Engineering.Reflection.Input W Object → CoreReader.Engineering.Reflection.Outcome W → Prop
@CoreReader.Engineering.Reflection.Model.follows : {W Object : Type} →
  CoreReader.Engineering.Reflection.Model W Object → Prop
@CoreReader.Engineering.Reflection.recordedReflexivity : ∀ {W Object : Type}
  (m : CoreReader.Engineering.Reflection.Model W Object),
  @CoreReader.Engineering.Reflection.Model.follows W Object m →
    @CoreReader.Adopted.reflexivitySpecification (CoreReader.Engineering.Reflection.Target Object)
      (CoreReader.Engineering.Reflection.Input W Object) (CoreReader.Engineering.Reflection.Outcome W)
      (@CoreReader.Engineering.Reflection.Model.rules W Object m)
      (@CoreReader.Engineering.Reflection.Model.self W Object m)
      (@CoreReader.Engineering.Reflection.Model.performed W Object m)
CoreReader.Engineering.ReviewObject : Type
CoreReader.Engineering.ReviewCase : Type
CoreReader.Engineering.generationApplies : CoreReader.Engineering.ReviewObject → CoreReader.Agency.Phase → Prop
CoreReader.Engineering.assessmentApplies : CoreReader.Engineering.ReviewObject → CoreReader.Agency.Phase → Prop
CoreReader.Engineering.ruleObject : CoreReader.Agency.Activity → CoreReader.Engineering.ReviewObject
CoreReader.Engineering.ruleProbe : CoreReader.Agency.Activity →
  CoreReader.Engineering.ReviewCase →
    CoreReader.Engineering.Reflection.Input CoreReader.Engineering.ReviewCase CoreReader.Engineering.ReviewObject
CoreReader.Engineering.generationRuleTest : (CoreReader.Engineering.Reflection.Input CoreReader.Engineering.ReviewCase
      CoreReader.Engineering.ReviewObject →
    CoreReader.Engineering.Reflection.Outcome CoreReader.Engineering.ReviewCase) →
  CoreReader.Engineering.ReviewCase → Bool
CoreReader.Engineering.assessmentRuleTest : (CoreReader.Engineering.Reflection.Input CoreReader.Engineering.ReviewCase
      CoreReader.Engineering.ReviewObject →
    CoreReader.Engineering.Reflection.Verdict) →
  CoreReader.Engineering.ReviewCase → Bool
CoreReader.Engineering.sampleAwareAssessment : CoreReader.Engineering.Reflection.Input CoreReader.Engineering.ReviewCase
    CoreReader.Engineering.ReviewObject →
  CoreReader.Engineering.Reflection.Verdict
CoreReader.Engineering.objectTest : CoreReader.Engineering.ReviewObject → CoreReader.Engineering.ReviewCase → Bool
CoreReader.Engineering.reviewObjects : CoreReader.Engineering.Candidate → List.{0} CoreReader.Engineering.ReviewObject
CoreReader.Engineering.requestedCases : CoreReader.Engineering.Candidate →
  CoreReader.Agency.Phase → List.{0} CoreReader.Engineering.ReviewCase
CoreReader.Engineering.reviewReasons : CoreReader.Engineering.ReviewObject → CoreReader.Agency.Phase → List.{0} String
CoreReader.Engineering.statedReview : CoreReader.Engineering.Candidate →
  CoreReader.Agency.Activity →
    CoreReader.Engineering.ReviewObject →
      CoreReader.Agency.Phase → CoreReader.Engineering.Reflection.Outcome CoreReader.Engineering.ReviewCase
CoreReader.Engineering.reviewBasis : CoreReader.Engineering.Candidate →
  CoreReader.Engineering.ReviewObject → CoreReader.Agency.Phase → Prop
CoreReader.Engineering.selfModel : CoreReader.Engineering.Candidate →
  CoreReader.Engineering.Reflection.Model CoreReader.Engineering.ReviewCase CoreReader.Engineering.ReviewObject
CoreReader.Engineering.reviewIdentity : ∀ (chosen : CoreReader.Engineering.Candidate)
  (object : CoreReader.Engineering.ReviewObject) (phase : CoreReader.Agency.Phase),
  And
    (@Eq.{1} CoreReader.Engineering.ReviewObject
      (@CoreReader.Engineering.Reflection.Target.object CoreReader.Engineering.ReviewObject
        (@CoreReader.Engineering.Reflection.Input.target CoreReader.Engineering.ReviewCase
          CoreReader.Engineering.ReviewObject
          (@CoreReader.Engineering.Reflection.Model.input CoreReader.Engineering.ReviewCase
            CoreReader.Engineering.ReviewObject (CoreReader.Engineering.selfModel chosen)
            (@CoreReader.Engineering.Reflection.Target.mk CoreReader.Engineering.ReviewObject
              (@OfNat.ofNat.{0} Nat (nat_lit 0) (instOfNatNat (nat_lit 0))) object phase))))
      object)
    (And
      (@Eq.{1} (CoreReader.Engineering.ReviewCase → Bool)
        (@CoreReader.Engineering.Reflection.Contract.test CoreReader.Engineering.ReviewCase
          (@CoreReader.Engineering.Reflection.Input.contract CoreReader.Engineering.ReviewCase
            CoreReader.Engineering.ReviewObject
            (@CoreReader.Engineering.Reflection.Model.input CoreReader.Engineering.ReviewCase
              CoreReader.Engineering.ReviewObject (CoreReader.Engineering.selfModel chosen)
              (@CoreReader.Engineering.Reflection.Target.mk CoreReader.Engineering.ReviewObject
                (@OfNat.ofNat.{0} Nat (nat_lit 0) (instOfNatNat (nat_lit 0))) object phase))))
        (CoreReader.Engineering.objectTest object))
      (And
        (@Eq.{1} (List.{0} CoreReader.Engineering.ReviewCase)
          (@CoreReader.Engineering.Reflection.Input.requested CoreReader.Engineering.ReviewCase
            CoreReader.Engineering.ReviewObject
            (@CoreReader.Engineering.Reflection.Model.input CoreReader.Engineering.ReviewCase
              CoreReader.Engineering.ReviewObject (CoreReader.Engineering.selfModel chosen)
              (@CoreReader.Engineering.Reflection.Target.mk CoreReader.Engineering.ReviewObject
                (@OfNat.ofNat.{0} Nat (nat_lit 0) (instOfNatNat (nat_lit 0))) object phase)))
          (CoreReader.Engineering.requestedCases chosen phase))
        (And
          (@Eq.{1} (List.{0} String)
            (@CoreReader.Engineering.Reflection.Input.reasons CoreReader.Engineering.ReviewCase
              CoreReader.Engineering.ReviewObject
              (@CoreReader.Engineering.Reflection.Model.input CoreReader.Engineering.ReviewCase
                CoreReader.Engineering.ReviewObject (CoreReader.Engineering.selfModel chosen)
                (@CoreReader.Engineering.Reflection.Target.mk CoreReader.Engineering.ReviewObject
                  (@OfNat.ofNat.{0} Nat (nat_lit 0) (instOfNatNat (nat_lit 0))) object phase)))
            (CoreReader.Engineering.reviewReasons object phase))
          (@Eq.{1} Prop
            (@CoreReader.Engineering.Reflection.Input.basis CoreReader.Engineering.ReviewCase
              CoreReader.Engineering.ReviewObject
              (@CoreReader.Engineering.Reflection.Model.input CoreReader.Engineering.ReviewCase
                CoreReader.Engineering.ReviewObject (CoreReader.Engineering.selfModel chosen)
                (@CoreReader.Engineering.Reflection.Target.mk CoreReader.Engineering.ReviewObject
                  (@OfNat.ofNat.{0} Nat (nat_lit 0) (instOfNatNat (nat_lit 0))) object phase)))
            (CoreReader.Engineering.reviewBasis chosen object phase)))))
CoreReader.Engineering.currentSelfRecords : ∀ (chosen : CoreReader.Engineering.Candidate),
  Or (@Eq.{1} CoreReader.Engineering.Candidate chosen CoreReader.Engineering.Candidate.presentSimple)
      (@Eq.{1} CoreReader.Engineering.Candidate chosen CoreReader.Engineering.Candidate.evolvable) →
    @CoreReader.Engineering.Reflection.Model.follows CoreReader.Engineering.ReviewCase
      CoreReader.Engineering.ReviewObject (CoreReader.Engineering.selfModel chosen)
CoreReader.Engineering.currentSelfApplication : ∀ (chosen : CoreReader.Engineering.Candidate),
  Or (@Eq.{1} CoreReader.Engineering.Candidate chosen CoreReader.Engineering.Candidate.presentSimple)
      (@Eq.{1} CoreReader.Engineering.Candidate chosen CoreReader.Engineering.Candidate.evolvable) →
    @CoreReader.Adopted.reflexivitySpecification
      (CoreReader.Engineering.Reflection.Target CoreReader.Engineering.ReviewObject)
      (CoreReader.Engineering.Reflection.Input CoreReader.Engineering.ReviewCase CoreReader.Engineering.ReviewObject)
      (CoreReader.Engineering.Reflection.Outcome CoreReader.Engineering.ReviewCase)
      (@CoreReader.Engineering.Reflection.Model.rules CoreReader.Engineering.ReviewCase
        CoreReader.Engineering.ReviewObject (CoreReader.Engineering.selfModel chosen))
      (@CoreReader.Engineering.Reflection.Model.self CoreReader.Engineering.ReviewCase
        CoreReader.Engineering.ReviewObject (CoreReader.Engineering.selfModel chosen))
      (@CoreReader.Engineering.Reflection.Model.performed CoreReader.Engineering.ReviewCase
        CoreReader.Engineering.ReviewObject (CoreReader.Engineering.selfModel chosen))
CoreReader.Engineering.actualSelfCriticism : ∀ (chosen : CoreReader.Engineering.Candidate),
  And
    (@Eq.{1} Bool
      (CoreReader.Engineering.objectTest CoreReader.Engineering.ReviewObject.evolutionMethod
        (@Prod.mk.{0, 0} CoreReader.Engineering.Candidate Nat chosen
          (@OfNat.ofNat.{0} Nat (nat_lit 10) (instOfNatNat (nat_lit 10)))))
      Bool.true)
    (And
      (@Eq.{1} Bool
        (CoreReader.Engineering.objectTest CoreReader.Engineering.ReviewObject.evolutionMethod
          (@Prod.mk.{0, 0} CoreReader.Engineering.Candidate Nat chosen
            (@OfNat.ofNat.{0} Nat (nat_lit 5) (instOfNatNat (nat_lit 5)))))
        Bool.false)
      (And
        (@Eq.{1} CoreReader.Engineering.Reflection.Verdict
          (@CoreReader.Engineering.Reflection.evaluate CoreReader.Engineering.ReviewCase
            CoreReader.Engineering.ReviewObject
            (@CoreReader.Engineering.Reflection.Model.input CoreReader.Engineering.ReviewCase
              CoreReader.Engineering.ReviewObject (CoreReader.Engineering.selfModel chosen)
              (@CoreReader.Engineering.Reflection.Target.mk CoreReader.Engineering.ReviewObject
                (@OfNat.ofNat.{0} Nat (nat_lit 0) (instOfNatNat (nat_lit 0)))
                CoreReader.Engineering.ReviewObject.evolutionMethod CoreReader.Agency.Phase.revision)))
          CoreReader.Engineering.Reflection.Verdict.counterexample)
        (And
          (@Eq.{1} (CoreReader.Engineering.Reflection.Outcome CoreReader.Engineering.ReviewCase)
            (CoreReader.Engineering.statedReview chosen CoreReader.Agency.Activity.generation
              CoreReader.Engineering.ReviewObject.evolutionMethod CoreReader.Agency.Phase.revision)
            (@CoreReader.Engineering.Reflection.Outcome.generated CoreReader.Engineering.ReviewCase
              (@List.cons.{0} CoreReader.Engineering.ReviewCase
                (@Prod.mk.{0, 0} CoreReader.Engineering.Candidate Nat chosen
                  (@OfNat.ofNat.{0} Nat (nat_lit 10) (instOfNatNat (nat_lit 10))))
                (@List.cons.{0} CoreReader.Engineering.ReviewCase
                  (@Prod.mk.{0, 0} CoreReader.Engineering.Candidate Nat chosen
                    (@OfNat.ofNat.{0} Nat (nat_lit 5) (instOfNatNat (nat_lit 5))))
                  (@List.nil.{0} CoreReader.Engineering.ReviewCase)))
              (@List.cons.{0} CoreReader.Engineering.ReviewCase
                (@Prod.mk.{0, 0} CoreReader.Engineering.Candidate Nat chosen
                  (@OfNat.ofNat.{0} Nat (nat_lit 10) (instOfNatNat (nat_lit 10))))
                (@List.cons.{0} CoreReader.Engineering.ReviewCase
                  (@Prod.mk.{0, 0} CoreReader.Engineering.Candidate Nat chosen
                    (@OfNat.ofNat.{0} Nat (nat_lit 5) (instOfNatNat (nat_lit 5))))
                  (@List.nil.{0} CoreReader.Engineering.ReviewCase)))))
          (@Ne.{1} Nat
            (CoreReader.Engineering.staticBatch (@OfNat.ofNat.{0} Nat (nat_lit 21) (instOfNatNat (nat_lit 21)))
              (@OfNat.ofNat.{0} Nat (nat_lit 5) (instOfNatNat (nat_lit 5))))
            (CoreReader.Engineering.liveBatch (@OfNat.ofNat.{0} Nat (nat_lit 21) (instOfNatNat (nat_lit 21)))
              (@OfNat.ofNat.{0} Nat (nat_lit 5) (instOfNatNat (nat_lit 5))))))))
CoreReader.Engineering.ownRuleIdentity : ∀ (chosen : CoreReader.Engineering.Candidate)
  (activity : CoreReader.Agency.Activity) (phase : CoreReader.Agency.Phase),
  And
    (@Membership.mem.{0, 0} CoreReader.Engineering.ReviewObject (List.{0} CoreReader.Engineering.ReviewObject)
      (@List.instMembership.{0} CoreReader.Engineering.ReviewObject)
      (@CoreReader.Engineering.Reflection.Model.objects CoreReader.Engineering.ReviewCase
        CoreReader.Engineering.ReviewObject (CoreReader.Engineering.selfModel chosen))
      (CoreReader.Engineering.ruleObject activity))
    (And
      (@Eq.{1}
        (CoreReader.Engineering.Reflection.Input CoreReader.Engineering.ReviewCase CoreReader.Engineering.ReviewObject →
          CoreReader.Engineering.Reflection.Outcome CoreReader.Engineering.ReviewCase → Prop)
        (@CoreReader.Adopted.ReflexiveRule.meaning
          (CoreReader.Engineering.Reflection.Target CoreReader.Engineering.ReviewObject)
          (CoreReader.Engineering.Reflection.Input CoreReader.Engineering.ReviewCase
            CoreReader.Engineering.ReviewObject)
          (CoreReader.Engineering.Reflection.Outcome CoreReader.Engineering.ReviewCase)
          (@CoreReader.Engineering.Reflection.Model.rule CoreReader.Engineering.ReviewCase
            CoreReader.Engineering.ReviewObject (CoreReader.Engineering.selfModel chosen) activity))
        (@CoreReader.Engineering.Reflection.interpret CoreReader.Engineering.ReviewCase
          CoreReader.Engineering.ReviewObject activity))
      (And
        (@Eq.{1} (CoreReader.Engineering.ReviewCase → Bool)
          (@CoreReader.Engineering.Reflection.Contract.test CoreReader.Engineering.ReviewCase
            (@CoreReader.Engineering.Reflection.Input.contract CoreReader.Engineering.ReviewCase
              CoreReader.Engineering.ReviewObject
              (@CoreReader.Engineering.Reflection.Model.input CoreReader.Engineering.ReviewCase
                CoreReader.Engineering.ReviewObject (CoreReader.Engineering.selfModel chosen)
                (@CoreReader.Engineering.Reflection.Target.mk CoreReader.Engineering.ReviewObject
                  (@OfNat.ofNat.{0} Nat (nat_lit 0) (instOfNatNat (nat_lit 0)))
                  (CoreReader.Engineering.ruleObject activity) phase))))
          (CoreReader.Engineering.objectTest (CoreReader.Engineering.ruleObject activity)))
        (And
          (@Eq.{1} Prop
            (@CoreReader.Engineering.Reflection.Model.generationApplies CoreReader.Engineering.ReviewCase
              CoreReader.Engineering.ReviewObject (CoreReader.Engineering.selfModel chosen)
              (CoreReader.Engineering.ruleObject activity) phase)
            (CoreReader.Engineering.generationApplies (CoreReader.Engineering.ruleObject activity) phase))
          (@Eq.{1} Prop
            (@CoreReader.Engineering.Reflection.Model.assessmentApplies CoreReader.Engineering.ReviewCase
              CoreReader.Engineering.ReviewObject (CoreReader.Engineering.selfModel chosen)
              (CoreReader.Engineering.ruleObject activity) phase)
            (CoreReader.Engineering.assessmentApplies (CoreReader.Engineering.ruleObject activity) phase)))))
CoreReader.Engineering.ownRuleContentVariation : ∀ (chosen : CoreReader.Engineering.Candidate),
  And
    (@Eq.{1} Bool
      (CoreReader.Engineering.generationRuleTest
        (@CoreReader.Engineering.Reflection.generate CoreReader.Engineering.ReviewCase
          CoreReader.Engineering.ReviewObject)
        (@Prod.mk.{0, 0} CoreReader.Engineering.Candidate Nat chosen
          (@OfNat.ofNat.{0} Nat (nat_lit 10) (instOfNatNat (nat_lit 10)))))
      Bool.true)
    (And
      (@Eq.{1} Bool
        (CoreReader.Engineering.generationRuleTest
          (fun x =>
            @CoreReader.Engineering.Reflection.Outcome.generated CoreReader.Engineering.ReviewCase
              (@List.nil.{0} CoreReader.Engineering.ReviewCase) (@List.nil.{0} CoreReader.Engineering.ReviewCase))
          (@Prod.mk.{0, 0} CoreReader.Engineering.Candidate Nat chosen
            (@OfNat.ofNat.{0} Nat (nat_lit 10) (instOfNatNat (nat_lit 10)))))
        Bool.false)
      (And
        (@Eq.{1} Bool
          (CoreReader.Engineering.assessmentRuleTest
            (@CoreReader.Engineering.Reflection.evaluate CoreReader.Engineering.ReviewCase
              CoreReader.Engineering.ReviewObject)
            (@Prod.mk.{0, 0} CoreReader.Engineering.Candidate Nat chosen
              (@OfNat.ofNat.{0} Nat (nat_lit 10) (instOfNatNat (nat_lit 10)))))
          Bool.true)
        (And
          (@Eq.{1} Bool
            (CoreReader.Engineering.assessmentRuleTest
              (@CoreReader.Engineering.Reflection.evaluate CoreReader.Engineering.ReviewCase
                CoreReader.Engineering.ReviewObject)
              (@Prod.mk.{0, 0} CoreReader.Engineering.Candidate Nat chosen
                (@OfNat.ofNat.{0} Nat (nat_lit 5) (instOfNatNat (nat_lit 5)))))
            Bool.false)
          (And
            (@Eq.{1} CoreReader.Engineering.Reflection.Verdict
              (@CoreReader.Engineering.Reflection.evaluate CoreReader.Engineering.ReviewCase
                CoreReader.Engineering.ReviewObject
                (@CoreReader.Engineering.Reflection.Model.input CoreReader.Engineering.ReviewCase
                  CoreReader.Engineering.ReviewObject (CoreReader.Engineering.selfModel chosen)
                  (@CoreReader.Engineering.Reflection.Target.mk CoreReader.Engineering.ReviewObject
                    (@OfNat.ofNat.{0} Nat (nat_lit 0) (instOfNatNat (nat_lit 0)))
                    CoreReader.Engineering.ReviewObject.assessmentRule CoreReader.Agency.Phase.revision)))
              CoreReader.Engineering.Reflection.Verdict.counterexample)
            (And
              (CoreReader.Engineering.generationApplies CoreReader.Engineering.ReviewObject.generationRule
                CoreReader.Agency.Phase.formation)
              (And
                (CoreReader.Engineering.generationApplies CoreReader.Engineering.ReviewObject.generationRule
                  CoreReader.Agency.Phase.revision)
                (And
                  (Not
                    (CoreReader.Engineering.generationApplies CoreReader.Engineering.ReviewObject.generationRule
                      CoreReader.Agency.Phase.application))
                  (∀ (phase : CoreReader.Agency.Phase),
                    CoreReader.Engineering.assessmentApplies CoreReader.Engineering.ReviewObject.assessmentRule
                      phase))))))))
CoreReader.Engineering.proposedRuleRevision : ∀ (chosen : CoreReader.Engineering.Candidate),
  And
    (@Eq.{1} Bool
      (CoreReader.Engineering.assessmentRuleTest
        (@CoreReader.Engineering.Reflection.evaluate CoreReader.Engineering.ReviewCase
          CoreReader.Engineering.ReviewObject)
        (@Prod.mk.{0, 0} CoreReader.Engineering.Candidate Nat chosen
          (@OfNat.ofNat.{0} Nat (nat_lit 5) (instOfNatNat (nat_lit 5)))))
      Bool.false)
    (And
      (@Eq.{1} Bool
        (CoreReader.Engineering.assessmentRuleTest CoreReader.Engineering.sampleAwareAssessment
          (@Prod.mk.{0, 0} CoreReader.Engineering.Candidate Nat chosen
            (@OfNat.ofNat.{0} Nat (nat_lit 5) (instOfNatNat (nat_lit 5)))))
        Bool.true)
      (And
        (@Eq.{1} Bool
          (CoreReader.Engineering.assessmentRuleTest CoreReader.Engineering.sampleAwareAssessment
            (@Prod.mk.{0, 0} CoreReader.Engineering.Candidate Nat chosen
              (@OfNat.ofNat.{0} Nat (nat_lit 10) (instOfNatNat (nat_lit 10)))))
          Bool.true)
        (And
          (@CoreReader.Adopted.ReflexiveRule.applicable
            (CoreReader.Engineering.Reflection.Target CoreReader.Engineering.ReviewObject)
            (CoreReader.Engineering.Reflection.Input CoreReader.Engineering.ReviewCase
              CoreReader.Engineering.ReviewObject)
            (CoreReader.Engineering.Reflection.Outcome CoreReader.Engineering.ReviewCase)
            (@CoreReader.Engineering.Reflection.Model.rule CoreReader.Engineering.ReviewCase
              CoreReader.Engineering.ReviewObject (CoreReader.Engineering.selfModel chosen)
              CoreReader.Agency.Activity.generation)
            (@CoreReader.Engineering.Reflection.Target.mk CoreReader.Engineering.ReviewObject
              (@OfNat.ofNat.{0} Nat (nat_lit 0) (instOfNatNat (nat_lit 0)))
              CoreReader.Engineering.ReviewObject.generationRule CoreReader.Agency.Phase.revision))
          (Not
            (@CoreReader.Adopted.ReflexiveRule.applicable
              (CoreReader.Engineering.Reflection.Target CoreReader.Engineering.ReviewObject)
              (CoreReader.Engineering.Reflection.Input CoreReader.Engineering.ReviewCase
                CoreReader.Engineering.ReviewObject)
              (CoreReader.Engineering.Reflection.Outcome CoreReader.Engineering.ReviewCase)
              (@CoreReader.Engineering.Reflection.Model.rule CoreReader.Engineering.ReviewCase
                CoreReader.Engineering.ReviewObject
                (have __src := CoreReader.Engineering.selfModel chosen;
                @CoreReader.Engineering.Reflection.Model.mk CoreReader.Engineering.ReviewCase
                  CoreReader.Engineering.ReviewObject
                  (@CoreReader.Engineering.Reflection.Model.owner CoreReader.Engineering.ReviewCase
                    CoreReader.Engineering.ReviewObject __src)
                  (@CoreReader.Engineering.Reflection.Model.objects CoreReader.Engineering.ReviewCase
                    CoreReader.Engineering.ReviewObject __src)
                  (@CoreReader.Engineering.Reflection.Model.contracts CoreReader.Engineering.ReviewCase
                    CoreReader.Engineering.ReviewObject __src)
                  (@CoreReader.Engineering.Reflection.Model.requested CoreReader.Engineering.ReviewCase
                    CoreReader.Engineering.ReviewObject __src)
                  (@CoreReader.Engineering.Reflection.Model.reasons CoreReader.Engineering.ReviewCase
                    CoreReader.Engineering.ReviewObject __src)
                  (@CoreReader.Engineering.Reflection.Model.basis CoreReader.Engineering.ReviewCase
                    CoreReader.Engineering.ReviewObject __src)
                  (fun x x_1 => False)
                  (@CoreReader.Engineering.Reflection.Model.assessmentApplies CoreReader.Engineering.ReviewCase
                    CoreReader.Engineering.ReviewObject __src)
                  (@CoreReader.Engineering.Reflection.Model.recorded CoreReader.Engineering.ReviewCase
                    CoreReader.Engineering.ReviewObject __src))
                CoreReader.Agency.Activity.generation)
              (@CoreReader.Engineering.Reflection.Target.mk CoreReader.Engineering.ReviewObject
                (@OfNat.ofNat.{0} Nat (nat_lit 0) (instOfNatNat (nat_lit 0)))
                CoreReader.Engineering.ReviewObject.generationRule CoreReader.Agency.Phase.revision))))))
CoreReader.Engineering.CoreCommitment : Type
CoreReader.Engineering.coreCommitments : List.{0} CoreReader.Engineering.CoreCommitment
CoreReader.Engineering.coreAdopted : CoreReader.Engineering.CoreCommitment → Bool
CoreReader.Engineering.AdoptionReason : Type
CoreReader.Engineering.reasonFor : CoreReader.Engineering.CoreCommitment → CoreReader.Engineering.AdoptionReason
CoreReader.Engineering.ReasonRelevant : CoreReader.Engineering.CoreCommitment →
  CoreReader.Engineering.AdoptionReason → CoreReader.Engineering.Candidate → Prop
CoreReader.Engineering.valueScope : CoreReader.Engineering.Candidate → Prop
CoreReader.Engineering.safeguardExperiment : CoreReader.Engineering.CoreCommitment →
  Bool → CoreReader.Engineering.Candidate → Bool
CoreReader.Engineering.criticismFor : CoreReader.Engineering.CoreCommitment → String
CoreReader.Engineering.governancePosition : CoreReader.Engineering.CoreCommitment →
  CoreReader.Evidence.ValuePosition CoreReader.Engineering.Candidate
CoreReader.Engineering.adoptionReasonRelevant : ∀ (principle : CoreReader.Engineering.CoreCommitment)
  (selected : CoreReader.Engineering.Candidate),
  CoreReader.Engineering.valueScope selected →
    CoreReader.Engineering.ReasonRelevant principle (CoreReader.Engineering.reasonFor principle) selected
CoreReader.Engineering.safeguardEnabled : ∀ (principle : CoreReader.Engineering.CoreCommitment)
  (selected : CoreReader.Engineering.Candidate),
  CoreReader.Engineering.valueScope selected →
    @Eq.{1} Bool (CoreReader.Engineering.safeguardExperiment principle Bool.true selected) Bool.true
CoreReader.Engineering.safeguardDisabled : ∀ (principle : CoreReader.Engineering.CoreCommitment)
  (selected : CoreReader.Engineering.Candidate),
  @Eq.{1} Bool (CoreReader.Engineering.safeguardExperiment principle Bool.false selected) Bool.false
CoreReader.Engineering.governanceValueProcedure : ∀ (principle : CoreReader.Engineering.CoreCommitment),
  @CoreReader.Evidence.ValueProcedure CoreReader.Engineering.Candidate
    (CoreReader.Engineering.governancePosition principle)
CoreReader.Engineering.governanceGrounded : ∀ (principle : CoreReader.Engineering.CoreCommitment),
  @CoreReader.Adopted.valueSpecification CoreReader.Engineering.Candidate
    (CoreReader.Engineering.governancePosition principle)
CoreReader.Engineering.governanceRationaleLimits : And
  (Not
    (CoreReader.Engineering.ReasonRelevant CoreReader.Engineering.CoreCommitment.consistency
      (CoreReader.Engineering.reasonFor CoreReader.Engineering.CoreCommitment.generation)
      CoreReader.Engineering.Candidate.evolvable))
  (And
    (Not
      (CoreReader.Engineering.ReasonRelevant CoreReader.Engineering.CoreCommitment.reflexivity
        (CoreReader.Engineering.AdoptionReason.ownMethodCounterexample
          (@OfNat.ofNat.{0} Nat (nat_lit 21) (instOfNatNat (nat_lit 21)))
          (@OfNat.ofNat.{0} Nat (nat_lit 10) (instOfNatNat (nat_lit 10))))
        CoreReader.Engineering.Candidate.evolvable))
    (And
      (Not
        (CoreReader.Engineering.ReasonRelevant CoreReader.Engineering.CoreCommitment.generation
          (CoreReader.Engineering.AdoptionReason.plannedChange
            (@OfNat.ofNat.{0} Nat (nat_lit 9) (instOfNatNat (nat_lit 9))) CoreReader.Engineering.Change.addition)
          CoreReader.Engineering.Candidate.evolvable))
      (And (Not (CoreReader.Engineering.valueScope CoreReader.Engineering.Candidate.maximal))
        (And
          (∀ (principle : CoreReader.Engineering.CoreCommitment),
            @Eq.{1} Bool
              (CoreReader.Engineering.safeguardExperiment principle Bool.false
                CoreReader.Engineering.Candidate.evolvable)
              Bool.false)
          (∀ (principle : CoreReader.Engineering.CoreCommitment),
            @CoreReader.Evidence.ValuePosition.commitment CoreReader.Engineering.Candidate
              (CoreReader.Engineering.governancePosition principle) CoreReader.Engineering.Candidate.presentSimple)))))
CoreReader.Engineering.selectionObjective : CoreReader.Engineering.Candidate → Prod.{0, 0} Nat Nat → Prop
CoreReader.Engineering.selectionPosition : CoreReader.Engineering.Candidate →
  CoreReader.Evidence.ValuePosition CoreReader.Engineering.Candidate
CoreReader.Engineering.selectionValueProcedure : ∀ (adopted : CoreReader.Engineering.Candidate),
  Or (@Eq.{1} CoreReader.Engineering.Candidate adopted CoreReader.Engineering.Candidate.presentSimple)
      (@Eq.{1} CoreReader.Engineering.Candidate adopted CoreReader.Engineering.Candidate.evolvable) →
    @CoreReader.Evidence.ValueProcedure CoreReader.Engineering.Candidate
      (CoreReader.Engineering.selectionPosition adopted)
CoreReader.Engineering.selectionGrounded : ∀ (adopted : CoreReader.Engineering.Candidate),
  Or (@Eq.{1} CoreReader.Engineering.Candidate adopted CoreReader.Engineering.Candidate.presentSimple)
      (@Eq.{1} CoreReader.Engineering.Candidate adopted CoreReader.Engineering.Candidate.evolvable) →
    @CoreReader.Adopted.valueSpecification CoreReader.Engineering.Candidate
      (CoreReader.Engineering.selectionPosition adopted)
CoreReader.Evidence.Record : Type → Type
@CoreReader.Evidence.Compatible : {W : Type} → List.{0} (CoreReader.Evidence.Record W) → W → Prop
@CoreReader.Evidence.Supports : {W : Type} → List.{0} (CoreReader.Evidence.Record W) → CoreReader.Logic.Claim W → Prop
CoreReader.Evidence.Articulation : Type → Type
@CoreReader.Evidence.Articulated : {W : Type} → CoreReader.Evidence.Articulation W → Prop
CoreReader.Evidence.ValuePosition : Type → Type 1
@CoreReader.Evidence.ValuePosition.commitment : {W : Type} →
  CoreReader.Evidence.ValuePosition W → CoreReader.Logic.Claim W
@CoreReader.Evidence.ValuePosition.consequence : {W : Type} →
  CoreReader.Evidence.ValuePosition W → CoreReader.Logic.Claim W
@CoreReader.Evidence.ValuePosition.activeReasons : {W : Type} →
  CoreReader.Evidence.ValuePosition W → List.{0} (CoreReader.Logic.Claim W)
@CoreReader.Evidence.JointAdoption : {W : Type} → CoreReader.Evidence.ValuePosition W → Prop
@CoreReader.Evidence.ValueProcedure : {W : Type} → CoreReader.Evidence.ValuePosition W → Prop
CoreReader.Evidence.Facet : Type → Type 1
@CoreReader.Evidence.Facet.claim : {W : Type} → CoreReader.Evidence.Facet W → CoreReader.Logic.Claim W
@CoreReader.Evidence.FacetDischarged : {W : Type} → CoreReader.Evidence.Facet W → Prop
@CoreReader.Evidence.FacetArticulated : {W : Type} →
  CoreReader.Evidence.Articulation W → CoreReader.Evidence.Facet W → Prop
@CoreReader.Evidence.canonicalArticulation : {W : Type} →
  CoreReader.Evidence.Facet W → CoreReader.Evidence.Articulation W
@CoreReader.Evidence.canonicalFacetArticulated : ∀ {W : Type} (f : CoreReader.Evidence.Facet W),
  @CoreReader.Evidence.FacetArticulated W (@CoreReader.Evidence.canonicalArticulation W f) f
@CoreReader.Evidence.canonicalArticulated : ∀ {W : Type} (f : CoreReader.Evidence.Facet W),
  @CoreReader.Evidence.FacetDischarged W f →
    @CoreReader.Evidence.Articulated W (@CoreReader.Evidence.canonicalArticulation W f)
@CoreReader.Evidence.Grounds : {W : Type} →
  CoreReader.Logic.Claim W →
    (CoreReader.Evidence.Facet W → CoreReader.Evidence.Articulation W) →
      (CoreReader.Evidence.Facet W → Prop) → List.{1} (CoreReader.Evidence.Facet W) → Prop
@CoreReader.Evidence.AchievementAccountability : {W : Type} →
  CoreReader.Logic.Claim W →
    (CoreReader.Evidence.Facet W → CoreReader.Evidence.Articulation W) →
      (CoreReader.Evidence.Facet W → Prop) → List.{1} (CoreReader.Evidence.Facet W) → Prop
CoreReader.Evidence.transitionAchievement : CoreReader.Logic.Claim CoreReader.Agency.TransitionCase
CoreReader.Evidence.transitionPerformanceRecord : CoreReader.Evidence.Record CoreReader.Agency.TransitionCase
CoreReader.Evidence.transitionReportRecord : CoreReader.Evidence.Record CoreReader.Agency.TransitionCase
CoreReader.Evidence.transitionPerformanceCompatible : ∀ (transition : CoreReader.Agency.TransitionCase),
  Iff
    (@CoreReader.Evidence.Compatible CoreReader.Agency.TransitionCase
      (@List.cons.{0} (CoreReader.Evidence.Record CoreReader.Agency.TransitionCase)
        CoreReader.Evidence.transitionPerformanceRecord
        (@List.nil.{0} (CoreReader.Evidence.Record CoreReader.Agency.TransitionCase)))
      transition)
    (@Eq.{1} CoreReader.Agency.TransitionCase transition CoreReader.Agency.TransitionCase.extend)
CoreReader.Evidence.transitionSupported : @CoreReader.Evidence.Supports CoreReader.Agency.TransitionCase
  (@List.cons.{0} (CoreReader.Evidence.Record CoreReader.Agency.TransitionCase)
    CoreReader.Evidence.transitionPerformanceRecord
    (@List.nil.{0} (CoreReader.Evidence.Record CoreReader.Agency.TransitionCase)))
  CoreReader.Evidence.transitionAchievement
CoreReader.Evidence.transitionFacet : CoreReader.Evidence.Facet CoreReader.Agency.TransitionCase
CoreReader.Evidence.transitionFacetDischarged : @CoreReader.Evidence.FacetDischarged CoreReader.Agency.TransitionCase
  CoreReader.Evidence.transitionFacet
CoreReader.Evidence.transitionAccountable : @CoreReader.Evidence.AchievementAccountability
  CoreReader.Agency.TransitionCase CoreReader.Evidence.transitionAchievement
  (@CoreReader.Evidence.canonicalArticulation CoreReader.Agency.TransitionCase)
  (fun facet =>
    @Eq.{2} (CoreReader.Evidence.Facet CoreReader.Agency.TransitionCase) facet CoreReader.Evidence.transitionFacet)
  (@List.cons.{1} (CoreReader.Evidence.Facet CoreReader.Agency.TransitionCase) CoreReader.Evidence.transitionFacet
    (@List.nil.{1} (CoreReader.Evidence.Facet CoreReader.Agency.TransitionCase)))
CoreReader.Evidence.transitionReportCompatible : ∀ (transition : CoreReader.Agency.TransitionCase),
  @CoreReader.Evidence.Compatible CoreReader.Agency.TransitionCase
    (@List.cons.{0} (CoreReader.Evidence.Record CoreReader.Agency.TransitionCase)
      CoreReader.Evidence.transitionReportRecord
      (@List.nil.{0} (CoreReader.Evidence.Record CoreReader.Agency.TransitionCase)))
    transition
CoreReader.Evidence.transitionReportDoesNotSupport : And
  (@CoreReader.Evidence.Compatible CoreReader.Agency.TransitionCase
    (@List.cons.{0} (CoreReader.Evidence.Record CoreReader.Agency.TransitionCase)
      CoreReader.Evidence.transitionReportRecord
      (@List.nil.{0} (CoreReader.Evidence.Record CoreReader.Agency.TransitionCase)))
    CoreReader.Agency.TransitionCase.inflate)
  (And (Not (CoreReader.Evidence.transitionAchievement CoreReader.Agency.TransitionCase.inflate))
    (Not
      (@CoreReader.Evidence.Supports CoreReader.Agency.TransitionCase
        (@List.cons.{0} (CoreReader.Evidence.Record CoreReader.Agency.TransitionCase)
          CoreReader.Evidence.transitionReportRecord
          (@List.nil.{0} (CoreReader.Evidence.Record CoreReader.Agency.TransitionCase)))
        CoreReader.Evidence.transitionAchievement)))
CoreReader.Evidence.ConcreteAchievementExample : Prop
CoreReader.Evidence.concreteAchievementExample : CoreReader.Evidence.ConcreteAchievementExample
@CoreReader.Evidence.achievementNeedsSupport : ∀ {W : Type} (achievement : CoreReader.Logic.Claim W)
  (records : List.{0} (CoreReader.Evidence.Record W)) (actual : W),
  @CoreReader.Evidence.Compatible W records actual →
    @CoreReader.Evidence.Supports W records achievement →
      And (achievement actual) CoreReader.Evidence.ConcreteAchievementExample
@CoreReader.Evidence.supportWeakening : ∀ {W : Type} (records : List.{0} (CoreReader.Evidence.Record W))
  (p q : CoreReader.Logic.Claim W),
  @CoreReader.Evidence.Supports W records p → (∀ (w : W), p w → q w) → @CoreReader.Evidence.Supports W records q
CoreReader.Evidence.evidenceWeakeningCanLoseSupport : And
  (@CoreReader.Evidence.Supports Bool
    (@List.cons.{0} (CoreReader.Evidence.Record Bool) (@CoreReader.Evidence.Record.mk Bool (@id.{1} Bool) Bool.true)
      (@List.nil.{0} (CoreReader.Evidence.Record Bool)))
    fun w => @Eq.{1} Bool w Bool.true)
  (Not
    (@CoreReader.Evidence.Supports Bool (@List.nil.{0} (CoreReader.Evidence.Record Bool)) fun w =>
      @Eq.{1} Bool w Bool.true))
@CoreReader.Evidence.scopeRestriction : ∀ {W X : Type} (records : List.{0} (CoreReader.Evidence.Record W))
  (p : W → X → Prop) (wide narrow : X → Prop),
  (∀ (x : X), narrow x → wide x) →
    (@CoreReader.Evidence.Supports W records fun w => ∀ (x : X), wide x → p w x) →
      @CoreReader.Evidence.Supports W records fun w => ∀ (x : X), narrow x → p w x
@CoreReader.Evidence.Duties : {W : Type} → (CoreReader.Evidence.Facet W → Prop) → Prop
@CoreReader.Evidence.LabeledDuties : {W : Type} → List.{0} String → (CoreReader.Evidence.Facet W → Prop) → Prop
@CoreReader.Evidence.assessmentUnion : ∀ {W : Type} (a b : CoreReader.Evidence.Facet W → Prop),
  Iff (@CoreReader.Evidence.Duties W fun f => Or (a f) (b f))
    (And (@CoreReader.Evidence.Duties W a) (@CoreReader.Evidence.Duties W b))
@CoreReader.Evidence.labelsCannotWaive : ∀ {W : Type} (xs ys : List.{0} String)
  (a : CoreReader.Evidence.Facet W → Prop),
  Iff (@CoreReader.Evidence.LabeledDuties W xs a) (@CoreReader.Evidence.LabeledDuties W ys a)
CoreReader.Evidence.switchRecord : CoreReader.Evidence.Record Bool
CoreReader.Evidence.switchCompatible : ∀ (w : Bool),
  Iff
    (@CoreReader.Evidence.Compatible Bool
      (@List.cons.{0} (CoreReader.Evidence.Record Bool) CoreReader.Evidence.switchRecord
        (@List.nil.{0} (CoreReader.Evidence.Record Bool)))
      w)
    (@Eq.{1} Bool w Bool.true)
CoreReader.Evidence.switchSupported : @CoreReader.Evidence.Supports Bool
  (@List.cons.{0} (CoreReader.Evidence.Record Bool) CoreReader.Evidence.switchRecord
    (@List.nil.{0} (CoreReader.Evidence.Record Bool)))
  fun w => @Eq.{1} Bool w Bool.true
CoreReader.Evidence.optionBenefit : Bool → Nat
CoreReader.Evidence.optionCost : Bool → Nat
CoreReader.Evidence.optionReport : Bool → Prop
CoreReader.Evidence.switchPosition : CoreReader.Evidence.ValuePosition Bool
CoreReader.Evidence.switchValueProcedure : @CoreReader.Evidence.ValueProcedure Bool CoreReader.Evidence.switchPosition
CoreReader.Evidence.oppositePosition : CoreReader.Evidence.ValuePosition Bool
CoreReader.Evidence.oppositePositionRejected : And
  (@CoreReader.Evidence.JointAdoption Bool CoreReader.Evidence.oppositePosition)
  (Not (@CoreReader.Evidence.ValueProcedure Bool CoreReader.Evidence.oppositePosition))
CoreReader.Evidence.contradictoryStartingPosition : CoreReader.Evidence.ValuePosition Bool
CoreReader.Evidence.impossibleAdoptionPosition : CoreReader.Evidence.ValuePosition Bool
CoreReader.Evidence.inadmissibleValuePositionsRejected : And
  (Not (@CoreReader.Evidence.ValueProcedure Bool CoreReader.Evidence.contradictoryStartingPosition))
  (Not (@CoreReader.Evidence.ValueProcedure Bool CoreReader.Evidence.impossibleAdoptionPosition))
CoreReader.Evidence.unsupportedPosition : CoreReader.Evidence.ValuePosition Bool
CoreReader.Evidence.switchEmpirical : CoreReader.Evidence.Facet Bool
CoreReader.Evidence.switchEmpiricalDischarged : @CoreReader.Evidence.FacetDischarged Bool
  CoreReader.Evidence.switchEmpirical
CoreReader.Evidence.mixedMissingResponsibility : And
  (@CoreReader.Evidence.FacetDischarged Bool CoreReader.Evidence.switchEmpirical)
  (Not
    (@CoreReader.Evidence.LabeledDuties Bool (@List.nil.{0} String) fun f =>
      Or (@Eq.{2} (CoreReader.Evidence.Facet Bool) f CoreReader.Evidence.switchEmpirical)
        (@Eq.{2} (CoreReader.Evidence.Facet Bool) f
          (@CoreReader.Evidence.Facet.value Bool CoreReader.Evidence.unsupportedPosition))))
CoreReader.Evidence.uninformativeArgument : CoreReader.Evidence.Articulation Bool
CoreReader.Evidence.articulationNotSupport : And
  (@CoreReader.Evidence.Articulated Bool CoreReader.Evidence.uninformativeArgument)
  (Not
    (@CoreReader.Logic.Entails Bool
      (@CoreReader.Evidence.Articulation.assumptions Bool CoreReader.Evidence.uninformativeArgument) fun w =>
      @Eq.{1} Bool w Bool.true))
CoreReader.Evidence.unrelatedArticulationRejected : And
  (@CoreReader.Evidence.Articulated Bool CoreReader.Evidence.uninformativeArgument)
  (And (@CoreReader.Evidence.FacetDischarged Bool CoreReader.Evidence.switchEmpirical)
    (Not
      (@CoreReader.Evidence.FacetArticulated Bool CoreReader.Evidence.uninformativeArgument
        CoreReader.Evidence.switchEmpirical)))
CoreReader.Evidence.temperatureRecord : CoreReader.Evidence.Record (Prod.{0, 0} Bool Bool)
CoreReader.Evidence.temperatureCompatible : ∀ (b : Bool),
  @CoreReader.Evidence.Compatible (Prod.{0, 0} Bool Bool)
    (@List.cons.{0} (CoreReader.Evidence.Record (Prod.{0, 0} Bool Bool)) CoreReader.Evidence.temperatureRecord
      (@List.cons.{0} (CoreReader.Evidence.Record (Prod.{0, 0} Bool Bool)) CoreReader.Evidence.temperatureRecord
        (@List.nil.{0} (CoreReader.Evidence.Record (Prod.{0, 0} Bool Bool)))))
    (@Prod.mk.{0, 0} Bool Bool Bool.true b)
CoreReader.Evidence.BudgetWorld : Type
CoreReader.Evidence.announcement : String
CoreReader.Evidence.announcementPosition : CoreReader.Evidence.ValuePosition CoreReader.Evidence.BudgetWorld
CoreReader.Evidence.announcementHasJointAdoption : @CoreReader.Evidence.JointAdoption CoreReader.Evidence.BudgetWorld
  CoreReader.Evidence.announcementPosition
CoreReader.Evidence.announcementNotBudgetReason : And
  (@Ne.{1}
    (List.{0}
      (CoreReader.Evidence.BudgetWorld →
        @CoreReader.Evidence.ValuePosition.Position CoreReader.Evidence.BudgetWorld
            CoreReader.Evidence.announcementPosition →
          Prop))
    (@CoreReader.Evidence.ValuePosition.reasons CoreReader.Evidence.BudgetWorld
      CoreReader.Evidence.announcementPosition)
    (@List.nil.{0}
      (CoreReader.Evidence.BudgetWorld →
        @CoreReader.Evidence.ValuePosition.Position CoreReader.Evidence.BudgetWorld
            CoreReader.Evidence.announcementPosition →
          Prop)))
  (And
    (@CoreReader.Evidence.ValuePosition.commitment CoreReader.Evidence.BudgetWorld
      CoreReader.Evidence.announcementPosition
      (@Prod.mk.{0, 0} Bool Nat Bool.true (@OfNat.ofNat.{0} Nat (nat_lit 0) (instOfNatNat (nat_lit 0)))))
    (And
      (∀
        (reason :
          CoreReader.Evidence.BudgetWorld →
            @CoreReader.Evidence.ValuePosition.Position CoreReader.Evidence.BudgetWorld
                CoreReader.Evidence.announcementPosition →
              Prop),
        @Membership.mem.{0, 0}
            (CoreReader.Evidence.BudgetWorld →
              @CoreReader.Evidence.ValuePosition.Position CoreReader.Evidence.BudgetWorld
                  CoreReader.Evidence.announcementPosition →
                Prop)
            (List.{0}
              (CoreReader.Evidence.BudgetWorld →
                @CoreReader.Evidence.ValuePosition.Position CoreReader.Evidence.BudgetWorld
                    CoreReader.Evidence.announcementPosition →
                  Prop))
            (@List.instMembership.{0}
              (CoreReader.Evidence.BudgetWorld →
                @CoreReader.Evidence.ValuePosition.Position CoreReader.Evidence.BudgetWorld
                    CoreReader.Evidence.announcementPosition →
                  Prop))
            (@CoreReader.Evidence.ValuePosition.reasons CoreReader.Evidence.BudgetWorld
              CoreReader.Evidence.announcementPosition)
            reason →
          reason (@Prod.mk.{0, 0} Bool Nat Bool.true (@OfNat.ofNat.{0} Nat (nat_lit 0) (instOfNatNat (nat_lit 0))))
            (@CoreReader.Evidence.ValuePosition.adopted CoreReader.Evidence.BudgetWorld
              CoreReader.Evidence.announcementPosition))
      (And
        (Not
          (@CoreReader.Evidence.ValuePosition.consequence CoreReader.Evidence.BudgetWorld
            CoreReader.Evidence.announcementPosition
            (@Prod.mk.{0, 0} Bool Nat Bool.true (@OfNat.ofNat.{0} Nat (nat_lit 0) (instOfNatNat (nat_lit 0))))))
        (Not
          (@CoreReader.Evidence.ValueProcedure CoreReader.Evidence.BudgetWorld
            CoreReader.Evidence.announcementPosition)))))
CoreReader.Evidence.actionRecord : CoreReader.Evidence.Record CoreReader.Evidence.BudgetWorld
CoreReader.Evidence.actionCompatible : ∀ (budget : Nat),
  @CoreReader.Evidence.Compatible CoreReader.Evidence.BudgetWorld
    (@List.cons.{0} (CoreReader.Evidence.Record CoreReader.Evidence.BudgetWorld) CoreReader.Evidence.actionRecord
      (@List.cons.{0} (CoreReader.Evidence.Record CoreReader.Evidence.BudgetWorld) CoreReader.Evidence.actionRecord
        (@List.nil.{0} (CoreReader.Evidence.Record CoreReader.Evidence.BudgetWorld))))
    (@Prod.mk.{0, 0} Bool Nat Bool.true budget)
CoreReader.Evidence.measurementRepeatNotSupport : And
  (@Eq.{1} Bool
    (@CoreReader.Evidence.Record.test (Prod.{0, 0} Bool Bool) CoreReader.Evidence.temperatureRecord
      (@Prod.mk.{0, 0} Bool Bool Bool.true Bool.false))
    Bool.true)
  (And
    (@CoreReader.Evidence.Compatible (Prod.{0, 0} Bool Bool)
      (@List.cons.{0} (CoreReader.Evidence.Record (Prod.{0, 0} Bool Bool)) CoreReader.Evidence.temperatureRecord
        (@List.cons.{0} (CoreReader.Evidence.Record (Prod.{0, 0} Bool Bool)) CoreReader.Evidence.temperatureRecord
          (@List.nil.{0} (CoreReader.Evidence.Record (Prod.{0, 0} Bool Bool)))))
      (@Prod.mk.{0, 0} Bool Bool Bool.true Bool.false))
    (And
      (@CoreReader.Evidence.Compatible (Prod.{0, 0} Bool Bool)
        (@List.cons.{0} (CoreReader.Evidence.Record (Prod.{0, 0} Bool Bool)) CoreReader.Evidence.temperatureRecord
          (@List.cons.{0} (CoreReader.Evidence.Record (Prod.{0, 0} Bool Bool)) CoreReader.Evidence.temperatureRecord
            (@List.nil.{0} (CoreReader.Evidence.Record (Prod.{0, 0} Bool Bool)))))
        (@Prod.mk.{0, 0} Bool Bool Bool.true Bool.true))
      (And
        (Not
          (@CoreReader.Evidence.Supports (Prod.{0, 0} Bool Bool)
            (@List.cons.{0} (CoreReader.Evidence.Record (Prod.{0, 0} Bool Bool)) CoreReader.Evidence.temperatureRecord
              (@List.nil.{0} (CoreReader.Evidence.Record (Prod.{0, 0} Bool Bool))))
            fun w => @Eq.{1} Bool (@Prod.snd.{0, 0} Bool Bool w) Bool.true))
        (And
          (Not
            (@CoreReader.Evidence.Supports (Prod.{0, 0} Bool Bool)
              (@List.cons.{0} (CoreReader.Evidence.Record (Prod.{0, 0} Bool Bool)) CoreReader.Evidence.temperatureRecord
                (@List.cons.{0} (CoreReader.Evidence.Record (Prod.{0, 0} Bool Bool))
                  CoreReader.Evidence.temperatureRecord
                  (@List.nil.{0} (CoreReader.Evidence.Record (Prod.{0, 0} Bool Bool)))))
              fun w => @Eq.{1} Bool (@Prod.snd.{0, 0} Bool Bool w) Bool.true))
          (And
            (@CoreReader.Evidence.Compatible CoreReader.Evidence.BudgetWorld
              (@List.cons.{0} (CoreReader.Evidence.Record CoreReader.Evidence.BudgetWorld)
                CoreReader.Evidence.actionRecord
                (@List.cons.{0} (CoreReader.Evidence.Record CoreReader.Evidence.BudgetWorld)
                  CoreReader.Evidence.actionRecord
                  (@List.nil.{0} (CoreReader.Evidence.Record CoreReader.Evidence.BudgetWorld))))
              (@Prod.mk.{0, 0} Bool Nat Bool.true (@OfNat.ofNat.{0} Nat (nat_lit 0) (instOfNatNat (nat_lit 0)))))
            (And
              (@CoreReader.Evidence.Compatible CoreReader.Evidence.BudgetWorld
                (@List.cons.{0} (CoreReader.Evidence.Record CoreReader.Evidence.BudgetWorld)
                  CoreReader.Evidence.actionRecord
                  (@List.cons.{0} (CoreReader.Evidence.Record CoreReader.Evidence.BudgetWorld)
                    CoreReader.Evidence.actionRecord
                    (@List.nil.{0} (CoreReader.Evidence.Record CoreReader.Evidence.BudgetWorld))))
                (@Prod.mk.{0, 0} Bool Nat Bool.true (@OfNat.ofNat.{0} Nat (nat_lit 3) (instOfNatNat (nat_lit 3)))))
              (And
                (Not
                  (@CoreReader.Evidence.Supports CoreReader.Evidence.BudgetWorld
                    (@List.cons.{0} (CoreReader.Evidence.Record CoreReader.Evidence.BudgetWorld)
                      CoreReader.Evidence.actionRecord
                      (@List.nil.{0} (CoreReader.Evidence.Record CoreReader.Evidence.BudgetWorld)))
                    (@CoreReader.Evidence.ValuePosition.consequence CoreReader.Evidence.BudgetWorld
                      CoreReader.Evidence.announcementPosition)))
                (And
                  (Not
                    (@CoreReader.Evidence.Supports CoreReader.Evidence.BudgetWorld
                      (@List.cons.{0} (CoreReader.Evidence.Record CoreReader.Evidence.BudgetWorld)
                        CoreReader.Evidence.actionRecord
                        (@List.cons.{0} (CoreReader.Evidence.Record CoreReader.Evidence.BudgetWorld)
                          CoreReader.Evidence.actionRecord
                          (@List.nil.{0} (CoreReader.Evidence.Record CoreReader.Evidence.BudgetWorld))))
                      (@CoreReader.Evidence.ValuePosition.consequence CoreReader.Evidence.BudgetWorld
                        CoreReader.Evidence.announcementPosition)))
                  (Not
                    (@CoreReader.Evidence.ValueProcedure CoreReader.Evidence.BudgetWorld
                      CoreReader.Evidence.announcementPosition))))))))))
CoreReader.Evidence.selfAssertionNotReason : And
  (And (@CoreReader.Evidence.ValuePosition.commitment Bool CoreReader.Evidence.unsupportedPosition Bool.true)
    (Not (@CoreReader.Evidence.ValueProcedure Bool CoreReader.Evidence.unsupportedPosition)))
  (And
    (And
      (@Ne.{1}
        (List.{0}
          (CoreReader.Evidence.BudgetWorld →
            @CoreReader.Evidence.ValuePosition.Position CoreReader.Evidence.BudgetWorld
                CoreReader.Evidence.announcementPosition →
              Prop))
        (@CoreReader.Evidence.ValuePosition.reasons CoreReader.Evidence.BudgetWorld
          CoreReader.Evidence.announcementPosition)
        (@List.nil.{0}
          (CoreReader.Evidence.BudgetWorld →
            @CoreReader.Evidence.ValuePosition.Position CoreReader.Evidence.BudgetWorld
                CoreReader.Evidence.announcementPosition →
              Prop)))
      (And
        (@CoreReader.Evidence.ValuePosition.commitment CoreReader.Evidence.BudgetWorld
          CoreReader.Evidence.announcementPosition
          (@Prod.mk.{0, 0} Bool Nat Bool.true (@OfNat.ofNat.{0} Nat (nat_lit 0) (instOfNatNat (nat_lit 0)))))
        (And
          (Not
            (@CoreReader.Evidence.ValuePosition.consequence CoreReader.Evidence.BudgetWorld
              CoreReader.Evidence.announcementPosition
              (@Prod.mk.{0, 0} Bool Nat Bool.true (@OfNat.ofNat.{0} Nat (nat_lit 0) (instOfNatNat (nat_lit 0))))))
          (Not
            (@CoreReader.Evidence.ValueProcedure CoreReader.Evidence.BudgetWorld
              CoreReader.Evidence.announcementPosition)))))
    (@CoreReader.Evidence.JointAdoption CoreReader.Evidence.BudgetWorld CoreReader.Evidence.announcementPosition))
CoreReader.Evidence.valueWithoutSelfProof : And
  (@CoreReader.Evidence.ValueProcedure Bool CoreReader.Evidence.switchPosition)
  (And
    (@CoreReader.Logic.Satisfiable Bool
      (@CoreReader.Evidence.ValuePosition.starting Bool CoreReader.Evidence.switchPosition))
    (And
      (Not
        (@CoreReader.Logic.Entails Bool (@CoreReader.Logic.emptyTheory Bool)
          (@CoreReader.Evidence.ValuePosition.commitment Bool CoreReader.Evidence.switchPosition)))
      (And
        (And (@CoreReader.Evidence.JointAdoption Bool CoreReader.Evidence.oppositePosition)
          (Not (@CoreReader.Evidence.ValueProcedure Bool CoreReader.Evidence.oppositePosition)))
        (And (Not (@CoreReader.Evidence.ValueProcedure Bool CoreReader.Evidence.contradictoryStartingPosition))
          (Not (@CoreReader.Evidence.ValueProcedure Bool CoreReader.Evidence.impossibleAdoptionPosition))))))
CoreReader.Evidence.BenefitCostWorld : Type
CoreReader.Evidence.measuredOutcome : CoreReader.Evidence.BenefitCostWorld → Bool → Prod.{0, 0} Nat Nat
CoreReader.Evidence.benefitReason : CoreReader.Evidence.BenefitCostWorld → Bool → Prop
CoreReader.Evidence.costReason : CoreReader.Evidence.BenefitCostWorld → Bool → Prop
CoreReader.Evidence.jointReasonPosition : CoreReader.Evidence.ValuePosition CoreReader.Evidence.BenefitCostWorld
CoreReader.Evidence.jointReasonProcedure : @CoreReader.Evidence.ValueProcedure CoreReader.Evidence.BenefitCostWorld
  CoreReader.Evidence.jointReasonPosition
CoreReader.Evidence.JointReasonsExample : Prop
CoreReader.Evidence.jointReasonsExample : CoreReader.Evidence.JointReasonsExample
CoreReader.Evidence.heterogeneousReasons : And
  (@CoreReader.Evidence.FacetDischarged Bool CoreReader.Evidence.switchEmpirical)
  (And
    (@CoreReader.Evidence.FacetDischarged Bool
      (@CoreReader.Evidence.Facet.inferential Bool (@CoreReader.Logic.singleton Bool fun w => @Eq.{1} Bool w Bool.true)
        fun w => @Eq.{1} Bool w Bool.true))
    (And
      (@CoreReader.Evidence.FacetDischarged Bool
        (@CoreReader.Evidence.Facet.value Bool CoreReader.Evidence.switchPosition))
      CoreReader.Evidence.JointReasonsExample))
CoreReader.Evidence.zeroRecord : CoreReader.Evidence.Record (Nat → Bool)
CoreReader.Evidence.localGenerator : Nat → Nat → Bool
CoreReader.Evidence.allTrue : CoreReader.Logic.Claim (Nat → Bool)
CoreReader.Evidence.zeroCompatible : ∀ (f : Nat → Bool),
  Iff
    (@CoreReader.Evidence.Compatible (Nat → Bool)
      (@List.cons.{0} (CoreReader.Evidence.Record (Nat → Bool)) CoreReader.Evidence.zeroRecord
        (@List.nil.{0} (CoreReader.Evidence.Record (Nat → Bool))))
      f)
    (@Eq.{1} Bool (f (@OfNat.ofNat.{0} Nat (nat_lit 0) (instOfNatNat (nat_lit 0)))) Bool.true)
CoreReader.Evidence.GeneratingProcess : Type
CoreReader.Evidence.GeneratingProcess.outputRevision : CoreReader.Evidence.GeneratingProcess → Nat → Bool
CoreReader.Evidence.ProducedRevision : Type
CoreReader.Evidence.GeneratingProcess.produce : CoreReader.Evidence.GeneratingProcess →
  CoreReader.Evidence.ProducedRevision
CoreReader.Evidence.sampleGeneratingProcess : CoreReader.Evidence.GeneratingProcess
CoreReader.Evidence.OwnedRevisionExample : Prop
CoreReader.Evidence.ownedRevisionExample : CoreReader.Evidence.OwnedRevisionExample
CoreReader.Evidence.selfOriginDoesNotSupport : And
  (@Eq.{1} Bool
    (CoreReader.Evidence.localGenerator (@OfNat.ofNat.{0} Nat (nat_lit 0) (instOfNatNat (nat_lit 0)))
      (@OfNat.ofNat.{0} Nat (nat_lit 0) (instOfNatNat (nat_lit 0))))
    Bool.true)
  (And
    (@Eq.{1} Bool
      (CoreReader.Evidence.localGenerator (@OfNat.ofNat.{0} Nat (nat_lit 0) (instOfNatNat (nat_lit 0)))
        (@OfNat.ofNat.{0} Nat (nat_lit 1) (instOfNatNat (nat_lit 1))))
      Bool.false)
    (And
      (@CoreReader.Evidence.Compatible (Nat → Bool)
        (@List.cons.{0} (CoreReader.Evidence.Record (Nat → Bool)) CoreReader.Evidence.zeroRecord
          (@List.nil.{0} (CoreReader.Evidence.Record (Nat → Bool))))
        (CoreReader.Evidence.localGenerator (@OfNat.ofNat.{0} Nat (nat_lit 0) (instOfNatNat (nat_lit 0)))))
      (And
        (Not
          (@CoreReader.Evidence.Supports (Nat → Bool)
            (@List.cons.{0} (CoreReader.Evidence.Record (Nat → Bool)) CoreReader.Evidence.zeroRecord
              (@List.nil.{0} (CoreReader.Evidence.Record (Nat → Bool))))
            CoreReader.Evidence.allTrue))
        CoreReader.Evidence.OwnedRevisionExample)))
CoreReader.Evidence.localNotUniversal : And
  (@Exists.{1} Nat fun outside => @Ne.{1} Nat outside (@OfNat.ofNat.{0} Nat (nat_lit 0) (instOfNatNat (nat_lit 0))))
  (And
    (@CoreReader.Evidence.Compatible (Nat → Bool)
      (@List.cons.{0} (CoreReader.Evidence.Record (Nat → Bool)) CoreReader.Evidence.zeroRecord
        (@List.nil.{0} (CoreReader.Evidence.Record (Nat → Bool))))
      fun x => Bool.true)
    (And
      (@CoreReader.Evidence.Compatible (Nat → Bool)
        (@List.cons.{0} (CoreReader.Evidence.Record (Nat → Bool)) CoreReader.Evidence.zeroRecord
          (@List.nil.{0} (CoreReader.Evidence.Record (Nat → Bool))))
        (CoreReader.Evidence.localGenerator (@OfNat.ofNat.{0} Nat (nat_lit 0) (instOfNatNat (nat_lit 0)))))
      (And (CoreReader.Evidence.allTrue fun x => Bool.true)
        (And
          (Not
            (CoreReader.Evidence.allTrue
              (CoreReader.Evidence.localGenerator (@OfNat.ofNat.{0} Nat (nat_lit 0) (instOfNatNat (nat_lit 0))))))
          (Not
            (@CoreReader.Evidence.Supports (Nat → Bool)
              (@List.cons.{0} (CoreReader.Evidence.Record (Nat → Bool)) CoreReader.Evidence.zeroRecord
                (@List.nil.{0} (CoreReader.Evidence.Record (Nat → Bool))))
              CoreReader.Evidence.allTrue))))))
CoreReader.Evidence.hiddenDifference : And
  (∀ (n : Nat),
    @Eq.{1} Nat n (@OfNat.ofNat.{0} Nat (nat_lit 0) (instOfNatNat (nat_lit 0))) →
      @Eq.{1} Bool ((fun x => Bool.true) n)
        (CoreReader.Evidence.localGenerator (@OfNat.ofNat.{0} Nat (nat_lit 0) (instOfNatNat (nat_lit 0))) n))
  (@Ne.{1} Bool ((fun x => Bool.true) (@OfNat.ofNat.{0} Nat (nat_lit 1) (instOfNatNat (nat_lit 1))))
    (CoreReader.Evidence.localGenerator (@OfNat.ofNat.{0} Nat (nat_lit 0) (instOfNatNat (nat_lit 0)))
      (@OfNat.ofNat.{0} Nat (nat_lit 1) (instOfNatNat (nat_lit 1)))))
CoreReader.Evidence.singleObservation : And
  (@Eq.{1} Nat
    (@List.length.{0} (CoreReader.Evidence.Record (Nat → Bool))
      (@List.cons.{0} (CoreReader.Evidence.Record (Nat → Bool)) CoreReader.Evidence.zeroRecord
        (@List.nil.{0} (CoreReader.Evidence.Record (Nat → Bool)))))
    (@OfNat.ofNat.{0} Nat (nat_lit 1) (instOfNatNat (nat_lit 1))))
  (And
    (@Exists.{1} (Nat → Bool) fun f =>
      @CoreReader.Evidence.Compatible (Nat → Bool)
        (@List.cons.{0} (CoreReader.Evidence.Record (Nat → Bool)) CoreReader.Evidence.zeroRecord
          (@List.nil.{0} (CoreReader.Evidence.Record (Nat → Bool))))
        f)
    (And
      (@CoreReader.Evidence.Supports (Nat → Bool)
        (@List.cons.{0} (CoreReader.Evidence.Record (Nat → Bool)) CoreReader.Evidence.zeroRecord
          (@List.nil.{0} (CoreReader.Evidence.Record (Nat → Bool))))
        fun f => @Eq.{1} Bool (f (@OfNat.ofNat.{0} Nat (nat_lit 0) (instOfNatNat (nat_lit 0)))) Bool.true)
      (Not
        (@CoreReader.Evidence.Supports (Nat → Bool)
          (@List.cons.{0} (CoreReader.Evidence.Record (Nat → Bool)) CoreReader.Evidence.zeroRecord
            (@List.nil.{0} (CoreReader.Evidence.Record (Nat → Bool))))
          CoreReader.Evidence.allTrue))))
CoreReader.Evidence.arithmeticFacet : CoreReader.Evidence.Facet Nat
@CoreReader.Evidence.usesObservation : {W : Type} → CoreReader.Evidence.Facet W → Bool
CoreReader.Evidence.noUniversalChain : And
  (@CoreReader.Evidence.FacetDischarged Nat CoreReader.Evidence.arithmeticFacet)
  (@Eq.{1} Bool (@CoreReader.Evidence.usesObservation Nat CoreReader.Evidence.arithmeticFacet) Bool.false)
CoreReader.Evidence.Trial : Type
CoreReader.Evidence.Verified : CoreReader.Evidence.Trial → Prop
CoreReader.Evidence.Reproduced : CoreReader.Evidence.Trial → CoreReader.Evidence.Trial → Prop
CoreReader.Evidence.Bounded : CoreReader.Evidence.Trial → Prop
CoreReader.Evidence.variableOutcomesStableBound : have a :=
  { setting := @OfNat.ofNat.{0} Nat (nat_lit 0) (instOfNatNat (nat_lit 0)),
    actualOutcome := @OfNat.ofNat.{0} Nat (nat_lit 1) (instOfNatNat (nat_lit 1)),
    recordedOutcome := @OfNat.ofNat.{0} Nat (nat_lit 1) (instOfNatNat (nat_lit 1)) };
have b :=
  { setting := @OfNat.ofNat.{0} Nat (nat_lit 0) (instOfNatNat (nat_lit 0)),
    actualOutcome := @OfNat.ofNat.{0} Nat (nat_lit 2) (instOfNatNat (nat_lit 2)),
    recordedOutcome := @OfNat.ofNat.{0} Nat (nat_lit 2) (instOfNatNat (nat_lit 2)) };
And (CoreReader.Evidence.Reproduced a b)
  (And (@Ne.{1} Nat a.actualOutcome b.actualOutcome)
    (And (CoreReader.Evidence.Bounded a) (CoreReader.Evidence.Bounded b)))
CoreReader.Evidence.verificationReproductionStability : And
  (And
    (CoreReader.Evidence.Verified
      { setting := @OfNat.ofNat.{0} Nat (nat_lit 0) (instOfNatNat (nat_lit 0)),
        actualOutcome := @OfNat.ofNat.{0} Nat (nat_lit 1) (instOfNatNat (nat_lit 1)),
        recordedOutcome := @OfNat.ofNat.{0} Nat (nat_lit 1) (instOfNatNat (nat_lit 1)) })
    (And
      (CoreReader.Evidence.Verified
        { setting := @OfNat.ofNat.{0} Nat (nat_lit 1) (instOfNatNat (nat_lit 1)),
          actualOutcome := @OfNat.ofNat.{0} Nat (nat_lit 1) (instOfNatNat (nat_lit 1)),
          recordedOutcome := @OfNat.ofNat.{0} Nat (nat_lit 1) (instOfNatNat (nat_lit 1)) })
      (Not
        (CoreReader.Evidence.Reproduced
          { setting := @OfNat.ofNat.{0} Nat (nat_lit 0) (instOfNatNat (nat_lit 0)),
            actualOutcome := @OfNat.ofNat.{0} Nat (nat_lit 1) (instOfNatNat (nat_lit 1)),
            recordedOutcome := @OfNat.ofNat.{0} Nat (nat_lit 1) (instOfNatNat (nat_lit 1)) }
          { setting := @OfNat.ofNat.{0} Nat (nat_lit 1) (instOfNatNat (nat_lit 1)),
            actualOutcome := @OfNat.ofNat.{0} Nat (nat_lit 1) (instOfNatNat (nat_lit 1)),
            recordedOutcome := @OfNat.ofNat.{0} Nat (nat_lit 1) (instOfNatNat (nat_lit 1)) }))))
  (And
    (And
      (CoreReader.Evidence.Reproduced
        { setting := @OfNat.ofNat.{0} Nat (nat_lit 0) (instOfNatNat (nat_lit 0)),
          actualOutcome := @OfNat.ofNat.{0} Nat (nat_lit 1) (instOfNatNat (nat_lit 1)),
          recordedOutcome := @OfNat.ofNat.{0} Nat (nat_lit 1) (instOfNatNat (nat_lit 1)) }
        { setting := @OfNat.ofNat.{0} Nat (nat_lit 0) (instOfNatNat (nat_lit 0)),
          actualOutcome := @OfNat.ofNat.{0} Nat (nat_lit 3) (instOfNatNat (nat_lit 3)),
          recordedOutcome := @OfNat.ofNat.{0} Nat (nat_lit 2) (instOfNatNat (nat_lit 2)) })
      (And
        (Not
          (CoreReader.Evidence.Verified
            { setting := @OfNat.ofNat.{0} Nat (nat_lit 0) (instOfNatNat (nat_lit 0)),
              actualOutcome := @OfNat.ofNat.{0} Nat (nat_lit 3) (instOfNatNat (nat_lit 3)),
              recordedOutcome := @OfNat.ofNat.{0} Nat (nat_lit 2) (instOfNatNat (nat_lit 2)) }))
        (Not
          (CoreReader.Evidence.Bounded
            { setting := @OfNat.ofNat.{0} Nat (nat_lit 0) (instOfNatNat (nat_lit 0)),
              actualOutcome := @OfNat.ofNat.{0} Nat (nat_lit 3) (instOfNatNat (nat_lit 3)),
              recordedOutcome := @OfNat.ofNat.{0} Nat (nat_lit 2) (instOfNatNat (nat_lit 2)) }))))
    (And
      (CoreReader.Evidence.Bounded
        { setting := @OfNat.ofNat.{0} Nat (nat_lit 0) (instOfNatNat (nat_lit 0)),
          actualOutcome := @OfNat.ofNat.{0} Nat (nat_lit 1) (instOfNatNat (nat_lit 1)),
          recordedOutcome := @OfNat.ofNat.{0} Nat (nat_lit 1) (instOfNatNat (nat_lit 1)) })
      (And
        (CoreReader.Evidence.Bounded
          { setting := @OfNat.ofNat.{0} Nat (nat_lit 0) (instOfNatNat (nat_lit 0)),
            actualOutcome := @OfNat.ofNat.{0} Nat (nat_lit 2) (instOfNatNat (nat_lit 2)),
            recordedOutcome := @OfNat.ofNat.{0} Nat (nat_lit 0) (instOfNatNat (nat_lit 0)) })
        (Not
          (CoreReader.Evidence.Verified
            { setting := @OfNat.ofNat.{0} Nat (nat_lit 0) (instOfNatNat (nat_lit 0)),
              actualOutcome := @OfNat.ofNat.{0} Nat (nat_lit 2) (instOfNatNat (nat_lit 2)),
              recordedOutcome := @OfNat.ofNat.{0} Nat (nat_lit 0) (instOfNatNat (nat_lit 0)) })))))
CoreReader.Evidence.Program : Type
CoreReader.Evidence.Program.eval : CoreReader.Evidence.Program → Nat → Nat
CoreReader.Evidence.Process : Type
CoreReader.Evidence.OutputContract : CoreReader.Evidence.Process → Prop
CoreReader.Evidence.ExplanationContract : CoreReader.Evidence.Process → Prop
CoreReader.Evidence.outputOnlyProcess : CoreReader.Evidence.Process
CoreReader.Evidence.explainedProcess : CoreReader.Evidence.Process
CoreReader.Evidence.processScope : CoreReader.Evidence.Process → CoreReader.Logic.Theory CoreReader.Evidence.Process
CoreReader.Evidence.processContractFacet : CoreReader.Evidence.Process →
  CoreReader.Logic.Claim CoreReader.Evidence.Process → CoreReader.Evidence.Facet CoreReader.Evidence.Process
CoreReader.Evidence.processScopeModels : ∀ (assessed candidate : CoreReader.Evidence.Process),
  Iff (@CoreReader.Logic.Models CoreReader.Evidence.Process (CoreReader.Evidence.processScope assessed) candidate)
    (@Eq.{1} CoreReader.Evidence.Process candidate assessed)
CoreReader.Evidence.processContractDischarged : ∀ (assessed : CoreReader.Evidence.Process)
  (contract : CoreReader.Logic.Claim CoreReader.Evidence.Process),
  contract assessed →
    @CoreReader.Evidence.FacetDischarged CoreReader.Evidence.Process
      (CoreReader.Evidence.processContractFacet assessed contract)
CoreReader.Evidence.ProcessGrounds : CoreReader.Evidence.Process →
  CoreReader.Logic.Claim CoreReader.Evidence.Process → Prop
CoreReader.Evidence.processGrounds : ∀ (assessed : CoreReader.Evidence.Process)
  (contract : CoreReader.Logic.Claim CoreReader.Evidence.Process),
  contract assessed → CoreReader.Evidence.ProcessGrounds assessed contract
CoreReader.Evidence.outputCorrectByEvaluation : CoreReader.Evidence.OutputContract CoreReader.Evidence.outputOnlyProcess
CoreReader.Evidence.outputOnlyNoExplanation : Not
  (CoreReader.Evidence.ExplanationContract CoreReader.Evidence.outputOnlyProcess)
CoreReader.Evidence.FullProcessContract : CoreReader.Evidence.Process → Prop
CoreReader.Evidence.OutputContractEvidence : Prop
CoreReader.Evidence.outputContractEvidence : CoreReader.Evidence.OutputContractEvidence
CoreReader.Evidence.ScopedApplicationEvidence : Prop
CoreReader.Evidence.scopedApplicationEvidence : CoreReader.Evidence.ScopedApplicationEvidence
CoreReader.Evidence.outputNotExplanation : And
  (CoreReader.Evidence.OutputContract CoreReader.Evidence.outputOnlyProcess)
  (And (Not (CoreReader.Evidence.ExplanationContract CoreReader.Evidence.outputOnlyProcess))
    CoreReader.Evidence.OutputContractEvidence)
CoreReader.Evidence.applicationContractsDiffer : And
  (And (CoreReader.Evidence.OutputContract CoreReader.Evidence.outputOnlyProcess)
    (Not
      (And (CoreReader.Evidence.OutputContract CoreReader.Evidence.outputOnlyProcess)
        (CoreReader.Evidence.ExplanationContract CoreReader.Evidence.outputOnlyProcess))))
  (And
    (And (CoreReader.Evidence.OutputContract CoreReader.Evidence.explainedProcess)
      (CoreReader.Evidence.ExplanationContract CoreReader.Evidence.explainedProcess))
    CoreReader.Evidence.ScopedApplicationEvidence)
CoreReader.Evidence.ExternalCertificate : CoreReader.Evidence.Process → Type
CoreReader.Evidence.externalOutputCertificate : CoreReader.Evidence.ExternalCertificate
  CoreReader.Evidence.outputOnlyProcess
CoreReader.Evidence.externalAssessment : And
  (@Exists.{1} (CoreReader.Evidence.ExternalCertificate CoreReader.Evidence.outputOnlyProcess) fun certificate =>
    And
      (@Eq.{1} Nat
        (@CoreReader.Evidence.ExternalCertificate.assessorId CoreReader.Evidence.outputOnlyProcess certificate)
        (@OfNat.ofNat.{0} Nat (nat_lit 42) (instOfNatNat (nat_lit 42))))
      (And
        (@Eq.{1} Nat
          (@CoreReader.Evidence.ExternalCertificate.assessedId CoreReader.Evidence.outputOnlyProcess certificate)
          (@OfNat.ofNat.{0} Nat (nat_lit 7) (instOfNatNat (nat_lit 7))))
        (And
          (@Ne.{1} Nat
            (@CoreReader.Evidence.ExternalCertificate.assessorId CoreReader.Evidence.outputOnlyProcess certificate)
            (@CoreReader.Evidence.ExternalCertificate.assessedId CoreReader.Evidence.outputOnlyProcess certificate))
          (CoreReader.Evidence.OutputContract CoreReader.Evidence.outputOnlyProcess))))
  (And (CoreReader.Evidence.ProcessGrounds CoreReader.Evidence.outputOnlyProcess CoreReader.Evidence.OutputContract)
    (Not (CoreReader.Evidence.ExplanationContract CoreReader.Evidence.outputOnlyProcess)))
CoreReader.Evidence.arithmeticArticulation : CoreReader.Evidence.Articulation Nat
CoreReader.Evidence.nonExecutableAssessment : And
  (@CoreReader.Evidence.Grounds Nat
    (fun n =>
      @Eq.{1} Nat
        (@HAdd.hAdd.{0, 0, 0} Nat Nat Nat (@instHAdd.{0} Nat instAddNat) n
          (@OfNat.ofNat.{0} Nat (nat_lit 1) (instOfNatNat (nat_lit 1))))
        (@OfNat.ofNat.{0} Nat (nat_lit 3) (instOfNatNat (nat_lit 3))))
    (@CoreReader.Evidence.canonicalArticulation Nat)
    (fun f => @Eq.{2} (CoreReader.Evidence.Facet Nat) f CoreReader.Evidence.arithmeticFacet)
    (@List.cons.{1} (CoreReader.Evidence.Facet Nat) CoreReader.Evidence.arithmeticFacet
      (@List.nil.{1} (CoreReader.Evidence.Facet Nat))))
  (And (@Eq.{1} Bool (@CoreReader.Evidence.usesObservation Nat CoreReader.Evidence.arithmeticFacet) Bool.false)
    (And (@CoreReader.Evidence.FacetDischarged Bool CoreReader.Evidence.switchEmpirical)
      (@Eq.{1} Bool (@CoreReader.Evidence.usesObservation Bool CoreReader.Evidence.switchEmpirical) Bool.true)))
@CoreReader.Integration.canonicalGrounds : ∀ {W : Type} (claim : CoreReader.Logic.Claim W)
  (facets : List.{1} (CoreReader.Evidence.Facet W)),
  @Ne.{2} (List.{1} (CoreReader.Evidence.Facet W)) facets (@List.nil.{1} (CoreReader.Evidence.Facet W)) →
    (∀ (f : CoreReader.Evidence.Facet W),
        @Membership.mem.{1, 1} (CoreReader.Evidence.Facet W) (List.{1} (CoreReader.Evidence.Facet W))
            (@List.instMembership.{1} (CoreReader.Evidence.Facet W)) facets f →
          And (@Eq.{1} (CoreReader.Logic.Claim W) (@CoreReader.Evidence.Facet.claim W f) claim)
            (@CoreReader.Evidence.FacetDischarged W f)) →
      @CoreReader.Evidence.Grounds W claim (@CoreReader.Evidence.canonicalArticulation W)
        (fun f =>
          @Membership.mem.{1, 1} (CoreReader.Evidence.Facet W) (List.{1} (CoreReader.Evidence.Facet W))
            (@List.instMembership.{1} (CoreReader.Evidence.Facet W)) facets f)
        facets
@CoreReader.Integration.canonicalGroundsForSingleton : ∀ {W : Type} (f : CoreReader.Evidence.Facet W),
  @CoreReader.Evidence.FacetDischarged W f →
    @CoreReader.Evidence.Grounds W (@CoreReader.Evidence.Facet.claim W f) (@CoreReader.Evidence.canonicalArticulation W)
      (fun g => @Eq.{2} (CoreReader.Evidence.Facet W) g f)
      (@List.cons.{1} (CoreReader.Evidence.Facet W) f (@List.nil.{1} (CoreReader.Evidence.Facet W)))
CoreReader.Integration.Mode : Type
CoreReader.Integration.World : Type
CoreReader.Integration.actual : CoreReader.Integration.World
CoreReader.Integration.Method : Type
CoreReader.Integration.System : Type
CoreReader.Integration.policyFor : CoreReader.Integration.Mode → CoreReader.Agency.Policy
CoreReader.Integration.workFor : Nat → CoreReader.Integration.Mode → List.{0} CoreReader.Agency.WorkRecord
CoreReader.Integration.System.policy : CoreReader.Integration.System →
  CoreReader.Integration.World → CoreReader.Agency.Policy
CoreReader.Integration.System.rules : CoreReader.Integration.System →
  CoreReader.Integration.World → List.{0} CoreReader.Agency.Principle
CoreReader.Integration.System.work : CoreReader.Integration.System →
  CoreReader.Integration.World → List.{0} CoreReader.Agency.WorkRecord
CoreReader.Integration.actualSystem : CoreReader.Integration.System
CoreReader.Integration.systemCapability : CoreReader.Integration.System →
  CoreReader.Logic.Claim CoreReader.Integration.World
CoreReader.Integration.systemBudget : CoreReader.Integration.System →
  CoreReader.Logic.Claim CoreReader.Integration.World
CoreReader.Integration.systemObservation : CoreReader.Integration.System →
  CoreReader.Evidence.Record CoreReader.Integration.World
CoreReader.Integration.systemHeld : CoreReader.Integration.System → CoreReader.Logic.Theory CoreReader.Integration.World
CoreReader.Integration.Question : Type
CoreReader.Integration.systemContext : CoreReader.Integration.System →
  CoreReader.Logic.Context CoreReader.Integration.World CoreReader.Integration.Question
CoreReader.Integration.capability : CoreReader.Logic.Claim CoreReader.Integration.World
CoreReader.Integration.observation : CoreReader.Evidence.Record CoreReader.Integration.World
CoreReader.Integration.held : CoreReader.Logic.Theory CoreReader.Integration.World
CoreReader.Integration.context : CoreReader.Logic.Context CoreReader.Integration.World CoreReader.Integration.Question
CoreReader.Integration.observationIdentifies : ∀ (w : CoreReader.Integration.World),
  Iff
    (@CoreReader.Evidence.Compatible CoreReader.Integration.World
      (@List.cons.{0} (CoreReader.Evidence.Record CoreReader.Integration.World) CoreReader.Integration.observation
        (@List.nil.{0} (CoreReader.Evidence.Record CoreReader.Integration.World)))
      w)
    (@Eq.{1} CoreReader.Choice.Candidate (@Prod.fst.{0, 0} CoreReader.Choice.Candidate CoreReader.Integration.Mode w)
      CoreReader.Choice.Candidate.identity)
CoreReader.Integration.capabilityActual : CoreReader.Integration.capability CoreReader.Integration.actual
CoreReader.Integration.observedCapability : @CoreReader.Evidence.Supports CoreReader.Integration.World
  (@List.cons.{0} (CoreReader.Evidence.Record CoreReader.Integration.World) CoreReader.Integration.observation
    (@List.nil.{0} (CoreReader.Evidence.Record CoreReader.Integration.World)))
  CoreReader.Integration.capability
CoreReader.Integration.capabilityFacet : CoreReader.Evidence.Facet CoreReader.Integration.World
CoreReader.Integration.capabilityFacetChecked : @CoreReader.Evidence.FacetDischarged CoreReader.Integration.World
  CoreReader.Integration.capabilityFacet
CoreReader.Integration.capabilityGrounds : @CoreReader.Evidence.Grounds CoreReader.Integration.World
  CoreReader.Integration.capability (@CoreReader.Evidence.canonicalArticulation CoreReader.Integration.World)
  (fun f => @Eq.{2} (CoreReader.Evidence.Facet CoreReader.Integration.World) f CoreReader.Integration.capabilityFacet)
  (@List.cons.{1} (CoreReader.Evidence.Facet CoreReader.Integration.World) CoreReader.Integration.capabilityFacet
    (@List.nil.{1} (CoreReader.Evidence.Facet CoreReader.Integration.World)))
CoreReader.Integration.actualAdmissible : @CoreReader.Logic.Admissible CoreReader.Integration.World
  CoreReader.Integration.Question CoreReader.Integration.held CoreReader.Integration.context
  CoreReader.Integration.actual
CoreReader.Integration.jointConsistent : @CoreReader.Logic.Consistent CoreReader.Integration.World
  CoreReader.Integration.Question CoreReader.Integration.held CoreReader.Integration.context
CoreReader.Integration.Charter : CoreReader.Integration.System → CoreReader.Integration.World → Prop
CoreReader.Integration.charterChecked : CoreReader.Integration.Charter CoreReader.Integration.actualSystem
  CoreReader.Integration.actual
CoreReader.Integration.revisedHeld : CoreReader.Logic.Theory CoreReader.Integration.World
CoreReader.Integration.initialSnapshot : CoreReader.Logic.Snapshot CoreReader.Integration.World
  CoreReader.Integration.Question
CoreReader.Integration.revisedSnapshot : CoreReader.Logic.Snapshot CoreReader.Integration.World
  CoreReader.Integration.Question
CoreReader.Integration.revisionKeepsConsistency : And
  (CoreReader.Integration.Charter CoreReader.Integration.actualSystem CoreReader.Integration.actual)
  (And
    (@CoreReader.Logic.Consistent CoreReader.Integration.World CoreReader.Integration.Question
      CoreReader.Integration.revisedHeld CoreReader.Integration.context)
    (And
      (@CoreReader.Logic.TruthfulReport CoreReader.Integration.World CoreReader.Integration.Question
        CoreReader.Integration.initialSnapshot CoreReader.Integration.revisedSnapshot Bool.true)
      (Not
        (@CoreReader.Logic.TruthfulReport CoreReader.Integration.World CoreReader.Integration.Question
          CoreReader.Integration.initialSnapshot CoreReader.Integration.revisedSnapshot Bool.false))))
CoreReader.Integration.OwnCapabilityDuty : CoreReader.Integration.System →
  CoreReader.Integration.World → List.{1} (CoreReader.Evidence.Facet CoreReader.Integration.World) → Prop
CoreReader.Integration.ownCapabilityGrounded : And
  (CoreReader.Integration.OwnCapabilityDuty CoreReader.Integration.actualSystem CoreReader.Integration.actual
    (@List.cons.{1} (CoreReader.Evidence.Facet CoreReader.Integration.World) CoreReader.Integration.capabilityFacet
      (@List.nil.{1} (CoreReader.Evidence.Facet CoreReader.Integration.World))))
  (CoreReader.Integration.capability CoreReader.Integration.actual)
CoreReader.Integration.costAllowanceRecord : CoreReader.Evidence.Record CoreReader.Integration.World
CoreReader.Integration.unsupportedCapabilityFacet : CoreReader.Evidence.Facet CoreReader.Integration.World
CoreReader.Integration.costCompatibleWithFailure : @CoreReader.Evidence.Compatible CoreReader.Integration.World
  (@List.cons.{0} (CoreReader.Evidence.Record CoreReader.Integration.World) CoreReader.Integration.costAllowanceRecord
    (@List.nil.{0} (CoreReader.Evidence.Record CoreReader.Integration.World)))
  (@Prod.mk.{0, 0} CoreReader.Choice.Candidate CoreReader.Integration.Mode CoreReader.Choice.Candidate.successor
    CoreReader.Integration.Mode.apply)
CoreReader.Integration.costDoesNotSupportOutput : Not
  (@CoreReader.Evidence.Supports CoreReader.Integration.World
    (@List.cons.{0} (CoreReader.Evidence.Record CoreReader.Integration.World) CoreReader.Integration.costAllowanceRecord
      (@List.nil.{0} (CoreReader.Evidence.Record CoreReader.Integration.World)))
    CoreReader.Integration.capability)
CoreReader.Integration.unsupportedGrounds : Not
  (@CoreReader.Evidence.Grounds CoreReader.Integration.World CoreReader.Integration.capability
    (@CoreReader.Evidence.canonicalArticulation CoreReader.Integration.World)
    (fun f =>
      @Eq.{2} (CoreReader.Evidence.Facet CoreReader.Integration.World) f
        CoreReader.Integration.unsupportedCapabilityFacet)
    (@List.cons.{1} (CoreReader.Evidence.Facet CoreReader.Integration.World)
      CoreReader.Integration.unsupportedCapabilityFacet
      (@List.nil.{1} (CoreReader.Evidence.Facet CoreReader.Integration.World))))
CoreReader.Integration.Commitment : Type
CoreReader.Integration.groundsPermission : CoreReader.Integration.Mode →
  CoreReader.Logic.Claim CoreReader.Integration.World →
    (CoreReader.Evidence.Facet CoreReader.Integration.World →
        CoreReader.Evidence.Articulation CoreReader.Integration.World) →
      (CoreReader.Evidence.Facet CoreReader.Integration.World → Prop) →
        List.{1} (CoreReader.Evidence.Facet CoreReader.Integration.World) → Prop
CoreReader.Integration.GroundsProvision : CoreReader.Integration.Mode → Prop
CoreReader.Integration.groundsProvisionMeaning : ∀ (mode : CoreReader.Integration.Mode),
  Iff (CoreReader.Integration.GroundsProvision mode)
    (@Eq.{1} CoreReader.Integration.Mode mode CoreReader.Integration.Mode.apply)
CoreReader.Integration.consistencyPermission : CoreReader.Integration.Mode →
  CoreReader.Logic.Theory CoreReader.Integration.World →
    CoreReader.Logic.Context CoreReader.Integration.World CoreReader.Integration.Question → Prop
CoreReader.Integration.conflictingHeld : CoreReader.Logic.Theory CoreReader.Integration.World
CoreReader.Integration.conflictConsequences : And
  (@CoreReader.Logic.Consequence CoreReader.Integration.World CoreReader.Integration.Question
    CoreReader.Integration.conflictingHeld CoreReader.Integration.context CoreReader.Integration.Question.correctOutput
    Bool.true)
  (@CoreReader.Logic.Consequence CoreReader.Integration.World CoreReader.Integration.Question
    CoreReader.Integration.conflictingHeld CoreReader.Integration.context CoreReader.Integration.Question.correctOutput
    Bool.false)
CoreReader.Integration.conflictingHeldInconsistent : Not
  (@CoreReader.Logic.Consistent CoreReader.Integration.World CoreReader.Integration.Question
    CoreReader.Integration.conflictingHeld CoreReader.Integration.context)
CoreReader.Integration.choicePermission : CoreReader.Integration.Mode →
  CoreReader.Choice.Requirements → CoreReader.Choice.Implementation → List.{0} CoreReader.Choice.Reason → Prop
CoreReader.Integration.proposedOperation : CoreReader.Integration.Mode → CoreReader.Agency.Operation
CoreReader.Integration.selfSamples : CoreReader.Integration.Mode → List.{0} Nat
CoreReader.Integration.conflictDecision : CoreReader.Integration.Mode → Bool
CoreReader.Integration.groundsDecision : CoreReader.Integration.Mode →
  CoreReader.Evidence.Facet CoreReader.Integration.World → Bool
CoreReader.Integration.choiceDecision : CoreReader.Integration.Mode →
  CoreReader.Choice.Implementation → List.{0} CoreReader.Choice.Reason → Bool
CoreReader.Integration.decisionsApply : And
  (@Eq.{1} Bool (CoreReader.Integration.conflictDecision CoreReader.Integration.Mode.apply) Bool.false)
  (And
    (@Eq.{1} Bool
      (CoreReader.Integration.groundsDecision CoreReader.Integration.Mode.apply
        CoreReader.Integration.unsupportedCapabilityFacet)
      Bool.false)
    (And
      (@Eq.{1} Bool
        (CoreReader.Integration.groundsDecision CoreReader.Integration.Mode.apply
          CoreReader.Integration.capabilityFacet)
        Bool.true)
      (And
        (@Eq.{1} Bool
          (CoreReader.Integration.choiceDecision CoreReader.Integration.Mode.apply CoreReader.Choice.cheapSuccessor
            (@List.cons.{0} CoreReader.Choice.Reason
              (CoreReader.Choice.Reason.method CoreReader.Choice.MethodReason.simplicity)
              (@List.nil.{0} CoreReader.Choice.Reason)))
          Bool.false)
        (@Eq.{1} Bool
          (CoreReader.Integration.choiceDecision CoreReader.Integration.Mode.apply CoreReader.Choice.identityImpl
            CoreReader.Choice.objectiveReason)
          Bool.true))))
CoreReader.Integration.decisionsWaive : And
  (@Eq.{1} Bool (CoreReader.Integration.conflictDecision CoreReader.Integration.Mode.waive) Bool.true)
  (And
    (@Eq.{1} Bool
      (CoreReader.Integration.groundsDecision CoreReader.Integration.Mode.waive
        CoreReader.Integration.unsupportedCapabilityFacet)
      Bool.true)
    (@Eq.{1} Bool
      (CoreReader.Integration.choiceDecision CoreReader.Integration.Mode.waive CoreReader.Choice.cheapSuccessor
        (@List.cons.{0} CoreReader.Choice.Reason
          (CoreReader.Choice.Reason.method CoreReader.Choice.MethodReason.simplicity)
          (@List.nil.{0} CoreReader.Choice.Reason)))
      Bool.true))
CoreReader.Integration.commitmentPositionFor : CoreReader.Integration.Commitment →
  CoreReader.Integration.Mode → CoreReader.Evidence.ValuePosition CoreReader.Integration.World
CoreReader.Integration.commitmentPosition : CoreReader.Integration.Commitment →
  CoreReader.Evidence.ValuePosition CoreReader.Integration.World
CoreReader.Integration.positionReasons : ∀ (c : CoreReader.Integration.Commitment)
  (r :
    CoreReader.Integration.World →
      @CoreReader.Evidence.ValuePosition.Position CoreReader.Integration.World
          (CoreReader.Integration.commitmentPosition c) →
        Prop),
  @Membership.mem.{0, 0}
      (CoreReader.Integration.World →
        @CoreReader.Evidence.ValuePosition.Position CoreReader.Integration.World
            (CoreReader.Integration.commitmentPosition c) →
          Prop)
      (List.{0}
        (CoreReader.Integration.World →
          @CoreReader.Evidence.ValuePosition.Position CoreReader.Integration.World
              (CoreReader.Integration.commitmentPosition c) →
            Prop))
      (@List.instMembership.{0}
        (CoreReader.Integration.World →
          @CoreReader.Evidence.ValuePosition.Position CoreReader.Integration.World
              (CoreReader.Integration.commitmentPosition c) →
            Prop))
      (@CoreReader.Evidence.ValuePosition.reasons CoreReader.Integration.World
        (CoreReader.Integration.commitmentPosition c))
      r →
    r CoreReader.Integration.actual
      (@CoreReader.Evidence.ValuePosition.adopted CoreReader.Integration.World
        (CoreReader.Integration.commitmentPosition c))
CoreReader.Integration.positionConsequence : ∀ (c : CoreReader.Integration.Commitment)
  (w : CoreReader.Integration.World),
  @CoreReader.Evidence.ValuePosition.consequence CoreReader.Integration.World
    (CoreReader.Integration.commitmentPosition c) w
CoreReader.Integration.positionProcedure : ∀ (c : CoreReader.Integration.Commitment),
  @CoreReader.Evidence.ValueProcedure CoreReader.Integration.World (CoreReader.Integration.commitmentPosition c)
CoreReader.Integration.criticismWithinScope : ∀ (c : CoreReader.Integration.Commitment),
  And
    (@CoreReader.Evidence.ValuePosition.limits CoreReader.Integration.World
      (CoreReader.Integration.commitmentPosition c) CoreReader.Integration.actual)
    (@CoreReader.Evidence.ValuePosition.relevantCriticism CoreReader.Integration.World
      (CoreReader.Integration.commitmentPosition c) CoreReader.Integration.actual)
CoreReader.Integration.oppositeConsequenceFails : ∀ (c : CoreReader.Integration.Commitment)
  (w : CoreReader.Integration.World),
  Not
    (@CoreReader.Evidence.ValuePosition.consequence CoreReader.Integration.World
      (CoreReader.Integration.commitmentPositionFor c CoreReader.Integration.Mode.waive) w)
CoreReader.Integration.oppositeProcedureRejected : ∀ (c : CoreReader.Integration.Commitment),
  Not
    (@CoreReader.Evidence.ValueProcedure CoreReader.Integration.World
      (CoreReader.Integration.commitmentPositionFor c CoreReader.Integration.Mode.waive))
CoreReader.Integration.commitmentClaim : CoreReader.Integration.Commitment →
  CoreReader.Logic.Claim CoreReader.Integration.World
CoreReader.Integration.commitmentFacet : CoreReader.Integration.Commitment →
  CoreReader.Evidence.Facet CoreReader.Integration.World
CoreReader.Integration.reasonsBelongToCommitments : ∀ (c : CoreReader.Integration.Commitment),
  And
    (@CoreReader.Evidence.Grounds CoreReader.Integration.World (CoreReader.Integration.commitmentClaim c)
      (@CoreReader.Evidence.canonicalArticulation CoreReader.Integration.World)
      (fun f =>
        @Eq.{2} (CoreReader.Evidence.Facet CoreReader.Integration.World) f (CoreReader.Integration.commitmentFacet c))
      (@List.cons.{1} (CoreReader.Evidence.Facet CoreReader.Integration.World)
        (CoreReader.Integration.commitmentFacet c)
        (@List.nil.{1} (CoreReader.Evidence.Facet CoreReader.Integration.World))))
    (And (@CoreReader.Evidence.JointAdoption CoreReader.Integration.World (CoreReader.Integration.commitmentPosition c))
      (And
        (@CoreReader.Evidence.ValuePosition.relevantCriticism CoreReader.Integration.World
          (CoreReader.Integration.commitmentPosition c) CoreReader.Integration.actual)
        (Not
          (@CoreReader.Evidence.ValueProcedure CoreReader.Integration.World
            (CoreReader.Integration.commitmentPositionFor c CoreReader.Integration.Mode.waive)))))
CoreReader.Integration.groundsCommitmentIsProvision : @Eq.{1} (CoreReader.Logic.Claim CoreReader.Integration.World)
  (CoreReader.Integration.commitmentClaim CoreReader.Integration.Commitment.grounds) fun w =>
  CoreReader.Integration.GroundsProvision (@Prod.snd.{0, 0} CoreReader.Choice.Candidate CoreReader.Integration.Mode w)
CoreReader.Integration.groundsSelfAssessment : And
  (@CoreReader.Evidence.Grounds CoreReader.Integration.World
    (fun w =>
      CoreReader.Integration.GroundsProvision
        (@Prod.snd.{0, 0} CoreReader.Choice.Candidate CoreReader.Integration.Mode w))
    (@CoreReader.Evidence.canonicalArticulation CoreReader.Integration.World)
    (fun f =>
      @Eq.{2} (CoreReader.Evidence.Facet CoreReader.Integration.World) f
        (CoreReader.Integration.commitmentFacet CoreReader.Integration.Commitment.grounds))
    (@List.cons.{1} (CoreReader.Evidence.Facet CoreReader.Integration.World)
      (CoreReader.Integration.commitmentFacet CoreReader.Integration.Commitment.grounds)
      (@List.nil.{1} (CoreReader.Evidence.Facet CoreReader.Integration.World))))
  (And
    (@CoreReader.Evidence.ValuePosition.limits CoreReader.Integration.World
      (CoreReader.Integration.commitmentPosition CoreReader.Integration.Commitment.grounds)
      CoreReader.Integration.actual)
    (And
      (@CoreReader.Evidence.ValuePosition.relevantCriticism CoreReader.Integration.World
        (CoreReader.Integration.commitmentPosition CoreReader.Integration.Commitment.grounds)
        CoreReader.Integration.actual)
      (Not
        (@CoreReader.Evidence.ValueProcedure CoreReader.Integration.World
          (CoreReader.Integration.commitmentPositionFor CoreReader.Integration.Commitment.grounds
            CoreReader.Integration.Mode.waive)))))
CoreReader.Integration.PhilosophyMethod : Type
CoreReader.Integration.currentPhilosophy : CoreReader.Integration.System →
  CoreReader.Integration.World → CoreReader.Integration.PhilosophyMethod
CoreReader.Integration.PhilosophyMethod.review : CoreReader.Integration.PhilosophyMethod → Nat → Nat
CoreReader.Integration.PhilosophyMethod.implementation : CoreReader.Integration.PhilosophyMethod →
  CoreReader.Choice.Implementation
CoreReader.Integration.proposalRequirements : CoreReader.Choice.Requirements
CoreReader.Integration.currentReviewCorrect : ∀ (n : Nat),
  CoreReader.Integration.proposalRequirements.inputs n →
    @Eq.{1} Nat
      ((CoreReader.Integration.currentPhilosophy CoreReader.Integration.actualSystem
            CoreReader.Integration.actual).review
        n)
      (CoreReader.Integration.proposalRequirements.expected n)
CoreReader.Integration.existingPhilosophyNotPrivileged : And
  (@Eq.{1} CoreReader.Agency.Form
    (CoreReader.Integration.currentPhilosophy CoreReader.Integration.actualSystem CoreReader.Integration.actual).form
    CoreReader.Integration.actualSystem.principleForm)
  (And
    (@Eq.{1} CoreReader.Integration.Mode
      (CoreReader.Integration.currentPhilosophy CoreReader.Integration.actualSystem CoreReader.Integration.actual).mode
      (CoreReader.Integration.actualSystem.governance CoreReader.Integration.actual))
    (And
      (Not
        (CoreReader.Choice.JustifiedChoice CoreReader.Integration.proposalRequirements
          (CoreReader.Integration.currentPhilosophy CoreReader.Integration.actualSystem
              CoreReader.Integration.actual).implementation
          (@List.cons.{0} CoreReader.Choice.Reason
            (CoreReader.Choice.Reason.status CoreReader.Choice.StatusKind.standing)
            (@List.nil.{0} CoreReader.Choice.Reason))))
      (And
        (CoreReader.Choice.JustifiedChoice CoreReader.Integration.proposalRequirements
          (CoreReader.Integration.currentPhilosophy CoreReader.Integration.actualSystem
              CoreReader.Integration.actual).implementation
          (@List.cons.{0} CoreReader.Choice.Reason
            (CoreReader.Choice.Reason.method CoreReader.Choice.MethodReason.output)
            (@List.nil.{0} CoreReader.Choice.Reason)))
        (And
          (@Eq.{1} Nat
            ((CoreReader.Integration.currentPhilosophy CoreReader.Integration.actualSystem
                  CoreReader.Integration.actual).review
              (@OfNat.ofNat.{0} Nat (nat_lit 0) (instOfNatNat (nat_lit 0))))
            (@OfNat.ofNat.{0} Nat (nat_lit 1) (instOfNatNat (nat_lit 1))))
          (@Eq.{1} Nat
            ((CoreReader.Integration.currentPhilosophy CoreReader.Integration.actualSystem
                  CoreReader.Integration.actual).review
              (@OfNat.ofNat.{0} Nat (nat_lit 1) (instOfNatNat (nat_lit 1))))
            (@OfNat.ofNat.{0} Nat (nat_lit 0) (instOfNatNat (nat_lit 0))))))))
CoreReader.Integration.applicationClaim : CoreReader.Integration.System →
  CoreReader.Choice.Requirements →
    (CoreReader.Choice.Requirements → CoreReader.Choice.Implementation → Prop) →
      CoreReader.Logic.Claim CoreReader.Integration.World
CoreReader.Integration.ApplicationDuties : CoreReader.Integration.System →
  CoreReader.Integration.World →
    CoreReader.Choice.Requirements →
      (CoreReader.Choice.Requirements → CoreReader.Choice.Implementation → Prop) →
        (CoreReader.Evidence.Facet CoreReader.Integration.World →
            CoreReader.Evidence.Articulation CoreReader.Integration.World) →
          (CoreReader.Evidence.Facet CoreReader.Integration.World → Prop) →
            List.{1} (CoreReader.Evidence.Facet CoreReader.Integration.World) → Prop
CoreReader.Integration.applicationRetainsDuties : ∀ (s : CoreReader.Integration.System)
  (w : CoreReader.Integration.World) (req : CoreReader.Choice.Requirements)
  (contract : CoreReader.Choice.Requirements → CoreReader.Choice.Implementation → Prop)
  (articulations :
    CoreReader.Evidence.Facet CoreReader.Integration.World →
      CoreReader.Evidence.Articulation CoreReader.Integration.World)
  (applicable : CoreReader.Evidence.Facet CoreReader.Integration.World → Prop)
  (facets : List.{1} (CoreReader.Evidence.Facet CoreReader.Integration.World)),
  CoreReader.Integration.ApplicationDuties s w req contract articulations applicable facets →
    And (CoreReader.Agency.Reflexive s.owner (s.rules w) (s.work w))
      (And
        (∀ (f : CoreReader.Evidence.Facet CoreReader.Integration.World),
          applicable f →
            @Membership.mem.{1, 1} (CoreReader.Evidence.Facet CoreReader.Integration.World)
              (List.{1} (CoreReader.Evidence.Facet CoreReader.Integration.World))
              (@List.instMembership.{1} (CoreReader.Evidence.Facet CoreReader.Integration.World)) facets f)
        (∀ (f : CoreReader.Evidence.Facet CoreReader.Integration.World),
          @Membership.mem.{1, 1} (CoreReader.Evidence.Facet CoreReader.Integration.World)
              (List.{1} (CoreReader.Evidence.Facet CoreReader.Integration.World))
              (@List.instMembership.{1} (CoreReader.Evidence.Facet CoreReader.Integration.World)) facets f →
            And
              (@Eq.{1} (CoreReader.Logic.Claim CoreReader.Integration.World)
                (@CoreReader.Evidence.Facet.claim CoreReader.Integration.World f)
                (CoreReader.Integration.applicationClaim s req contract))
              (And (@CoreReader.Evidence.Articulated CoreReader.Integration.World (articulations f))
                (And (@CoreReader.Evidence.FacetArticulated CoreReader.Integration.World (articulations f) f)
                  (@CoreReader.Evidence.FacetDischarged CoreReader.Integration.World f)))))
CoreReader.Integration.outputContract : CoreReader.Choice.Requirements → CoreReader.Choice.Implementation → Prop
CoreReader.Integration.successorRequirements : CoreReader.Choice.Requirements
CoreReader.Integration.changedObjectiveFacet : CoreReader.Evidence.Facet CoreReader.Integration.World
CoreReader.Integration.applicationVariation : And
  (CoreReader.Integration.ApplicationDuties CoreReader.Integration.actualSystem CoreReader.Integration.actual
    CoreReader.Choice.identityRequirements CoreReader.Integration.outputContract
    (@CoreReader.Evidence.canonicalArticulation CoreReader.Integration.World)
    (fun f => @Eq.{2} (CoreReader.Evidence.Facet CoreReader.Integration.World) f CoreReader.Integration.capabilityFacet)
    (@List.cons.{1} (CoreReader.Evidence.Facet CoreReader.Integration.World) CoreReader.Integration.capabilityFacet
      (@List.nil.{1} (CoreReader.Evidence.Facet CoreReader.Integration.World))))
  (And
    (Not
      (CoreReader.Integration.applicationClaim CoreReader.Integration.actualSystem
        CoreReader.Integration.successorRequirements CoreReader.Integration.outputContract
        CoreReader.Integration.actual))
    (Not
      (@CoreReader.Evidence.Grounds CoreReader.Integration.World
        (CoreReader.Integration.applicationClaim CoreReader.Integration.actualSystem
          CoreReader.Integration.successorRequirements CoreReader.Integration.outputContract)
        (@CoreReader.Evidence.canonicalArticulation CoreReader.Integration.World)
        (fun f =>
          @Eq.{2} (CoreReader.Evidence.Facet CoreReader.Integration.World) f
            CoreReader.Integration.changedObjectiveFacet)
        (@List.cons.{1} (CoreReader.Evidence.Facet CoreReader.Integration.World)
          CoreReader.Integration.changedObjectiveFacet
          (@List.nil.{1} (CoreReader.Evidence.Facet CoreReader.Integration.World))))))
CoreReader.Integration.charterNotGrounds : And
  (CoreReader.Integration.Charter CoreReader.Integration.actualSystem CoreReader.Integration.actual)
  (And
    (@CoreReader.Evidence.Compatible CoreReader.Integration.World
      (@List.cons.{0} (CoreReader.Evidence.Record CoreReader.Integration.World)
        CoreReader.Integration.costAllowanceRecord
        (@List.nil.{0} (CoreReader.Evidence.Record CoreReader.Integration.World)))
      CoreReader.Integration.actual)
    (Not
      (@CoreReader.Evidence.Grounds CoreReader.Integration.World CoreReader.Integration.capability
        (@CoreReader.Evidence.canonicalArticulation CoreReader.Integration.World)
        (fun f =>
          @Eq.{2} (CoreReader.Evidence.Facet CoreReader.Integration.World) f
            CoreReader.Integration.unsupportedCapabilityFacet)
        (@List.cons.{1} (CoreReader.Evidence.Facet CoreReader.Integration.World)
          CoreReader.Integration.unsupportedCapabilityFacet
          (@List.nil.{1} (CoreReader.Evidence.Facet CoreReader.Integration.World))))))
CoreReader.Integration.jointWitness : @Exists.{1} CoreReader.Integration.System fun s =>
  @Exists.{1} CoreReader.Integration.World fun w =>
    And
      (@CoreReader.Logic.Admissible CoreReader.Integration.World CoreReader.Integration.Question
        (CoreReader.Integration.systemHeld s) (CoreReader.Integration.systemContext s) w)
      (And (CoreReader.Integration.Charter s w)
        (And
          (CoreReader.Integration.OwnCapabilityDuty s w
            (@List.cons.{1} (CoreReader.Evidence.Facet CoreReader.Integration.World)
              CoreReader.Integration.capabilityFacet
              (@List.nil.{1} (CoreReader.Evidence.Facet CoreReader.Integration.World))))
          (And (CoreReader.Integration.systemCapability s w)
            (And
              (CoreReader.Choice.JustifiedChoice s.requirements (s.method.realize w) CoreReader.Choice.objectiveReason)
              (And
                (∀ (c : CoreReader.Integration.Commitment),
                  @CoreReader.Evidence.Grounds CoreReader.Integration.World (CoreReader.Integration.commitmentClaim c)
                    (@CoreReader.Evidence.canonicalArticulation CoreReader.Integration.World)
                    (fun f =>
                      @Eq.{2} (CoreReader.Evidence.Facet CoreReader.Integration.World) f
                        (CoreReader.Integration.commitmentFacet c))
                    (@List.cons.{1} (CoreReader.Evidence.Facet CoreReader.Integration.World)
                      (CoreReader.Integration.commitmentFacet c)
                      (@List.nil.{1} (CoreReader.Evidence.Facet CoreReader.Integration.World))))
                (And (@Eq.{1} CoreReader.Integration.System s CoreReader.Integration.actualSystem)
                  (@Eq.{1} CoreReader.Integration.World w CoreReader.Integration.actual)))))))
CoreReader.Logic.Claim : Type → Type
CoreReader.Logic.Theory : Type → Type
@CoreReader.Logic.Models : {W : Type} → CoreReader.Logic.Theory W → W → Prop
@CoreReader.Logic.Entails : {W : Type} → CoreReader.Logic.Theory W → CoreReader.Logic.Claim W → Prop
@CoreReader.Logic.Satisfiable : {W : Type} → CoreReader.Logic.Theory W → Prop
CoreReader.Logic.Context : Type → Type → Type
@CoreReader.Logic.Admissible : {W Q : Type} → CoreReader.Logic.Theory W → CoreReader.Logic.Context W Q → W → Prop
@CoreReader.Logic.Consequence : {W Q : Type} →
  CoreReader.Logic.Theory W → CoreReader.Logic.Context W Q → Q → Bool → Prop
@CoreReader.Logic.Consistent : {W Q : Type} → CoreReader.Logic.Theory W → CoreReader.Logic.Context W Q → Prop
@CoreReader.Logic.consequenceConsistency : ∀ {W Q : Type} (t : CoreReader.Logic.Theory W)
  (c : CoreReader.Logic.Context W Q),
  (@Exists.{1} W fun w => @CoreReader.Logic.Admissible W Q t c w) → @CoreReader.Logic.Consistent W Q t c
@CoreReader.Logic.emptyTheory : {W : Type} → CoreReader.Logic.Theory W
@CoreReader.Logic.singleton : {W : Type} → CoreReader.Logic.Claim W → CoreReader.Logic.Theory W
@CoreReader.Logic.union : {W : Type} → CoreReader.Logic.Theory W → CoreReader.Logic.Theory W → CoreReader.Logic.Theory W
@CoreReader.Logic.modelsSingleton : ∀ {W : Type} (p : CoreReader.Logic.Claim W) (w : W),
  Iff (@CoreReader.Logic.Models W (@CoreReader.Logic.singleton W p) w) (p w)
@CoreReader.Logic.modelsUnion : ∀ {W : Type} (a b : CoreReader.Logic.Theory W) (w : W),
  Iff (@CoreReader.Logic.Models W (@CoreReader.Logic.union W a b) w)
    (And (@CoreReader.Logic.Models W a w) (@CoreReader.Logic.Models W b w))
CoreReader.Logic.premiseP : CoreReader.Logic.Claim (Prod.{0, 0} Bool Bool)
CoreReader.Logic.premiseRule : CoreReader.Logic.Claim (Prod.{0, 0} Bool Bool)
CoreReader.Logic.premiseNotQ : CoreReader.Logic.Claim (Prod.{0, 0} Bool Bool)
CoreReader.Logic.jointTheory : CoreReader.Logic.Theory (Prod.{0, 0} Bool Bool)
CoreReader.Logic.jointConflict : And
  (@CoreReader.Logic.Satisfiable (Prod.{0, 0} Bool Bool)
    (@CoreReader.Logic.singleton (Prod.{0, 0} Bool Bool) CoreReader.Logic.premiseP))
  (And
    (@CoreReader.Logic.Satisfiable (Prod.{0, 0} Bool Bool)
      (@CoreReader.Logic.singleton (Prod.{0, 0} Bool Bool) CoreReader.Logic.premiseRule))
    (And
      (@CoreReader.Logic.Satisfiable (Prod.{0, 0} Bool Bool)
        (@CoreReader.Logic.singleton (Prod.{0, 0} Bool Bool) CoreReader.Logic.premiseNotQ))
      (Not (@CoreReader.Logic.Satisfiable (Prod.{0, 0} Bool Bool) CoreReader.Logic.jointTheory))))
CoreReader.Logic.revisionSlice : Nat → CoreReader.Logic.Theory Bool
CoreReader.Logic.revisionCanReverse : And
  (@CoreReader.Logic.Satisfiable Bool
    (CoreReader.Logic.revisionSlice (@OfNat.ofNat.{0} Nat (nat_lit 0) (instOfNatNat (nat_lit 0)))))
  (And
    (@CoreReader.Logic.Satisfiable Bool
      (CoreReader.Logic.revisionSlice (@OfNat.ofNat.{0} Nat (nat_lit 1) (instOfNatNat (nat_lit 1)))))
    (Not
      (@CoreReader.Logic.Satisfiable Bool
        (@CoreReader.Logic.union Bool
          (CoreReader.Logic.revisionSlice (@OfNat.ofNat.{0} Nat (nat_lit 0) (instOfNatNat (nat_lit 0))))
          (CoreReader.Logic.revisionSlice (@OfNat.ofNat.{0} Nat (nat_lit 1) (instOfNatNat (nat_lit 1))))))))
CoreReader.Logic.onQuestion : Unit → CoreReader.Logic.Claim Bool
CoreReader.Logic.assumptionContext : Bool → CoreReader.Logic.Context Bool Unit
CoreReader.Logic.meaningContext : Bool → CoreReader.Logic.Context Bool Unit
CoreReader.Logic.scopeContext : Bool → CoreReader.Logic.Context Bool Unit
CoreReader.Logic.contextDifferences : And
  (And
    (@CoreReader.Logic.Consequence Bool Unit (@CoreReader.Logic.emptyTheory Bool)
      (CoreReader.Logic.assumptionContext Bool.true) Unit.unit Bool.true)
    (@CoreReader.Logic.Consequence Bool Unit (@CoreReader.Logic.emptyTheory Bool)
      (CoreReader.Logic.assumptionContext Bool.false) Unit.unit Bool.false))
  (And
    (And
      (@CoreReader.Logic.Consequence Bool Unit (@CoreReader.Logic.emptyTheory Bool)
        (CoreReader.Logic.meaningContext Bool.true) Unit.unit Bool.true)
      (@CoreReader.Logic.Consequence Bool Unit (@CoreReader.Logic.emptyTheory Bool)
        (CoreReader.Logic.meaningContext Bool.false) Unit.unit Bool.false))
    (And
      (And
        (@CoreReader.Logic.Consequence Bool Unit (@CoreReader.Logic.emptyTheory Bool)
          (CoreReader.Logic.scopeContext Bool.true) Unit.unit Bool.true)
        (@CoreReader.Logic.Consequence Bool Unit (@CoreReader.Logic.emptyTheory Bool)
          (CoreReader.Logic.scopeContext Bool.false) Unit.unit Bool.false))
      (And
        (∀ (b : Bool),
          @Exists.{1} Bool fun w =>
            @CoreReader.Logic.Admissible Bool Unit (@CoreReader.Logic.emptyTheory Bool)
              (CoreReader.Logic.assumptionContext b) w)
        (And
          (∀ (b : Bool),
            @Exists.{1} Bool fun w =>
              @CoreReader.Logic.Admissible Bool Unit (@CoreReader.Logic.emptyTheory Bool)
                (CoreReader.Logic.meaningContext b) w)
          (∀ (b : Bool),
            @Exists.{1} Bool fun w =>
              @CoreReader.Logic.Admissible Bool Unit (@CoreReader.Logic.emptyTheory Bool)
                (CoreReader.Logic.scopeContext b) w)))))
CoreReader.Logic.Snapshot : Type → Type → Type
@CoreReader.Logic.SameContent : {W Q : Type} → CoreReader.Logic.Snapshot W Q → CoreReader.Logic.Snapshot W Q → Prop
@CoreReader.Logic.TruthfulReport : {W Q : Type} →
  CoreReader.Logic.Snapshot W Q → CoreReader.Logic.Snapshot W Q → Bool → Prop
@CoreReader.Logic.semanticChangeMustBeReported : ∀ {W Q : Type} (a b : CoreReader.Logic.Snapshot W Q) (reported : Bool),
  Or (Not (@CoreReader.Logic.SameContent W Q a b))
      (@Ne.{1} Nat (@CoreReader.Logic.Snapshot.revisionIdentity W Q a)
        (@CoreReader.Logic.Snapshot.revisionIdentity W Q b)) →
    @CoreReader.Logic.TruthfulReport W Q a b reported → @Eq.{1} Bool reported Bool.true
@CoreReader.Logic.representationOrderIrrelevant : ∀ {W : Type} (p q r : CoreReader.Logic.Claim W),
  Iff (@CoreReader.Logic.union W (@CoreReader.Logic.singleton W p) (@CoreReader.Logic.singleton W q) r)
    (@CoreReader.Logic.union W (@CoreReader.Logic.singleton W q) (@CoreReader.Logic.singleton W p) r)
@CoreReader.Logic.contextSnapshot : CoreReader.Logic.Context Bool Unit →
  optParam.{1} Nat (@OfNat.ofNat.{0} Nat (nat_lit 0) (instOfNatNat (nat_lit 0))) → CoreReader.Logic.Snapshot Bool Unit
CoreReader.Logic.hiddenContextChangeRejected : And
  (Not
    (@CoreReader.Logic.TruthfulReport Bool Unit
      (CoreReader.Logic.contextSnapshot (CoreReader.Logic.assumptionContext Bool.true)
        (@OfNat.ofNat.{0} Nat (nat_lit 0) (instOfNatNat (nat_lit 0))))
      (CoreReader.Logic.contextSnapshot (CoreReader.Logic.assumptionContext Bool.false)
        (@OfNat.ofNat.{0} Nat (nat_lit 0) (instOfNatNat (nat_lit 0))))
      Bool.false))
  (And
    (Not
      (@CoreReader.Logic.TruthfulReport Bool Unit
        (CoreReader.Logic.contextSnapshot (CoreReader.Logic.meaningContext Bool.true)
          (@OfNat.ofNat.{0} Nat (nat_lit 0) (instOfNatNat (nat_lit 0))))
        (CoreReader.Logic.contextSnapshot (CoreReader.Logic.meaningContext Bool.false)
          (@OfNat.ofNat.{0} Nat (nat_lit 0) (instOfNatNat (nat_lit 0))))
        Bool.false))
    (And
      (Not
        (@CoreReader.Logic.TruthfulReport Bool Unit
          (CoreReader.Logic.contextSnapshot (CoreReader.Logic.scopeContext Bool.true)
            (@OfNat.ofNat.{0} Nat (nat_lit 0) (instOfNatNat (nat_lit 0))))
          (CoreReader.Logic.contextSnapshot (CoreReader.Logic.scopeContext Bool.false)
            (@OfNat.ofNat.{0} Nat (nat_lit 0) (instOfNatNat (nat_lit 0))))
          Bool.false))
      (And
        (Not
          (@CoreReader.Logic.TruthfulReport Bool Unit
            (CoreReader.Logic.contextSnapshot (CoreReader.Logic.scopeContext Bool.true)
              (@OfNat.ofNat.{0} Nat (nat_lit 0) (instOfNatNat (nat_lit 0))))
            (CoreReader.Logic.contextSnapshot (CoreReader.Logic.scopeContext Bool.true)
              (@OfNat.ofNat.{0} Nat (nat_lit 1) (instOfNatNat (nat_lit 1))))
            Bool.false))
        (And
          (@CoreReader.Logic.TruthfulReport Bool Unit
            (CoreReader.Logic.contextSnapshot (CoreReader.Logic.assumptionContext Bool.true)
              (@OfNat.ofNat.{0} Nat (nat_lit 0) (instOfNatNat (nat_lit 0))))
            (CoreReader.Logic.contextSnapshot (CoreReader.Logic.assumptionContext Bool.false)
              (@OfNat.ofNat.{0} Nat (nat_lit 0) (instOfNatNat (nat_lit 0))))
            Bool.true)
          (Not
            (@CoreReader.Logic.Models Bool
              (@CoreReader.Logic.Context.assumptions Bool Unit (CoreReader.Logic.assumptionContext Bool.false))
              Bool.true))))))
CoreReader.Logic.tensionWithoutContradiction : And
  (@Exists.{1} Nat fun budget =>
    And (@LE.le.{0} Nat instLENat (@OfNat.ofNat.{0} Nat (nat_lit 4) (instOfNatNat (nat_lit 4))) budget)
      (@LE.le.{0} Nat instLENat budget (@OfNat.ofNat.{0} Nat (nat_lit 6) (instOfNatNat (nat_lit 6)))))
  (Not
    (@Eq.{1} (Nat → Prop)
      (fun n => @LE.le.{0} Nat instLENat (@OfNat.ofNat.{0} Nat (nat_lit 4) (instOfNatNat (nat_lit 4))) n) fun n =>
      @LE.le.{0} Nat instLENat n (@OfNat.ofNat.{0} Nat (nat_lit 6) (instOfNatNat (nat_lit 6)))))
@CoreReader.Logic.conflictRequiresChange : ∀ {W Q : Type} (t : CoreReader.Logic.Theory W)
  (c : CoreReader.Logic.Context W Q) (q : Q),
  @CoreReader.Logic.Consequence W Q t c q Bool.true →
    @CoreReader.Logic.Consequence W Q t c q Bool.false → Not (@CoreReader.Logic.Consistent W Q t c)
CoreReader.Logic.consistentFalse : And
  (@CoreReader.Logic.Satisfiable Bool (@CoreReader.Logic.singleton Bool fun w => @Eq.{1} Bool w Bool.true))
  (Not (@CoreReader.Logic.Models Bool (@CoreReader.Logic.singleton Bool fun w => @Eq.{1} Bool w Bool.true) Bool.false))
CoreReader.Logic.consistentIncomplete : And (@CoreReader.Logic.Satisfiable Bool (@CoreReader.Logic.emptyTheory Bool))
  (And (Not (@CoreReader.Logic.Entails Bool (@CoreReader.Logic.emptyTheory Bool) fun w => @Eq.{1} Bool w Bool.true))
    (Not (@CoreReader.Logic.Entails Bool (@CoreReader.Logic.emptyTheory Bool) fun w => @Ne.{1} Bool w Bool.true)))
CoreReader.Logic.compatibilityNotEntailment : And
  (@CoreReader.Logic.Satisfiable Bool
    (@CoreReader.Logic.union Bool (@CoreReader.Logic.emptyTheory Bool)
      (@CoreReader.Logic.singleton Bool fun w => @Eq.{1} Bool w Bool.true)))
  (Not (@CoreReader.Logic.Entails Bool (@CoreReader.Logic.emptyTheory Bool) fun w => @Eq.{1} Bool w Bool.true))
CoreReader.Agency.Phase : Type
CoreReader.Agency.PrincipleKey : Type
CoreReader.Agency.Subject : Type
CoreReader.Agency.Subject.owner : CoreReader.Agency.Subject → Nat
CoreReader.Agency.Activity : Type
CoreReader.Agency.QuestionKind : Type
CoreReader.Agency.SampleProgram : Type
CoreReader.Agency.SampleProgram.run : CoreReader.Agency.SampleProgram → Nat → Bool
CoreReader.Agency.MethodDraft : Type
CoreReader.Agency.MethodDraft.accepts : CoreReader.Agency.MethodDraft → CoreReader.Agency.SampleProgram → Bool
CoreReader.Agency.Inquiry : Type
CoreReader.Agency.ReasonContent : Type
CoreReader.Agency.ReasonContent.identifier : CoreReader.Agency.ReasonContent → Nat
CoreReader.Agency.ReasonObject : Type
CoreReader.Agency.AssessmentResult : Type
CoreReader.Agency.WorkOutcome : Type
CoreReader.Agency.Principle : Type
CoreReader.Agency.WorkRecord : Type
CoreReader.Agency.RegistryCoherent : List.{0} CoreReader.Agency.Principle → Prop
CoreReader.Agency.TargetResolved : List.{0} CoreReader.Agency.Principle → CoreReader.Agency.Subject → Prop
CoreReader.Agency.TargetContentResolved : List.{0} CoreReader.Agency.Principle → CoreReader.Agency.Inquiry → Prop
CoreReader.Agency.Performed : List.{0} CoreReader.Agency.WorkRecord →
  CoreReader.Agency.Subject → CoreReader.Agency.Activity → Prop
CoreReader.Agency.ReflexiveScope : Nat →
  List.{0} CoreReader.Agency.Principle → List.{0} CoreReader.Agency.WorkRecord → Prop
CoreReader.Agency.ValidApplication : List.{0} CoreReader.Agency.Principle →
  CoreReader.Agency.Principle → CoreReader.Agency.Subject → CoreReader.Agency.WorkRecord → Prop
CoreReader.Agency.Reflexive : Nat → List.{0} CoreReader.Agency.Principle → List.{0} CoreReader.Agency.WorkRecord → Prop
@CoreReader.Agency.Reflexive.toScope : ∀ {owner : Nat} {rules : List.{0} CoreReader.Agency.Principle}
  {records : List.{0} CoreReader.Agency.WorkRecord},
  CoreReader.Agency.Reflexive owner rules records → CoreReader.Agency.ReflexiveScope owner rules records
CoreReader.Agency.noSelfExemption : ∀ (owner : Nat) (rules : List.{0} CoreReader.Agency.Principle)
  (records : List.{0} CoreReader.Agency.WorkRecord),
  CoreReader.Agency.Reflexive owner rules records →
    ∀ (rule : CoreReader.Agency.Principle),
      @Membership.mem.{0, 0} CoreReader.Agency.Principle (List.{0} CoreReader.Agency.Principle)
          (@List.instMembership.{0} CoreReader.Agency.Principle) rules rule →
        ∀ (s : CoreReader.Agency.Subject),
          @Eq.{1} Nat s.owner owner → rule.applicable s → CoreReader.Agency.Performed records s rule.activity
CoreReader.Agency.localMethod : CoreReader.Agency.MethodDraft
CoreReader.Agency.inquiryFor : CoreReader.Agency.Subject → CoreReader.Agency.Inquiry
CoreReader.Agency.sourceReasonContents : CoreReader.Agency.QuestionKind → List.{0} CoreReader.Agency.ReasonContent
CoreReader.Agency.reasonsFor : CoreReader.Agency.Subject → List.{0} CoreReader.Agency.ReasonObject
CoreReader.Agency.assessInquiry : CoreReader.Agency.Inquiry →
  List.{0} CoreReader.Agency.ReasonObject → List.{0} Nat → CoreReader.Agency.AssessmentResult
CoreReader.Agency.finiteMethodResult : CoreReader.Agency.Activity →
  CoreReader.Agency.Inquiry → List.{0} CoreReader.Agency.ReasonObject → List.{0} Nat → CoreReader.Agency.WorkOutcome
CoreReader.Agency.finiteMethodMeaning : CoreReader.Agency.Activity →
  CoreReader.Agency.Inquiry →
    List.{0} CoreReader.Agency.ReasonObject → List.{0} Nat → CoreReader.Agency.WorkOutcome → Prop
CoreReader.Agency.ownSubjects : Nat → List.{0} CoreReader.Agency.Subject
CoreReader.Agency.generationEligible : CoreReader.Agency.Subject → Bool
CoreReader.Agency.generatingRule : Nat → CoreReader.Agency.Principle
CoreReader.Agency.assessingRule : Nat → CoreReader.Agency.Principle
CoreReader.Agency.ownRules : Nat → List.{0} CoreReader.Agency.Principle
CoreReader.Agency.statedOutcome : CoreReader.Agency.Activity → CoreReader.Agency.Subject → CoreReader.Agency.WorkOutcome
CoreReader.Agency.recordFor : CoreReader.Agency.Principle → CoreReader.Agency.Subject → CoreReader.Agency.WorkRecord
CoreReader.Agency.reasonsFor_nonempty : ∀ (s : CoreReader.Agency.Subject),
  @Ne.{1} (List.{0} CoreReader.Agency.ReasonObject) (CoreReader.Agency.reasonsFor s)
    (@List.nil.{0} CoreReader.Agency.ReasonObject)
CoreReader.Agency.reasonsFor_target : ∀ (s : CoreReader.Agency.Subject) (reason : CoreReader.Agency.ReasonObject),
  @Membership.mem.{0, 0} CoreReader.Agency.ReasonObject (List.{0} CoreReader.Agency.ReasonObject)
      (@List.instMembership.{0} CoreReader.Agency.ReasonObject) (CoreReader.Agency.reasonsFor s) reason →
    @Eq.{1} CoreReader.Agency.Subject reason.target s
CoreReader.Agency.inquiryFor_target : ∀ (s : CoreReader.Agency.Subject),
  @Eq.{1} CoreReader.Agency.Subject (CoreReader.Agency.inquiryFor s).target s
CoreReader.Agency.ownContentEvaluates : ∀ (activity : CoreReader.Agency.Activity) (s : CoreReader.Agency.Subject),
  @Eq.{1} CoreReader.Agency.WorkOutcome (CoreReader.Agency.statedOutcome activity s)
    (CoreReader.Agency.finiteMethodResult activity (CoreReader.Agency.inquiryFor s) (CoreReader.Agency.reasonsFor s)
      (@List.cons.{0} Nat (@OfNat.ofNat.{0} Nat (nat_lit 0) (instOfNatNat (nat_lit 0))) (@List.nil.{0} Nat)))
CoreReader.Agency.ownRegistryCoherent : ∀ (owner : Nat),
  CoreReader.Agency.RegistryCoherent (CoreReader.Agency.ownRules owner)
CoreReader.Agency.ownTargetResolved : ∀ (owner : Nat) (s : CoreReader.Agency.Subject),
  @Membership.mem.{0, 0} CoreReader.Agency.Subject (List.{0} CoreReader.Agency.Subject)
      (@List.instMembership.{0} CoreReader.Agency.Subject) (CoreReader.Agency.ownSubjects owner) s →
    CoreReader.Agency.TargetResolved (CoreReader.Agency.ownRules owner) s
CoreReader.Agency.ownTargetContent : ∀ (owner : Nat) (s : CoreReader.Agency.Subject),
  @Membership.mem.{0, 0} CoreReader.Agency.Subject (List.{0} CoreReader.Agency.Subject)
      (@List.instMembership.{0} CoreReader.Agency.Subject) (CoreReader.Agency.ownSubjects owner) s →
    CoreReader.Agency.TargetContentResolved (CoreReader.Agency.ownRules owner) (CoreReader.Agency.inquiryFor s)
CoreReader.Agency.ownRecordValid : ∀ (owner : Nat) (rule : CoreReader.Agency.Principle),
  @Membership.mem.{0, 0} CoreReader.Agency.Principle (List.{0} CoreReader.Agency.Principle)
      (@List.instMembership.{0} CoreReader.Agency.Principle) (CoreReader.Agency.ownRules owner) rule →
    ∀ (s : CoreReader.Agency.Subject),
      rule.applicable s →
        CoreReader.Agency.ValidApplication (CoreReader.Agency.ownRules owner) rule s
          (CoreReader.Agency.recordFor rule s)
CoreReader.Agency.completeOwnWork : Nat → List.{0} CoreReader.Agency.WorkRecord
CoreReader.Agency.assessingRecord_member : ∀ (owner : Nat) (s : CoreReader.Agency.Subject),
  @Membership.mem.{0, 0} CoreReader.Agency.Subject (List.{0} CoreReader.Agency.Subject)
      (@List.instMembership.{0} CoreReader.Agency.Subject) (CoreReader.Agency.ownSubjects owner) s →
    @Membership.mem.{0, 0} CoreReader.Agency.WorkRecord (List.{0} CoreReader.Agency.WorkRecord)
      (@List.instMembership.{0} CoreReader.Agency.WorkRecord) (CoreReader.Agency.completeOwnWork owner)
      (CoreReader.Agency.recordFor (CoreReader.Agency.assessingRule owner) s)
CoreReader.Agency.generatingRecord_member : ∀ (owner : Nat) (s : CoreReader.Agency.Subject),
  @Membership.mem.{0, 0} CoreReader.Agency.Subject (List.{0} CoreReader.Agency.Subject)
      (@List.instMembership.{0} CoreReader.Agency.Subject) (CoreReader.Agency.ownSubjects owner) s →
    @Eq.{1} Bool (CoreReader.Agency.generationEligible s) Bool.true →
      @Membership.mem.{0, 0} CoreReader.Agency.WorkRecord (List.{0} CoreReader.Agency.WorkRecord)
        (@List.instMembership.{0} CoreReader.Agency.WorkRecord) (CoreReader.Agency.completeOwnWork owner)
        (CoreReader.Agency.recordFor (CoreReader.Agency.generatingRule owner) s)
CoreReader.Agency.completeOwnWork_reflexive : ∀ (owner : Nat),
  CoreReader.Agency.Reflexive owner (CoreReader.Agency.ownRules owner) (CoreReader.Agency.completeOwnWork owner)
CoreReader.Agency.ownAssessmentPerformed : ∀ (owner : Nat) (s : CoreReader.Agency.Subject),
  @Membership.mem.{0, 0} CoreReader.Agency.Subject (List.{0} CoreReader.Agency.Subject)
      (@List.instMembership.{0} CoreReader.Agency.Subject) (CoreReader.Agency.ownSubjects owner) s →
    CoreReader.Agency.Performed (CoreReader.Agency.completeOwnWork owner) s CoreReader.Agency.Activity.assessment
CoreReader.Agency.applicationRule : CoreReader.Agency.Principle
CoreReader.Agency.applicationWork : List.{0} CoreReader.Agency.WorkRecord
CoreReader.Agency.applicationWork_reflexive : CoreReader.Agency.Reflexive
  (@OfNat.ofNat.{0} Nat (nat_lit 0) (instOfNatNat (nat_lit 0)))
  (@List.cons.{0} CoreReader.Agency.Principle CoreReader.Agency.applicationRule
    (@List.nil.{0} CoreReader.Agency.Principle))
  CoreReader.Agency.applicationWork
CoreReader.Agency.applicabilityRetained : ∀ (owner : Nat) (rules : List.{0} CoreReader.Agency.Principle)
  (records : List.{0} CoreReader.Agency.WorkRecord),
  And (CoreReader.Agency.Reflexive owner rules records → CoreReader.Agency.ReflexiveScope owner rules records)
    (And
      (Iff (CoreReader.Agency.ReflexiveScope owner rules records)
        (∀ (rule : CoreReader.Agency.Principle),
          @Membership.mem.{0, 0} CoreReader.Agency.Principle (List.{0} CoreReader.Agency.Principle)
              (@List.instMembership.{0} CoreReader.Agency.Principle) rules rule →
            ∀ (s : CoreReader.Agency.Subject),
              @Eq.{1} Nat s.owner owner →
                Or (Not (rule.applicable s)) (CoreReader.Agency.Performed records s rule.activity)))
      (And
        (CoreReader.Agency.Reflexive (@OfNat.ofNat.{0} Nat (nat_lit 0) (instOfNatNat (nat_lit 0)))
          (@List.cons.{0} CoreReader.Agency.Principle CoreReader.Agency.applicationRule
            (@List.nil.{0} CoreReader.Agency.Principle))
          CoreReader.Agency.applicationWork)
        (Not
          (CoreReader.Agency.Performed CoreReader.Agency.applicationWork
            (CoreReader.Agency.Subject.system (@OfNat.ofNat.{0} Nat (nat_lit 0) (instOfNatNat (nat_lit 0))))
            CoreReader.Agency.Activity.assessment))))
'CoreReader.Adopted.AssessmentTask' does not depend on any axioms
'CoreReader.Adopted.taskOfFacet' does not depend on any axioms
'CoreReader.Adopted.NatureAppropriate' depends on axioms: [propext]
'CoreReader.Adopted.taskOfFacetAppropriate' depends on axioms: [propext]
'CoreReader.Adopted.Grounds012' depends on axioms: [propext]
'CoreReader.Adopted.grounds012Singleton' depends on axioms: [propext]
'CoreReader.Adopted.generationSpecification' does not depend on any axioms
'CoreReader.Adopted.consistencySpecification' does not depend on any axioms
'CoreReader.Adopted.ReflexiveRule' does not depend on any axioms
'CoreReader.Adopted.reflexivitySpecification' does not depend on any axioms
'CoreReader.Adopted.legacyRule' does not depend on any axioms
'CoreReader.Adopted.legacyPerformed' does not depend on any axioms
'CoreReader.Adopted.legacyReflexivity' depends on axioms: [propext, Quot.sound.{u}]
'CoreReader.Adopted.empiricalSpecification' depends on axioms: [propext]
'CoreReader.Adopted.inferentialSpecification' depends on axioms: [propext]
'CoreReader.Adopted.valueSpecification' depends on axioms: [propext]
'CoreReader.Adopted.AssessmentMethod' does not depend on any axioms
'CoreReader.Adopted.ScopeAccount' does not depend on any axioms
'CoreReader.Adopted.scopeSpecification' does not depend on any axioms
'CoreReader.Adopted.capabilitySpecification' depends on axioms: [propext]
'CoreReader.Adopted.choiceSpecification' does not depend on any axioms
'CoreReader.Adopted.collaborativeRevision' does not depend on any axioms
'CoreReader.Adopted.collaborativeProgress' depends on axioms: [propext, Quot.sound.{u}]
'CoreReader.Adopted.consistencyConsequences' does not depend on any axioms
'CoreReader.Adopted.broadBoolContext' does not depend on any axioms
'CoreReader.Adopted.sliceConsistency' does not depend on any axioms
'CoreReader.Adopted.explicitlyConsistentLimits' does not depend on any axioms
'CoreReader.Adopted.localFacet012' does not depend on any axioms
'CoreReader.Adopted.globalFacet012' does not depend on any axioms
'CoreReader.Adopted.strongFacet012' does not depend on any axioms
'CoreReader.Adopted.localFacetChecked012' depends on axioms: [propext]
'CoreReader.Adopted.scopeStrength012' depends on axioms: [propext]
'CoreReader.Adopted.uncertainFacet012' does not depend on any axioms
'CoreReader.Adopted.uncertainSupported012' depends on axioms: [propext]
'CoreReader.Adopted.InferenceExamined' does not depend on any axioms
'CoreReader.Adopted.inferenceChecked012' depends on axioms: [propext]
'CoreReader.Adopted.closedPosition012' does not depend on any axioms
'CoreReader.Adopted.closedCriticism012' does not depend on any axioms
'CoreReader.Adopted.valueFulfilled012' depends on axioms: [propext, Classical.choice.{u}, Quot.sound.{u}]
'CoreReader.Adopted.ClaimNoStronger' does not depend on any axioms
'CoreReader.Adopted.qualitativeProportionality012' depends on axioms: [propext, Classical.choice.{u}, Quot.sound.{u}]
'CoreReader.Adopted.scopeRole012' does not depend on any axioms
'CoreReader.Adopted.scopeRoleContent012' does not depend on any axioms
'CoreReader.Adopted.localScopeAccount012' does not depend on any axioms
'CoreReader.Adopted.scopeFulfilled012' depends on axioms: [propext]
'CoreReader.Adopted.capabilityFulfilled012' depends on axioms: [propext]
'CoreReader.Adopted.MechanismApplication012' does not depend on any axioms
'CoreReader.Adopted.mechanism012' does not depend on any axioms
'CoreReader.Adopted.UnderstandingApplication012' does not depend on any axioms
'CoreReader.Adopted.explainedWithoutVariation012' does not depend on any axioms
'CoreReader.Adopted.mechanismResponder012' does not depend on any axioms
'CoreReader.Adopted.understandingScope012' does not depend on any axioms
'CoreReader.Adopted.understandingTask012' does not depend on any axioms
'CoreReader.Adopted.understandingFacet012' does not depend on any axioms
'CoreReader.Adopted.mechanismResponderUnderstands012' depends on axioms: [propext]
'CoreReader.Adopted.explainedWithoutVariationFails012' depends on axioms: [propext]
'CoreReader.Adopted.understandingApplicationCases012' depends on axioms: [propext]
'CoreReader.Adopted.OwnCapability012' depends on axioms: [propext]
'CoreReader.Adopted.ownCapability012' depends on axioms: [propext]
'CoreReader.Adopted.CompleteCharter012' depends on axioms: [propext]
'CoreReader.Adopted.completeCharter012' depends on axioms: [propext, Quot.sound.{u}]
'CoreReader.Adopted.charterWithoutGrounds012' depends on axioms: [propext, Quot.sound.{u}]
'CoreReader.Adopted.groundsPermission012' depends on axioms: [propext]
'CoreReader.Adopted.GroundsProvision012' depends on axioms: [propext]
'CoreReader.Adopted.groundsProvision012Meaning' depends on axioms: [propext]
'CoreReader.Adopted.groundsExperimentTask012' does not depend on any axioms
'CoreReader.Adopted.groundsExperiment012' depends on axioms: [propext, Classical.choice.{u}, Quot.sound.{u}]
'CoreReader.Adopted.groundsPosition012' depends on axioms: [propext, Classical.choice.{u}, Quot.sound.{u}]
'CoreReader.Adopted.groundsPosition012Checked' depends on axioms: [propext, Classical.choice.{u}, Quot.sound.{u}]
'CoreReader.Adopted.groundsRationaleExperiment012' depends on axioms: [propext, Classical.choice.{u}, Quot.sound.{u}]
'CoreReader.Adopted.groundsOnGrounds012' depends on axioms: [propext, Classical.choice.{u}, Quot.sound.{u}]
'CoreReader.Adopted.reflexiveTargets012' depends on axioms: [propext, Classical.choice.{u}, Quot.sound.{u}]
'CoreReader.Adopted.achievementSupported012' depends on axioms: [propext, Quot.sound.{u}]
'CoreReader.Adopted.semanticOrder012' does not depend on any axioms
'CoreReader.Adopted.clearFalseArgument012' does not depend on any axioms
'CoreReader.Adopted.clearFalseReason012' depends on axioms: [propext]
'CoreReader.Adopted.valueNeutralRecord012' does not depend on any axioms
'CoreReader.Adopted.valueNotFact012' depends on axioms: [propext, Classical.choice.{u}, Quot.sound.{u}]
'CoreReader.Adopted.wrongExplanation012' does not depend on any axioms
'CoreReader.Adopted.internalReasonDistinguishes012' does not depend on any axioms
'CoreReader.Adopted.inventoryCases012' depends on axioms: [propext, Quot.sound.{u}]
'CoreReader.Adopted.selfExemptRule012' does not depend on any axioms
'CoreReader.Adopted.selfExemptPerformed012' does not depend on any axioms
'CoreReader.Adopted.openSelfExempt012' depends on axioms: [propext]
'CoreReader.Adopted.ownPhilosophyStatus012' depends on axioms: [propext, Classical.choice.{u}, Quot.sound.{u}]
'CoreReader.Adopted.jointContext012' does not depend on any axioms
'CoreReader.Adopted.jointImplicationConflict012' does not depend on any axioms
'CoreReader.Adopted.tensionContext012' does not depend on any axioms
'CoreReader.Adopted.tensionConsistent012' does not depend on any axioms
'CoreReader.Adopted.qualitativeUnmeasured012' depends on axioms: [propext]
'CoreReader.Adopted.allStatusOnly012' depends on axioms: [propext]
'CoreReader.Adopted.drawWeight012' does not depend on any axioms
'CoreReader.Adopted.randomTrial012' does not depend on any axioms
'CoreReader.Adopted.randomOutcomes012' depends on axioms: [propext, Quot.sound.{u}]
'CoreReader.Adopted.originalGlobalTask012' does not depend on any axioms
'CoreReader.Adopted.originalLocalTask012' does not depend on any axioms
'CoreReader.Adopted.circularGlobalFacet012' does not depend on any axioms
'CoreReader.Adopted.circularGlobalConditional012' does not depend on any axioms
'CoreReader.Adopted.circularSubstitutionRejected012' depends on axioms: [propext]
'CoreReader.Adopted.observedPremises012' does not depend on any axioms
'CoreReader.Adopted.observedInferenceFacet012' does not depend on any axioms
'CoreReader.Adopted.observedInferenceChecked012' depends on axioms: [propext]
'CoreReader.Adopted.sameEmpiricalTaskTwoMethods012' depends on axioms: [propext]
'CoreReader.Adopted.originalUncertaintyTask012' does not depend on any axioms
'CoreReader.Adopted.uncertaintyBypassFacet012' does not depend on any axioms
'CoreReader.Adopted.uncertaintyBypassChecked012' depends on axioms: [propext]
'CoreReader.Adopted.uncertaintySubstitutionRejected012' depends on axioms: [propext]
'CoreReader.Adopted.selectedFactFacet012' does not depend on any axioms
'CoreReader.Adopted.valueFactSubstitutionRejected012' depends on axioms: [propext, Classical.choice.{u}, Quot.sound.{u}]
'CoreReader.Adopted.inferentialContextSubstitutionRejected012' depends on axioms: [propext]
'CoreReader.Adopted.generationCases' depends on axioms: [propext, Quot.sound.{u}]
'CoreReader.Adopted.generationLimits012' depends on axioms: [propext, Quot.sound.{u}]
'CoreReader.Adopted.consistencyCases' does not depend on any axioms
'CoreReader.Adopted.consistencyLimits012' does not depend on any axioms
'CoreReader.Adopted.reflexivityCases012' depends on axioms: [propext, Classical.choice.{u}, Quot.sound.{u}]
'CoreReader.Adopted.reflexivityLimits012' depends on axioms: [propext, Quot.sound.{u}]
'CoreReader.Adopted.groundsCases012' depends on axioms: [propext]
'CoreReader.Adopted.empiricalCases012' depends on axioms: [propext]
'CoreReader.Adopted.inferentialCases012' depends on axioms: [propext]
'CoreReader.Adopted.valueCases012' depends on axioms: [propext, Classical.choice.{u}, Quot.sound.{u}]
'CoreReader.Adopted.groundsLimits012' depends on axioms: [propext, Classical.choice.{u}, Quot.sound.{u}]
'CoreReader.Adopted.scopeCases012' depends on axioms: [propext]
'CoreReader.Adopted.scopeLimits012' depends on axioms: [propext, Quot.sound.{u}]
'CoreReader.Adopted.capabilityCases012' depends on axioms: [propext]
'CoreReader.Adopted.capabilityLimits012' depends on axioms: [propext, Quot.sound.{u}]
'CoreReader.Adopted.choiceCases012' depends on axioms: [propext, Classical.choice.{u}, Quot.sound.{u}]
'CoreReader.Adopted.choiceLimits012' depends on axioms: [propext, Classical.choice.{u}, Quot.sound.{u}]
'CoreReader.Agency.FormKind' does not depend on any axioms
'CoreReader.Agency.Form' does not depend on any axioms
'CoreReader.Agency.Aim' does not depend on any axioms
'CoreReader.Agency.Policy' does not depend on any axioms
'CoreReader.Agency.Generative' does not depend on any axioms
'CoreReader.Agency.openPolicy' does not depend on any axioms
'CoreReader.Agency.neutralPolicy' does not depend on any axioms
'CoreReader.Agency.permissionNotValuation' depends on axioms: [propext, Quot.sound.{u}]
'CoreReader.Agency.revisabilityCovers' does not depend on any axioms
'CoreReader.Agency.Operation' does not depend on any axioms
'CoreReader.Agency.Operation.run' does not depend on any axioms
'CoreReader.Agency.InventoryKind' does not depend on any axioms
'CoreReader.Agency.Item' does not depend on any axioms
'CoreReader.Agency.Available' does not depend on any axioms
'CoreReader.Agency.inventoryNotCapability' depends on axioms: [propext, Quot.sound.{u}]
'CoreReader.Agency.State' does not depend on any axioms
'CoreReader.Agency.Expanded' does not depend on any axioms
'CoreReader.Agency.baseState' does not depend on any axioms
'CoreReader.Agency.inflatedState' does not depend on any axioms
'CoreReader.Agency.stableTrace' does not depend on any axioms
'CoreReader.Agency.revisionWithoutProgress' depends on axioms: [propext, Quot.sound.{u}]
'CoreReader.Agency.ExternalResources' does not depend on any axioms
'CoreReader.Agency.assistedExecution' does not depend on any axioms
'CoreReader.Agency.availableResources' does not depend on any axioms
'CoreReader.Agency.StableReason' does not depend on any axioms
'CoreReader.Agency.GeneratingSystem' does not depend on any axioms
'CoreReader.Agency.generatingSystem' does not depend on any axioms
'CoreReader.Agency.GeneratingSystem.stableAction' does not depend on any axioms
'CoreReader.Agency.GeneratingSystem.requirementsMet' does not depend on any axioms
'CoreReader.Agency.GeneratingSystem.withinBudget' does not depend on any axioms
'CoreReader.Agency.Announcement' does not depend on any axioms
'CoreReader.Agency.GeneratingSystem.report' does not depend on any axioms
'CoreReader.Agency.Announcement.claim' does not depend on any axioms
'CoreReader.Agency.announcementClaimImpliesExpansion' does not depend on any axioms
'CoreReader.Agency.inflatedAnnouncement' does not depend on any axioms
'CoreReader.Agency.inflatedAnnouncementRefuted' depends on axioms: [propext, Quot.sound.{u}]
'CoreReader.Agency.TransitionCase' does not depend on any axioms
'CoreReader.Agency.extendedState' does not depend on any axioms
'CoreReader.Agency.transitionBefore' does not depend on any axioms
'CoreReader.Agency.transitionAfter' does not depend on any axioms
'CoreReader.Agency.transitionInput' does not depend on any axioms
'CoreReader.Agency.transitionAnnouncement' does not depend on any axioms
'CoreReader.Agency.generationLimits' depends on axioms: [propext, Quot.sound.{u}]
'CoreReader.Agency.generationNotReflexivity' depends on axioms: [propext, Quot.sound.{u}]
'CoreReader.Agency.ownArithmeticPrinciple' does not depend on any axioms
'CoreReader.Agency.selfTest' does not depend on any axioms
'CoreReader.Agency.selfTestDoesNotProve' does not depend on any axioms
'CoreReader.Choice.StatusKind' does not depend on any axioms
'CoreReader.Choice.MethodReason' does not depend on any axioms
'CoreReader.Choice.Reason' does not depend on any axioms
'CoreReader.Choice.Implementation' does not depend on any axioms
'CoreReader.Choice.Requirements' does not depend on any axioms
'CoreReader.Choice.MethodContent' does not depend on any axioms
'CoreReader.Choice.Relevant' does not depend on any axioms
'CoreReader.Choice.Feasible' does not depend on any axioms
'CoreReader.Choice.JustifiedChoice' does not depend on any axioms
'CoreReader.Choice.statusOnlyFails' depends on axioms: [propext]
'CoreReader.Choice.identityImpl' does not depend on any axioms
'CoreReader.Choice.successorImpl' does not depend on any axioms
'CoreReader.Choice.changedOutsideZero' does not depend on any axioms
'CoreReader.Choice.identityRequirements' does not depend on any axioms
'CoreReader.Choice.objectiveReason' does not depend on any axioms
'CoreReader.Choice.identityOutputReason' does not depend on any axioms
'CoreReader.Choice.identityFeasible' does not depend on any axioms
'CoreReader.Choice.identityJustified' depends on axioms: [propext]
'CoreReader.Choice.conventionWithReason' depends on axioms: [propext]
'CoreReader.Choice.Candidate' does not depend on any axioms
'CoreReader.Choice.implementation' does not depend on any axioms
'CoreReader.Choice.singleFeasible' depends on axioms: [propext, Classical.choice.{u}, Quot.sound.{u}]
'CoreReader.Choice.localNotGlobal' does not depend on any axioms
'CoreReader.Choice.cheapSuccessor' does not depend on any axioms
'CoreReader.Choice.eligibleInternalReasonNotSufficient' does not depend on any axioms
'CoreReader.Choice.internalReasons' does not depend on any axioms
'CoreReader.Choice.openNotEquivalent' depends on axioms: [propext]
'CoreReader.Choice.priorityClaim' does not depend on any axioms
'CoreReader.Choice.statusFacts' does not depend on any axioms
'CoreReader.Choice.statusFactsModel' does not depend on any axioms
'CoreReader.Choice.priorityArticulation' does not depend on any axioms
'CoreReader.Choice.AssessmentAccurate' does not depend on any axioms
'CoreReader.Choice.statusDoesNotEntailPriority' does not depend on any axioms
'CoreReader.Choice.statusAssessmentNonEntailment' depends on axioms: [propext]
'CoreReader.Choice.PriorityAssessment' does not depend on any axioms
'CoreReader.Choice.PriorityAssessment.accurate' does not depend on any axioms
'CoreReader.Choice.statusPriorityAudit' does not depend on any axioms
'CoreReader.Choice.ChoicePolicy' does not depend on any axioms
'CoreReader.Choice.GeneralAssessmentFulfilled' does not depend on any axioms
'CoreReader.Choice.AdditionalChoiceNorm' does not depend on any axioms
'CoreReader.Choice.statusPriorityPolicy' does not depend on any axioms
'CoreReader.Choice.outputPriorityPolicy' does not depend on any axioms
'CoreReader.Choice.statusPriorityAuditAccurate' does not depend on any axioms
'CoreReader.Choice.PolicyIndependenceExample' does not depend on any axioms
'CoreReader.Choice.policyIndependenceExample' depends on axioms: [propext]
'CoreReader.Choice.generalGroundsNotChoice' depends on axioms: [propext]
'CoreReader.Engineering.Maintainer' does not depend on any axioms
'CoreReader.Engineering.Tool' does not depend on any axioms
'CoreReader.Engineering.Knowledge' does not depend on any axioms
'CoreReader.Engineering.Change' does not depend on any axioms
'CoreReader.Engineering.Candidate' does not depend on any axioms
'CoreReader.Engineering.Burden' does not depend on any axioms
'CoreReader.Engineering.maintainers' does not depend on any axioms
'CoreReader.Engineering.changes' does not depend on any axioms
'CoreReader.Engineering.burdens' does not depend on any axioms
'CoreReader.Engineering.Activity' does not depend on any axioms
'CoreReader.Engineering.ActivityScope' does not depend on any axioms
'CoreReader.Engineering.Continuing' does not depend on any axioms
'CoreReader.Engineering.BoundedLifecycle' does not depend on any axioms
'CoreReader.Engineering.continuingActivity' depends on axioms: [propext]
'CoreReader.Engineering.temporaryActivity' depends on axioms: [propext]
'CoreReader.Engineering.prototypeActivity' depends on axioms: [propext]
'CoreReader.Engineering.retiringActivity' depends on axioms: [propext]
'CoreReader.Engineering.EditStep' does not depend on any axioms
'CoreReader.Engineering.changePath' does not depend on any axioms
'CoreReader.Engineering.changeWork' does not depend on any axioms
'CoreReader.Engineering.CanChange' does not depend on any axioms
'CoreReader.Engineering.ContinuingCapability' does not depend on any axioms
'CoreReader.Engineering.registeredDirections' does not depend on any axioms
'CoreReader.Engineering.supportedDirections' does not depend on any axioms
'CoreReader.Engineering.MaximumRegisteredCapability' does not depend on any axioms
'CoreReader.Engineering.passiveArtifact' does not depend on any axioms
'CoreReader.Engineering.orientation' does not depend on any axioms
'CoreReader.Engineering.EngineeringAction' does not depend on any axioms
'CoreReader.Engineering.maintainerActions' does not depend on any axioms
'CoreReader.Engineering.artifactActions' does not depend on any axioms
'CoreReader.Engineering.subjectLifecycleCases' depends on axioms: [propext]
'CoreReader.Engineering.subjectLimits' depends on axioms: [propext]
'CoreReader.Engineering.CredibleDirection' does not depend on any axioms
'CoreReader.Engineering.DirectionGround' does not depend on any axioms
'CoreReader.Engineering.articulateGround' does not depend on any axioms
'CoreReader.Engineering.supportGround' does not depend on any axioms
'CoreReader.Engineering.initialGrounds' does not depend on any axioms
'CoreReader.Engineering.forecastGrounds' does not depend on any axioms
'CoreReader.Engineering.credible' does not depend on any axioms
'CoreReader.Engineering.WarrantedAccommodation' does not depend on any axioms
'CoreReader.Engineering.credibilityCases' does not depend on any axioms
'CoreReader.Engineering.abstractionComplexity' does not depend on any axioms
'CoreReader.Engineering.implementedVariants' does not depend on any axioms
'CoreReader.Engineering.CostVector' does not depend on any axioms
'CoreReader.Engineering.CostLimits' does not depend on any axioms
'CoreReader.Engineering.cost' does not depend on any axioms
'CoreReader.Engineering.normalLimits' does not depend on any axioms
'CoreReader.Engineering.Requirements' does not depend on any axioms
'CoreReader.Engineering.normalRequirements' does not depend on any axioms
'CoreReader.Engineering.behavior' does not depend on any axioms
'CoreReader.Engineering.CandidateProfile' does not depend on any axioms
'CoreReader.Engineering.profile' does not depend on any axioms
'CoreReader.Engineering.Meets' does not depend on any axioms
'CoreReader.Engineering.Context' does not depend on any axioms
'CoreReader.Engineering.currentContinuing' depends on axioms: [propext]
'CoreReader.Engineering.ConcreteThreat' does not depend on any axioms
'CoreReader.Engineering.HasThreat' does not depend on any axioms
'CoreReader.Engineering.JustifiedDeparture' does not depend on any axioms
'CoreReader.Engineering.PriorityConditions' does not depend on any axioms
'CoreReader.Engineering.EvolutionPriority' does not depend on any axioms
'CoreReader.Engineering.currentPriorityConditions' depends on axioms: [propext]
'CoreReader.Engineering.currentNoThreat' depends on axioms: [propext]
'CoreReader.Engineering.threatened' depends on axioms: [propext]
'CoreReader.Engineering.priorityWhenApplicable' does not depend on any axioms
'CoreReader.Engineering.currentSimpleViolates' depends on axioms: [propext]
'CoreReader.Engineering.withEvolvableProfile' depends on axioms: [propext]
'CoreReader.Engineering.unmetRequirementsBlockPriority' depends on axioms: [propext, Quot.sound.{u}]
'CoreReader.Engineering.priorityConditionsCases' depends on axioms: [propext]
'CoreReader.Engineering.priorityChoices' depends on axioms: [propext]
'CoreReader.Engineering.credibilityLimits' depends on axioms: [propext]
'CoreReader.Engineering.costCases' depends on axioms: [propext]
'CoreReader.Engineering.orderedUnique' does not depend on any axioms
'CoreReader.Engineering.orderedRefactor' does not depend on any axioms
'CoreReader.Engineering.insertOrdered' does not depend on any axioms
'CoreReader.Engineering.sortValues' does not depend on any axioms
'CoreReader.Engineering.sortedUnique' does not depend on any axioms
'CoreReader.Engineering.SoftwareState' does not depend on any axioms
'CoreReader.Engineering.originalSoftware' does not depend on any axioms
'CoreReader.Engineering.transform' does not depend on any axioms
'CoreReader.Engineering.evolutionBehavior' does not depend on any axioms
'CoreReader.Engineering.ObligationTreatment' does not depend on any axioms
'CoreReader.Engineering.ChangeClaim' does not depend on any axioms
'CoreReader.Engineering.contractInputs' does not depend on any axioms
'CoreReader.Engineering.PreservesOn' does not depend on any axioms
'CoreReader.Engineering.PreservesFinite' does not depend on any axioms
'CoreReader.Engineering.ObservableContract' does not depend on any axioms
'CoreReader.Engineering.retry' does not depend on any axioms
'CoreReader.Engineering.orderContract' does not depend on any axioms
'CoreReader.Engineering.originalContract' does not depend on any axioms
'CoreReader.Engineering.refactoredContract' does not depend on any axioms
'CoreReader.Engineering.revisedContract' does not depend on any axioms
'CoreReader.Engineering.evolutionContract' does not depend on any axioms
'CoreReader.Engineering.failureInputs' does not depend on any axioms
'CoreReader.Engineering.PreservesContractFinite' does not depend on any axioms
'CoreReader.Engineering.ContractAspect' does not depend on any axioms
'CoreReader.Engineering.PartyDependency' does not depend on any axioms
'CoreReader.Engineering.partyDependencies' does not depend on any axioms
'CoreReader.Engineering.aspectChanged' does not depend on any axioms
'CoreReader.Engineering.affectedParties' does not depend on any axioms
'CoreReader.Engineering.ContractRevision' does not depend on any axioms
'CoreReader.Engineering.normalRevision' does not depend on any axioms
'CoreReader.Engineering.RevisionDuties' does not depend on any axioms
'CoreReader.Engineering.ContractChangeAccount' does not depend on any axioms
'CoreReader.Engineering.EvolutionClaim' does not depend on any axioms
'CoreReader.Engineering.evolutionKindsCases' depends on axioms: [propext]
'CoreReader.Engineering.evolutionDimensionsLimits' depends on axioms: [propext]
'CoreReader.Engineering.oneDimensionDoesNotEntailEveryDimension' does not depend on any axioms
'CoreReader.Engineering.propagation' does not depend on any axioms
'CoreReader.Engineering.batchCount' does not depend on any axioms
'CoreReader.Engineering.staticBatch' does not depend on any axioms
'CoreReader.Engineering.liveBatch' does not depend on any axioms
'CoreReader.Engineering.StructuralEvidence' does not depend on any axioms
'CoreReader.Engineering.structuralEvidence' does not depend on any axioms
'CoreReader.Engineering.StructuralAccount' does not depend on any axioms
'CoreReader.Engineering.InterfaceView' does not depend on any axioms
'CoreReader.Engineering.sameShape' does not depend on any axioms
'CoreReader.Engineering.moduleAssumptions' does not depend on any axioms
'CoreReader.Engineering.modulesNeedingRevision' does not depend on any axioms
'CoreReader.Engineering.Boundary' does not depend on any axioms
'CoreReader.Engineering.EngineeringDesign' does not depend on any axioms
'CoreReader.Engineering.privateDesign' does not depend on any axioms
'CoreReader.Engineering.documentedDesign' does not depend on any axioms
'CoreReader.Engineering.sortedDesign' does not depend on any axioms
'CoreReader.Engineering.coordinatedBoundary' does not depend on any axioms
'CoreReader.Engineering.boundaryDesign' does not depend on any axioms
'CoreReader.Engineering.crossesBoundary' does not depend on any axioms
'CoreReader.Engineering.boundaryObligationChecked' does not depend on any axioms
'CoreReader.Engineering.omittedCallerCheck' does not depend on any axioms
'CoreReader.Engineering.otherCalleeBoundary' does not depend on any axioms
'CoreReader.Engineering.otherCalleeDesign' does not depend on any axioms
'CoreReader.Engineering.actualCrossBoundaryObligation' does not depend on any axioms
'CoreReader.Engineering.structuralCases' depends on axioms: [propext]
'CoreReader.Engineering.DesignCanChange' does not depend on any axioms
'CoreReader.Engineering.designWork' does not depend on any axioms
'CoreReader.Engineering.designModulesNeedingRevision' does not depend on any axioms
'CoreReader.Engineering.introduceBoundary' does not depend on any axioms
'CoreReader.Engineering.wrappedDesign' does not depend on any axioms
'CoreReader.Engineering.relocateVerification' does not depend on any axioms
'CoreReader.Engineering.sameWorkDesign' does not depend on any axioms
'CoreReader.Engineering.structureNotCapability' depends on axioms: [propext]
'CoreReader.Engineering.contractPreservation' does not depend on any axioms
'CoreReader.Engineering.changedObservationNotPreserved' does not depend on any axioms
'CoreReader.Engineering.contractRevisionObligations' does not depend on any axioms
'CoreReader.Engineering.retiredBehavior' does not depend on any axioms
'CoreReader.Engineering.contractCases' does not depend on any axioms
'CoreReader.Engineering.contractDistinctions' does not depend on any axioms
'CoreReader.Engineering.RevisionState' does not depend on any axioms
'CoreReader.Engineering.RevisionRecord' does not depend on any axioms
'CoreReader.Engineering.MaterialGroundsChanged' does not depend on any axioms
'CoreReader.Engineering.oldState' does not depend on any axioms
'CoreReader.Engineering.newState' does not depend on any axioms
'CoreReader.Engineering.HistoricalEvidence' does not depend on any axioms
'CoreReader.Engineering.observedHistory' does not depend on any axioms
'CoreReader.Engineering.RevisionAccountAgainst' does not depend on any axioms
'CoreReader.Engineering.RevisionAccount' does not depend on any axioms
'CoreReader.Engineering.failedHistoryNotRewritten' depends on axioms: [propext]
'CoreReader.Engineering.revisionRecord' does not depend on any axioms
'CoreReader.Engineering.SupportedAlternative' does not depend on any axioms
'CoreReader.Engineering.RetentionJustified' does not depend on any axioms
'CoreReader.Engineering.stableRecord' does not depend on any axioms
'CoreReader.Engineering.revisionCases' depends on axioms: [propext]
'CoreReader.Engineering.observations' does not depend on any axioms
'CoreReader.Engineering.revisionsMade' does not depend on any axioms
'CoreReader.Engineering.agreedBatch' does not depend on any axioms
'CoreReader.Engineering.rewrittenOldRecord' does not depend on any axioms
'CoreReader.Engineering.rewrittenPredictionRecord' does not depend on any axioms
'CoreReader.Engineering.rewrittenObservationRecord' does not depend on any axioms
'CoreReader.Engineering.unrelatedSoftwareRecord' does not depend on any axioms
'CoreReader.Engineering.historicalTamperingRejected' does not depend on any axioms
'CoreReader.Engineering.revisionLimits' depends on axioms: [propext]
'CoreReader.Engineering.groundedChanges' does not depend on any axioms
'CoreReader.Engineering.currentRevisionState' does not depend on any axioms
'CoreReader.Engineering.revisionFor' does not depend on any axioms
'CoreReader.Engineering.revisionContextIdentity' depends on axioms: [propext]
'CoreReader.Engineering.DomainSatisfied' does not depend on any axioms
'CoreReader.Engineering.currentDomainSatisfied' depends on axioms: [propext]
'CoreReader.Engineering.sharedContext' depends on axioms: [propext]
'CoreReader.Engineering.maintainedOutput' does not depend on any axioms
'CoreReader.Engineering.chosenImplementation' does not depend on any axioms
'CoreReader.Engineering.chosenRequirements' depends on axioms: [propext]
'CoreReader.Engineering.chosenReasons' does not depend on any axioms
'CoreReader.Engineering.maintainedOutputCorrect' does not depend on any axioms
'CoreReader.Engineering.implementationReasoned' depends on axioms: [propext]
'CoreReader.Engineering.capabilityOutput' depends on axioms: [propext]
'CoreReader.Engineering.engineeringProcess' depends on axioms: [propext]
'CoreReader.Engineering.engineeringCapability' depends on axioms: [propext]
'CoreReader.Engineering.engineeringCapabilityGrounded' depends on axioms: [propext]
'CoreReader.Engineering.actualCapabilityContrast' depends on axioms: [propext]
'CoreReader.Engineering.presentBudgetRecord' does not depend on any axioms
'CoreReader.Engineering.presentBudgetClaim' does not depend on any axioms
'CoreReader.Engineering.budgetObservationMeaning' depends on axioms: [propext]
'CoreReader.Engineering.budgetEmpiricalFacet' does not depend on any axioms
'CoreReader.Engineering.budgetEmpiricalDischarged' depends on axioms: [propext]
'CoreReader.Engineering.capacityClaim' depends on axioms: [propext]
'CoreReader.Engineering.capacityAssumptions' does not depend on any axioms
'CoreReader.Engineering.budgetInferentialFacet' depends on axioms: [propext]
'CoreReader.Engineering.budgetInferentialDischarged' depends on axioms: [propext]
'CoreReader.Engineering.budgetScopeAccount' does not depend on any axioms
'CoreReader.Engineering.budgetScopeExplained' does not depend on any axioms
'CoreReader.Engineering.budgetObservationLimit' depends on axioms: [propext]
'CoreReader.Engineering.engineeringPolicy' does not depend on any axioms
'CoreReader.Engineering.engineeringGenerative' does not depend on any axioms
'CoreReader.Engineering.OwnFact' does not depend on any axioms
'CoreReader.Engineering.ownFactClaim' depends on axioms: [propext]
'CoreReader.Engineering.actualOwnFact' depends on axioms: [propext, Classical.choice.{u}, Quot.sound.{u}]
'CoreReader.Engineering.ownFactPremises' does not depend on any axioms
'CoreReader.Engineering.actualOwnFactGrounded' depends on axioms: [propext, Classical.choice.{u}, Quot.sound.{u}]
'CoreReader.Engineering.priorityValueMeaning' depends on axioms: [propext]
'CoreReader.Engineering.priorityGrounds' depends on axioms: [propext, Classical.choice.{u}, Quot.sound.{u}]
'CoreReader.Engineering.OwnNorm' does not depend on any axioms
'CoreReader.Engineering.normApplies' depends on axioms: [propext]
'CoreReader.Engineering.ownNormClaim' depends on axioms: [propext]
'CoreReader.Engineering.actualOwnNorm' depends on axioms: [propext, Classical.choice.{u}, Quot.sound.{u}]
'CoreReader.Engineering.ownFactTheory' depends on axioms: [propext]
'CoreReader.Engineering.ownNormTheory' depends on axioms: [propext]
'CoreReader.Engineering.ownTheory' depends on axioms: [propext]
'CoreReader.Engineering.allNormativeContentHeld' depends on axioms: [propext]
'CoreReader.Engineering.nonemptyOwnObjects' depends on axioms: [propext]
'CoreReader.Engineering.comparisonContext' depends on axioms: [propext]
'CoreReader.Engineering.engineeringSnapshot' depends on axioms: [propext]
'CoreReader.Engineering.currentAdmissible' depends on axioms: [propext, Classical.choice.{u}, Quot.sound.{u}]
'CoreReader.Engineering.currentConsistency' depends on axioms: [propext, Classical.choice.{u}, Quot.sound.{u}]
'CoreReader.Engineering.wholeClaimGrounded' depends on axioms: [propext, Classical.choice.{u}, Quot.sound.{u}]
'CoreReader.Engineering.incompatibleNormTheory' does not depend on any axioms
'CoreReader.Engineering.incompatibleNormContext' does not depend on any axioms
'CoreReader.Engineering.normativeContentVariation' depends on axioms: [propext, Classical.choice.{u}, Quot.sound.{u}]
'CoreReader.Engineering.Inherited' depends on axioms: [propext]
'CoreReader.Engineering.inheritedCurrent' depends on axioms: [propext, Classical.choice.{u}, Quot.sound.{u}]
'CoreReader.Engineering.inheritedMutualApplication' depends on axioms: [propext]
'CoreReader.Engineering.inheritedMutualCases' depends on axioms: [propext, Classical.choice.{u}, Quot.sound.{u}]
'CoreReader.Engineering.priorityRemainsReflexive' depends on axioms: [propext, Classical.choice.{u}, Quot.sound.{u}]
'CoreReader.Engineering.priorityReflexiveCases' depends on axioms: [propext, Classical.choice.{u}, Quot.sound.{u}]
'CoreReader.Engineering.jointWitness' depends on axioms: [propext, Classical.choice.{u}, Quot.sound.{u}]
'CoreReader.Engineering.inheritedDoesNotEntailPriority' depends on axioms: [propext,
 Classical.choice.{u},
 Quot.sound.{u}]
'CoreReader.Engineering.Reflection.Target' does not depend on any axioms
'CoreReader.Engineering.Reflection.Contract' does not depend on any axioms
'CoreReader.Engineering.Reflection.Input' does not depend on any axioms
'CoreReader.Engineering.Reflection.Verdict' does not depend on any axioms
'CoreReader.Engineering.Reflection.Outcome' does not depend on any axioms
'CoreReader.Engineering.Reflection.evaluate' does not depend on any axioms
'CoreReader.Engineering.Reflection.generate' does not depend on any axioms
'CoreReader.Engineering.Reflection.interpret' does not depend on any axioms
'CoreReader.Engineering.Reflection.Model' does not depend on any axioms
'CoreReader.Engineering.Reflection.Model.input' does not depend on any axioms
'CoreReader.Engineering.Reflection.Model.self' does not depend on any axioms
'CoreReader.Engineering.Reflection.Model.rule' does not depend on any axioms
'CoreReader.Engineering.Reflection.Model.rules' does not depend on any axioms
'CoreReader.Engineering.Reflection.Model.performed' does not depend on any axioms
'CoreReader.Engineering.Reflection.Model.follows' does not depend on any axioms
'CoreReader.Engineering.Reflection.recordedReflexivity' depends on axioms: [propext]
'CoreReader.Engineering.ReviewObject' does not depend on any axioms
'CoreReader.Engineering.ReviewCase' does not depend on any axioms
'CoreReader.Engineering.generationApplies' does not depend on any axioms
'CoreReader.Engineering.assessmentApplies' does not depend on any axioms
'CoreReader.Engineering.ruleObject' does not depend on any axioms
'CoreReader.Engineering.ruleProbe' does not depend on any axioms
'CoreReader.Engineering.generationRuleTest' does not depend on any axioms
'CoreReader.Engineering.assessmentRuleTest' does not depend on any axioms
'CoreReader.Engineering.sampleAwareAssessment' does not depend on any axioms
'CoreReader.Engineering.objectTest' depends on axioms: [propext]
'CoreReader.Engineering.reviewObjects' does not depend on any axioms
'CoreReader.Engineering.requestedCases' does not depend on any axioms
'CoreReader.Engineering.reviewReasons' does not depend on any axioms
'CoreReader.Engineering.statedReview' depends on axioms: [propext]
'CoreReader.Engineering.reviewBasis' depends on axioms: [propext]
'CoreReader.Engineering.selfModel' depends on axioms: [propext]
'CoreReader.Engineering.reviewIdentity' depends on axioms: [propext]
'CoreReader.Engineering.currentSelfRecords' depends on axioms: [propext, Classical.choice.{u}, Quot.sound.{u}]
'CoreReader.Engineering.currentSelfApplication' depends on axioms: [propext, Classical.choice.{u}, Quot.sound.{u}]
'CoreReader.Engineering.actualSelfCriticism' depends on axioms: [propext, Classical.choice.{u}, Quot.sound.{u}]
'CoreReader.Engineering.ownRuleIdentity' depends on axioms: [propext, Quot.sound.{u}]
'CoreReader.Engineering.ownRuleContentVariation' depends on axioms: [propext]
'CoreReader.Engineering.proposedRuleRevision' depends on axioms: [propext, Quot.sound.{u}]
'CoreReader.Engineering.CoreCommitment' does not depend on any axioms
'CoreReader.Engineering.coreCommitments' does not depend on any axioms
'CoreReader.Engineering.coreAdopted' does not depend on any axioms
'CoreReader.Engineering.AdoptionReason' does not depend on any axioms
'CoreReader.Engineering.reasonFor' does not depend on any axioms
'CoreReader.Engineering.ReasonRelevant' depends on axioms: [propext]
'CoreReader.Engineering.valueScope' does not depend on any axioms
'CoreReader.Engineering.safeguardExperiment' depends on axioms: [propext]
'CoreReader.Engineering.criticismFor' does not depend on any axioms
'CoreReader.Engineering.governancePosition' depends on axioms: [propext]
'CoreReader.Engineering.adoptionReasonRelevant' depends on axioms: [propext]
'CoreReader.Engineering.safeguardEnabled' depends on axioms: [propext]
'CoreReader.Engineering.safeguardDisabled' depends on axioms: [propext]
'CoreReader.Engineering.governanceValueProcedure' depends on axioms: [propext]
'CoreReader.Engineering.governanceGrounded' depends on axioms: [propext]
'CoreReader.Engineering.governanceRationaleLimits' depends on axioms: [propext]
'CoreReader.Engineering.selectionObjective' does not depend on any axioms
'CoreReader.Engineering.selectionPosition' depends on axioms: [propext]
'CoreReader.Engineering.selectionValueProcedure' depends on axioms: [propext, Classical.choice.{u}, Quot.sound.{u}]
'CoreReader.Engineering.selectionGrounded' depends on axioms: [propext, Classical.choice.{u}, Quot.sound.{u}]
'CoreReader.Evidence.Record' does not depend on any axioms
'CoreReader.Evidence.Compatible' does not depend on any axioms
'CoreReader.Evidence.Supports' does not depend on any axioms
'CoreReader.Evidence.Articulation' does not depend on any axioms
'CoreReader.Evidence.Articulated' does not depend on any axioms
'CoreReader.Evidence.ValuePosition' does not depend on any axioms
'CoreReader.Evidence.ValuePosition.commitment' does not depend on any axioms
'CoreReader.Evidence.ValuePosition.consequence' does not depend on any axioms
'CoreReader.Evidence.ValuePosition.activeReasons' does not depend on any axioms
'CoreReader.Evidence.JointAdoption' does not depend on any axioms
'CoreReader.Evidence.ValueProcedure' does not depend on any axioms
'CoreReader.Evidence.Facet' does not depend on any axioms
'CoreReader.Evidence.Facet.claim' does not depend on any axioms
'CoreReader.Evidence.FacetDischarged' does not depend on any axioms
'CoreReader.Evidence.FacetArticulated' does not depend on any axioms
'CoreReader.Evidence.canonicalArticulation' does not depend on any axioms
'CoreReader.Evidence.canonicalFacetArticulated' does not depend on any axioms
'CoreReader.Evidence.canonicalArticulated' depends on axioms: [propext]
'CoreReader.Evidence.Grounds' does not depend on any axioms
'CoreReader.Evidence.AchievementAccountability' does not depend on any axioms
'CoreReader.Evidence.transitionAchievement' does not depend on any axioms
'CoreReader.Evidence.transitionPerformanceRecord' does not depend on any axioms
'CoreReader.Evidence.transitionReportRecord' does not depend on any axioms
'CoreReader.Evidence.transitionPerformanceCompatible' depends on axioms: [propext]
'CoreReader.Evidence.transitionSupported' depends on axioms: [propext]
'CoreReader.Evidence.transitionFacet' does not depend on any axioms
'CoreReader.Evidence.transitionFacetDischarged' depends on axioms: [propext]
'CoreReader.Evidence.transitionAccountable' depends on axioms: [propext]
'CoreReader.Evidence.transitionReportCompatible' depends on axioms: [propext]
'CoreReader.Evidence.transitionReportDoesNotSupport' depends on axioms: [propext, Quot.sound.{u}]
'CoreReader.Evidence.ConcreteAchievementExample' does not depend on any axioms
'CoreReader.Evidence.concreteAchievementExample' depends on axioms: [propext, Quot.sound.{u}]
'CoreReader.Evidence.achievementNeedsSupport' depends on axioms: [propext, Quot.sound.{u}]
'CoreReader.Evidence.supportWeakening' does not depend on any axioms
'CoreReader.Evidence.evidenceWeakeningCanLoseSupport' depends on axioms: [propext]
'CoreReader.Evidence.scopeRestriction' does not depend on any axioms
'CoreReader.Evidence.Duties' does not depend on any axioms
'CoreReader.Evidence.LabeledDuties' does not depend on any axioms
'CoreReader.Evidence.assessmentUnion' does not depend on any axioms
'CoreReader.Evidence.labelsCannotWaive' does not depend on any axioms
'CoreReader.Evidence.switchRecord' does not depend on any axioms
'CoreReader.Evidence.switchCompatible' depends on axioms: [propext]
'CoreReader.Evidence.switchSupported' depends on axioms: [propext]
'CoreReader.Evidence.optionBenefit' does not depend on any axioms
'CoreReader.Evidence.optionCost' does not depend on any axioms
'CoreReader.Evidence.optionReport' does not depend on any axioms
'CoreReader.Evidence.switchPosition' does not depend on any axioms
'CoreReader.Evidence.switchValueProcedure' depends on axioms: [propext, Classical.choice.{u}, Quot.sound.{u}]
'CoreReader.Evidence.oppositePosition' does not depend on any axioms
'CoreReader.Evidence.oppositePositionRejected' depends on axioms: [propext]
'CoreReader.Evidence.contradictoryStartingPosition' does not depend on any axioms
'CoreReader.Evidence.impossibleAdoptionPosition' does not depend on any axioms
'CoreReader.Evidence.inadmissibleValuePositionsRejected' does not depend on any axioms
'CoreReader.Evidence.unsupportedPosition' does not depend on any axioms
'CoreReader.Evidence.switchEmpirical' does not depend on any axioms
'CoreReader.Evidence.switchEmpiricalDischarged' depends on axioms: [propext]
'CoreReader.Evidence.mixedMissingResponsibility' depends on axioms: [propext]
'CoreReader.Evidence.uninformativeArgument' does not depend on any axioms
'CoreReader.Evidence.articulationNotSupport' depends on axioms: [propext]
'CoreReader.Evidence.unrelatedArticulationRejected' depends on axioms: [propext]
'CoreReader.Evidence.temperatureRecord' does not depend on any axioms
'CoreReader.Evidence.temperatureCompatible' depends on axioms: [propext]
'CoreReader.Evidence.BudgetWorld' does not depend on any axioms
'CoreReader.Evidence.announcement' does not depend on any axioms
'CoreReader.Evidence.announcementPosition' does not depend on any axioms
'CoreReader.Evidence.announcementHasJointAdoption' depends on axioms: [propext]
'CoreReader.Evidence.announcementNotBudgetReason' depends on axioms: [propext]
'CoreReader.Evidence.actionRecord' does not depend on any axioms
'CoreReader.Evidence.actionCompatible' depends on axioms: [propext]
'CoreReader.Evidence.measurementRepeatNotSupport' depends on axioms: [propext]
'CoreReader.Evidence.selfAssertionNotReason' depends on axioms: [propext]
'CoreReader.Evidence.valueWithoutSelfProof' depends on axioms: [propext, Classical.choice.{u}, Quot.sound.{u}]
'CoreReader.Evidence.BenefitCostWorld' does not depend on any axioms
'CoreReader.Evidence.measuredOutcome' does not depend on any axioms
'CoreReader.Evidence.benefitReason' does not depend on any axioms
'CoreReader.Evidence.costReason' does not depend on any axioms
'CoreReader.Evidence.jointReasonPosition' does not depend on any axioms
'CoreReader.Evidence.jointReasonProcedure' depends on axioms: [propext]
'CoreReader.Evidence.JointReasonsExample' does not depend on any axioms
'CoreReader.Evidence.jointReasonsExample' depends on axioms: [propext, Quot.sound.{u}]
'CoreReader.Evidence.heterogeneousReasons' depends on axioms: [propext, Classical.choice.{u}, Quot.sound.{u}]
'CoreReader.Evidence.zeroRecord' does not depend on any axioms
'CoreReader.Evidence.localGenerator' does not depend on any axioms
'CoreReader.Evidence.allTrue' does not depend on any axioms
'CoreReader.Evidence.zeroCompatible' depends on axioms: [propext]
'CoreReader.Evidence.GeneratingProcess' does not depend on any axioms
'CoreReader.Evidence.GeneratingProcess.outputRevision' does not depend on any axioms
'CoreReader.Evidence.ProducedRevision' does not depend on any axioms
'CoreReader.Evidence.GeneratingProcess.produce' does not depend on any axioms
'CoreReader.Evidence.sampleGeneratingProcess' does not depend on any axioms
'CoreReader.Evidence.OwnedRevisionExample' does not depend on any axioms
'CoreReader.Evidence.ownedRevisionExample' depends on axioms: [propext]
'CoreReader.Evidence.selfOriginDoesNotSupport' depends on axioms: [propext]
'CoreReader.Evidence.localNotUniversal' depends on axioms: [propext]
'CoreReader.Evidence.hiddenDifference' does not depend on any axioms
'CoreReader.Evidence.singleObservation' depends on axioms: [propext]
'CoreReader.Evidence.arithmeticFacet' does not depend on any axioms
'CoreReader.Evidence.usesObservation' depends on axioms: [propext]
'CoreReader.Evidence.noUniversalChain' depends on axioms: [propext]
'CoreReader.Evidence.Trial' does not depend on any axioms
'CoreReader.Evidence.Verified' does not depend on any axioms
'CoreReader.Evidence.Reproduced' does not depend on any axioms
'CoreReader.Evidence.Bounded' does not depend on any axioms
'CoreReader.Evidence.variableOutcomesStableBound' depends on axioms: [propext, Quot.sound.{u}]
'CoreReader.Evidence.verificationReproductionStability' depends on axioms: [propext, Quot.sound.{u}]
'CoreReader.Evidence.Program' does not depend on any axioms
'CoreReader.Evidence.Program.eval' does not depend on any axioms
'CoreReader.Evidence.Process' does not depend on any axioms
'CoreReader.Evidence.OutputContract' does not depend on any axioms
'CoreReader.Evidence.ExplanationContract' does not depend on any axioms
'CoreReader.Evidence.outputOnlyProcess' does not depend on any axioms
'CoreReader.Evidence.explainedProcess' does not depend on any axioms
'CoreReader.Evidence.processScope' does not depend on any axioms
'CoreReader.Evidence.processContractFacet' does not depend on any axioms
'CoreReader.Evidence.processScopeModels' does not depend on any axioms
'CoreReader.Evidence.processContractDischarged' does not depend on any axioms
'CoreReader.Evidence.ProcessGrounds' does not depend on any axioms
'CoreReader.Evidence.processGrounds' depends on axioms: [propext]
'CoreReader.Evidence.outputCorrectByEvaluation' does not depend on any axioms
'CoreReader.Evidence.outputOnlyNoExplanation' does not depend on any axioms
'CoreReader.Evidence.FullProcessContract' does not depend on any axioms
'CoreReader.Evidence.OutputContractEvidence' does not depend on any axioms
'CoreReader.Evidence.outputContractEvidence' depends on axioms: [propext]
'CoreReader.Evidence.ScopedApplicationEvidence' does not depend on any axioms
'CoreReader.Evidence.scopedApplicationEvidence' depends on axioms: [propext]
'CoreReader.Evidence.outputNotExplanation' depends on axioms: [propext]
'CoreReader.Evidence.applicationContractsDiffer' depends on axioms: [propext]
'CoreReader.Evidence.ExternalCertificate' does not depend on any axioms
'CoreReader.Evidence.externalOutputCertificate' does not depend on any axioms
'CoreReader.Evidence.externalAssessment' depends on axioms: [propext]
'CoreReader.Evidence.arithmeticArticulation' does not depend on any axioms
'CoreReader.Evidence.nonExecutableAssessment' depends on axioms: [propext]
'CoreReader.Integration.canonicalGrounds' depends on axioms: [propext]
'CoreReader.Integration.canonicalGroundsForSingleton' depends on axioms: [propext]
'CoreReader.Integration.Mode' does not depend on any axioms
'CoreReader.Integration.World' does not depend on any axioms
'CoreReader.Integration.actual' does not depend on any axioms
'CoreReader.Integration.Method' does not depend on any axioms
'CoreReader.Integration.System' does not depend on any axioms
'CoreReader.Integration.policyFor' does not depend on any axioms
'CoreReader.Integration.workFor' depends on axioms: [propext]
'CoreReader.Integration.System.policy' does not depend on any axioms
'CoreReader.Integration.System.rules' depends on axioms: [propext]
'CoreReader.Integration.System.work' depends on axioms: [propext]
'CoreReader.Integration.actualSystem' does not depend on any axioms
'CoreReader.Integration.systemCapability' does not depend on any axioms
'CoreReader.Integration.systemBudget' does not depend on any axioms
'CoreReader.Integration.systemObservation' does not depend on any axioms
'CoreReader.Integration.systemHeld' does not depend on any axioms
'CoreReader.Integration.Question' does not depend on any axioms
'CoreReader.Integration.systemContext' does not depend on any axioms
'CoreReader.Integration.capability' does not depend on any axioms
'CoreReader.Integration.observation' does not depend on any axioms
'CoreReader.Integration.held' does not depend on any axioms
'CoreReader.Integration.context' does not depend on any axioms
'CoreReader.Integration.observationIdentifies' depends on axioms: [propext, Quot.sound.{u}]
'CoreReader.Integration.capabilityActual' does not depend on any axioms
'CoreReader.Integration.observedCapability' depends on axioms: [propext, Quot.sound.{u}]
'CoreReader.Integration.capabilityFacet' does not depend on any axioms
'CoreReader.Integration.capabilityFacetChecked' depends on axioms: [propext, Quot.sound.{u}]
'CoreReader.Integration.capabilityGrounds' depends on axioms: [propext, Quot.sound.{u}]
'CoreReader.Integration.actualAdmissible' depends on axioms: [propext, Quot.sound.{u}]
'CoreReader.Integration.jointConsistent' depends on axioms: [propext, Quot.sound.{u}]
'CoreReader.Integration.Charter' depends on axioms: [propext]
'CoreReader.Integration.charterChecked' depends on axioms: [propext, Quot.sound.{u}]
'CoreReader.Integration.revisedHeld' does not depend on any axioms
'CoreReader.Integration.initialSnapshot' does not depend on any axioms
'CoreReader.Integration.revisedSnapshot' does not depend on any axioms
'CoreReader.Integration.revisionKeepsConsistency' depends on axioms: [propext, Quot.sound.{u}]
'CoreReader.Integration.OwnCapabilityDuty' depends on axioms: [propext]
'CoreReader.Integration.ownCapabilityGrounded' depends on axioms: [propext, Quot.sound.{u}]
'CoreReader.Integration.costAllowanceRecord' does not depend on any axioms
'CoreReader.Integration.unsupportedCapabilityFacet' does not depend on any axioms
'CoreReader.Integration.costCompatibleWithFailure' depends on axioms: [propext]
'CoreReader.Integration.costDoesNotSupportOutput' depends on axioms: [propext]
'CoreReader.Integration.unsupportedGrounds' depends on axioms: [propext]
'CoreReader.Integration.Commitment' does not depend on any axioms
'CoreReader.Integration.groundsPermission' does not depend on any axioms
'CoreReader.Integration.GroundsProvision' does not depend on any axioms
'CoreReader.Integration.groundsProvisionMeaning' depends on axioms: [propext]
'CoreReader.Integration.consistencyPermission' does not depend on any axioms
'CoreReader.Integration.conflictingHeld' does not depend on any axioms
'CoreReader.Integration.conflictConsequences' does not depend on any axioms
'CoreReader.Integration.conflictingHeldInconsistent' does not depend on any axioms
'CoreReader.Integration.choicePermission' does not depend on any axioms
'CoreReader.Integration.proposedOperation' does not depend on any axioms
'CoreReader.Integration.selfSamples' does not depend on any axioms
'CoreReader.Integration.conflictDecision' depends on axioms: [propext, Classical.choice.{u}, Quot.sound.{u}]
'CoreReader.Integration.groundsDecision' depends on axioms: [propext, Classical.choice.{u}, Quot.sound.{u}]
'CoreReader.Integration.choiceDecision' depends on axioms: [propext, Classical.choice.{u}, Quot.sound.{u}]
'CoreReader.Integration.decisionsApply' depends on axioms: [propext, Classical.choice.{u}, Quot.sound.{u}]
'CoreReader.Integration.decisionsWaive' depends on axioms: [propext, Classical.choice.{u}, Quot.sound.{u}]
'CoreReader.Integration.commitmentPositionFor' depends on axioms: [propext, Classical.choice.{u}, Quot.sound.{u}]
'CoreReader.Integration.commitmentPosition' depends on axioms: [propext, Classical.choice.{u}, Quot.sound.{u}]
'CoreReader.Integration.positionReasons' depends on axioms: [propext, Classical.choice.{u}, Quot.sound.{u}]
'CoreReader.Integration.positionConsequence' depends on axioms: [propext, Classical.choice.{u}, Quot.sound.{u}]
'CoreReader.Integration.positionProcedure' depends on axioms: [propext, Classical.choice.{u}, Quot.sound.{u}]
'CoreReader.Integration.criticismWithinScope' depends on axioms: [propext, Classical.choice.{u}, Quot.sound.{u}]
'CoreReader.Integration.oppositeConsequenceFails' depends on axioms: [propext, Classical.choice.{u}, Quot.sound.{u}]
'CoreReader.Integration.oppositeProcedureRejected' depends on axioms: [propext, Classical.choice.{u}, Quot.sound.{u}]
'CoreReader.Integration.commitmentClaim' depends on axioms: [propext, Classical.choice.{u}, Quot.sound.{u}]
'CoreReader.Integration.commitmentFacet' depends on axioms: [propext, Classical.choice.{u}, Quot.sound.{u}]
'CoreReader.Integration.reasonsBelongToCommitments' depends on axioms: [propext, Classical.choice.{u}, Quot.sound.{u}]
'CoreReader.Integration.groundsCommitmentIsProvision' depends on axioms: [propext, Classical.choice.{u}, Quot.sound.{u}]
'CoreReader.Integration.groundsSelfAssessment' depends on axioms: [propext, Classical.choice.{u}, Quot.sound.{u}]
'CoreReader.Integration.PhilosophyMethod' does not depend on any axioms
'CoreReader.Integration.currentPhilosophy' does not depend on any axioms
'CoreReader.Integration.PhilosophyMethod.review' depends on axioms: [propext, Classical.choice.{u}, Quot.sound.{u}]
'CoreReader.Integration.PhilosophyMethod.implementation' depends on axioms: [propext,
 Classical.choice.{u},
 Quot.sound.{u}]
'CoreReader.Integration.proposalRequirements' does not depend on any axioms
'CoreReader.Integration.currentReviewCorrect' depends on axioms: [propext, Classical.choice.{u}, Quot.sound.{u}]
'CoreReader.Integration.existingPhilosophyNotPrivileged' depends on axioms: [propext,
 Classical.choice.{u},
 Quot.sound.{u}]
'CoreReader.Integration.applicationClaim' does not depend on any axioms
'CoreReader.Integration.ApplicationDuties' depends on axioms: [propext]
'CoreReader.Integration.applicationRetainsDuties' depends on axioms: [propext]
'CoreReader.Integration.outputContract' does not depend on any axioms
'CoreReader.Integration.successorRequirements' does not depend on any axioms
'CoreReader.Integration.changedObjectiveFacet' does not depend on any axioms
'CoreReader.Integration.applicationVariation' depends on axioms: [propext, Quot.sound.{u}]
'CoreReader.Integration.charterNotGrounds' depends on axioms: [propext, Quot.sound.{u}]
'CoreReader.Integration.jointWitness' depends on axioms: [propext, Classical.choice.{u}, Quot.sound.{u}]
'CoreReader.Logic.Claim' does not depend on any axioms
'CoreReader.Logic.Theory' does not depend on any axioms
'CoreReader.Logic.Models' does not depend on any axioms
'CoreReader.Logic.Entails' does not depend on any axioms
'CoreReader.Logic.Satisfiable' does not depend on any axioms
'CoreReader.Logic.Context' does not depend on any axioms
'CoreReader.Logic.Admissible' does not depend on any axioms
'CoreReader.Logic.Consequence' does not depend on any axioms
'CoreReader.Logic.Consistent' does not depend on any axioms
'CoreReader.Logic.consequenceConsistency' does not depend on any axioms
'CoreReader.Logic.emptyTheory' does not depend on any axioms
'CoreReader.Logic.singleton' does not depend on any axioms
'CoreReader.Logic.union' does not depend on any axioms
'CoreReader.Logic.modelsSingleton' does not depend on any axioms
'CoreReader.Logic.modelsUnion' does not depend on any axioms
'CoreReader.Logic.premiseP' does not depend on any axioms
'CoreReader.Logic.premiseRule' does not depend on any axioms
'CoreReader.Logic.premiseNotQ' does not depend on any axioms
'CoreReader.Logic.jointTheory' does not depend on any axioms
'CoreReader.Logic.jointConflict' does not depend on any axioms
'CoreReader.Logic.revisionSlice' does not depend on any axioms
'CoreReader.Logic.revisionCanReverse' does not depend on any axioms
'CoreReader.Logic.onQuestion' does not depend on any axioms
'CoreReader.Logic.assumptionContext' does not depend on any axioms
'CoreReader.Logic.meaningContext' does not depend on any axioms
'CoreReader.Logic.scopeContext' does not depend on any axioms
'CoreReader.Logic.contextDifferences' does not depend on any axioms
'CoreReader.Logic.Snapshot' does not depend on any axioms
'CoreReader.Logic.SameContent' does not depend on any axioms
'CoreReader.Logic.TruthfulReport' does not depend on any axioms
'CoreReader.Logic.semanticChangeMustBeReported' does not depend on any axioms
'CoreReader.Logic.representationOrderIrrelevant' does not depend on any axioms
'CoreReader.Logic.contextSnapshot' does not depend on any axioms
'CoreReader.Logic.hiddenContextChangeRejected' does not depend on any axioms
'CoreReader.Logic.tensionWithoutContradiction' does not depend on any axioms
'CoreReader.Logic.conflictRequiresChange' does not depend on any axioms
'CoreReader.Logic.consistentFalse' does not depend on any axioms
'CoreReader.Logic.consistentIncomplete' does not depend on any axioms
'CoreReader.Logic.compatibilityNotEntailment' does not depend on any axioms
'CoreReader.Agency.Phase' does not depend on any axioms
'CoreReader.Agency.PrincipleKey' does not depend on any axioms
'CoreReader.Agency.Subject' does not depend on any axioms
'CoreReader.Agency.Subject.owner' does not depend on any axioms
'CoreReader.Agency.Activity' does not depend on any axioms
'CoreReader.Agency.QuestionKind' does not depend on any axioms
'CoreReader.Agency.SampleProgram' does not depend on any axioms
'CoreReader.Agency.SampleProgram.run' does not depend on any axioms
'CoreReader.Agency.MethodDraft' does not depend on any axioms
'CoreReader.Agency.MethodDraft.accepts' does not depend on any axioms
'CoreReader.Agency.Inquiry' does not depend on any axioms
'CoreReader.Agency.ReasonContent' does not depend on any axioms
'CoreReader.Agency.ReasonContent.identifier' does not depend on any axioms
'CoreReader.Agency.ReasonObject' does not depend on any axioms
'CoreReader.Agency.AssessmentResult' does not depend on any axioms
'CoreReader.Agency.WorkOutcome' does not depend on any axioms
'CoreReader.Agency.Principle' does not depend on any axioms
'CoreReader.Agency.WorkRecord' does not depend on any axioms
'CoreReader.Agency.RegistryCoherent' does not depend on any axioms
'CoreReader.Agency.TargetResolved' does not depend on any axioms
'CoreReader.Agency.TargetContentResolved' does not depend on any axioms
'CoreReader.Agency.Performed' does not depend on any axioms
'CoreReader.Agency.ReflexiveScope' does not depend on any axioms
'CoreReader.Agency.ValidApplication' does not depend on any axioms
'CoreReader.Agency.Reflexive' does not depend on any axioms
'CoreReader.Agency.Reflexive.toScope' does not depend on any axioms
'CoreReader.Agency.noSelfExemption' does not depend on any axioms
'CoreReader.Agency.localMethod' does not depend on any axioms
'CoreReader.Agency.inquiryFor' depends on axioms: [propext]
'CoreReader.Agency.sourceReasonContents' does not depend on any axioms
'CoreReader.Agency.reasonsFor' depends on axioms: [propext]
'CoreReader.Agency.assessInquiry' depends on axioms: [propext]
'CoreReader.Agency.finiteMethodResult' depends on axioms: [propext]
'CoreReader.Agency.finiteMethodMeaning' depends on axioms: [propext]
'CoreReader.Agency.ownSubjects' does not depend on any axioms
'CoreReader.Agency.generationEligible' depends on axioms: [propext]
'CoreReader.Agency.generatingRule' depends on axioms: [propext]
'CoreReader.Agency.assessingRule' depends on axioms: [propext]
'CoreReader.Agency.ownRules' depends on axioms: [propext]
'CoreReader.Agency.statedOutcome' depends on axioms: [propext]
'CoreReader.Agency.recordFor' depends on axioms: [propext]
'CoreReader.Agency.reasonsFor_nonempty' depends on axioms: [propext]
'CoreReader.Agency.reasonsFor_target' depends on axioms: [propext, Quot.sound.{u}]
'CoreReader.Agency.inquiryFor_target' depends on axioms: [propext]
'CoreReader.Agency.ownContentEvaluates' depends on axioms: [propext]
'CoreReader.Agency.ownRegistryCoherent' depends on axioms: [propext]
'CoreReader.Agency.ownTargetResolved' depends on axioms: [propext, Quot.sound.{u}]
'CoreReader.Agency.ownTargetContent' depends on axioms: [propext, Quot.sound.{u}]
'CoreReader.Agency.ownRecordValid' depends on axioms: [propext, Quot.sound.{u}]
'CoreReader.Agency.completeOwnWork' depends on axioms: [propext]
'CoreReader.Agency.assessingRecord_member' depends on axioms: [propext, Quot.sound.{u}]
'CoreReader.Agency.generatingRecord_member' depends on axioms: [propext, Quot.sound.{u}]
'CoreReader.Agency.completeOwnWork_reflexive' depends on axioms: [propext, Quot.sound.{u}]
'CoreReader.Agency.ownAssessmentPerformed' depends on axioms: [propext, Quot.sound.{u}]
'CoreReader.Agency.applicationRule' depends on axioms: [propext]
'CoreReader.Agency.applicationWork' depends on axioms: [propext]
'CoreReader.Agency.applicationWork_reflexive' depends on axioms: [propext, Quot.sound.{u}]
'CoreReader.Agency.applicabilityRetained' depends on axioms: [propext, Classical.choice.{u}, Quot.sound.{u}]

exit_code=0
